2026-09-02 02:00:18,181 [ERROR] LogOutputStream:75 - [STDERR_REDIRECT] 
2026-09-02 02:00:40,293 [INFO] Activator:176 - 


2026-09-02 02:00:40,294 [INFO] Activator:177 - !SESSION log4j initialized
2026-09-02 02:00:45,835 [INFO] LogOutputStream:77 - [STDOUT_REDIRECT] 
2026-09-02 02:00:46,695 [ERROR] LogOutputStream:75 - [STDERR_REDIRECT] 
2026-09-02 02:00:49,640 [INFO] LogOutputStream:77 - [STDOUT_REDIRECT] 
2026-09-02 02:00:51,064 [INFO] ApplicationProperties:184 - Using Application install path: /Applications/STM32CubeIDE.app/Contents/Eclipse/plugins/com.st.stm32cube.common.mx_6.15.0.202507011659
2026-09-02 02:00:51,081 [INFO] DbMcusXml:78 - Set database path to: /Applications/STM32CubeIDE.app/Contents/Eclipse/plugins/com.st.stm32cube.common.mx_6.15.0.202507011659//db//mcu/
2026-09-02 02:00:51,081 [INFO] ApiDb:274 - Set plugin database path to: /Applications/STM32CubeIDE.app/Contents/Eclipse/plugins/com.st.stm32cube.common.mx_6.15.0.202507011659//db//plugins/boardmanager/
2026-09-02 02:00:51,082 [WARN] ApiDb:259 - Overriding images path with different value:  => /Applications/STM32CubeIDE.app/Contents/Eclipse/plugins/com.st.stm32cube.common.mx_6.15.0.202507011659//db//plugins/mcufinder/images/
2026-09-02 02:00:51,093 [INFO] ApiDb:250 - Set database path to: /Users/MAC/.stmcufinder/plugins/mcufinder//mcu/
2026-09-02 02:00:51,094 [INFO] DbMcusAds:125 - Set database path to: /Users/MAC/.stmcufinder/plugins/mcufinder//mcu/
2026-09-02 02:00:51,096 [INFO] CrossReferenceDbSqlite:203 - Set database path to: /Users/MAC/.stmcufinder/plugins/mcufinder//mcu/cs/
2026-09-02 02:00:51,246 [INFO] RulesReader:64 - Compatibility file has been processed (317 Rules)
2026-09-02 02:00:51,303 [INFO] DbMcusXml:78 - Set database path to: /Applications/STM32CubeIDE.app/Contents/Eclipse/plugins/com.st.stm32cube.common.mx_6.15.0.202507011659//db//mcu/
2026-09-02 02:00:51,303 [INFO] ApiDb:274 - Set plugin database path to: /Applications/STM32CubeIDE.app/Contents/Eclipse/plugins/com.st.stm32cube.common.mx_6.15.0.202507011659//db//plugins/boardmanager/
2026-09-02 02:00:51,303 [INFO] ApiDb:261 - Set plugin images path to: /Applications/STM32CubeIDE.app/Contents/Eclipse/plugins/com.st.stm32cube.common.mx_6.15.0.202507011659//db//plugins/mcufinder/images/
2026-09-02 02:00:51,304 [WARN] DbFile:41 - Overriding database path with different value: /Users/MAC/.stmcufinder/plugins/mcufinder/ => /Users/MAC/.stmcufinder/plugins/mcufinder
2026-09-02 02:00:51,304 [INFO] ApiDb:250 - Set database path to: /Users/MAC/.stmcufinder/plugins/mcufinder//mcu/
2026-09-02 02:00:51,304 [WARN] DbFile:41 - Overriding database path with different value: /Users/MAC/.stmcufinder/plugins/mcufinder/ => /Users/MAC/.stmcufinder/plugins/mcufinder
2026-09-02 02:00:51,304 [INFO] DbMcusAds:125 - Set database path to: /Users/MAC/.stmcufinder/plugins/mcufinder//mcu/
2026-09-02 02:00:51,304 [WARN] DbFile:41 - Overriding database path with different value: /Users/MAC/.stmcufinder/plugins/mcufinder/ => /Users/MAC/.stmcufinder/plugins/mcufinder
2026-09-02 02:00:51,305 [WARN] DbFile:41 - Overriding database path with different value: /Users/MAC/.stmcufinder/plugins/mcufinder/ => /Users/MAC/.stmcufinder/plugins/mcufinder
2026-09-02 02:00:51,305 [INFO] CrossReferenceDbSqlite:203 - Set database path to: /Users/MAC/.stmcufinder/plugins/mcufinder//mcu/cs/
2026-09-02 02:00:51,382 [INFO] MainPanel:274 - HeapMemory: 268435456
2026-09-02 02:00:51,933 [INFO] DbMcusXml:78 - Set database path to: /Applications/STM32CubeIDE.app/Contents/Eclipse/plugins/com.st.stm32cube.common.mx_6.15.0.202507011659//db//mcu/
2026-09-02 02:00:51,933 [INFO] ApiDb:274 - Set plugin database path to: /Applications/STM32CubeIDE.app/Contents/Eclipse/plugins/com.st.stm32cube.common.mx_6.15.0.202507011659//db//plugins/boardmanager/
2026-09-02 02:00:51,933 [INFO] ApiDb:261 - Set plugin images path to: /Applications/STM32CubeIDE.app/Contents/Eclipse/plugins/com.st.stm32cube.common.mx_6.15.0.202507011659//db//plugins/mcufinder/images/
2026-09-02 02:00:51,934 [WARN] DbFile:41 - Overriding database path with different value: /Users/MAC/.stmcufinder/plugins/mcufinder/ => /Users/MAC/.stmcufinder/plugins/mcufinder
2026-09-02 02:00:51,934 [INFO] ApiDb:250 - Set database path to: /Users/MAC/.stmcufinder/plugins/mcufinder//mcu/
2026-09-02 02:00:51,934 [WARN] DbFile:41 - Overriding database path with different value: /Users/MAC/.stmcufinder/plugins/mcufinder/ => /Users/MAC/.stmcufinder/plugins/mcufinder
2026-09-02 02:00:51,934 [INFO] DbMcusAds:125 - Set database path to: /Users/MAC/.stmcufinder/plugins/mcufinder//mcu/
2026-09-02 02:00:51,934 [WARN] DbFile:41 - Overriding database path with different value: /Users/MAC/.stmcufinder/plugins/mcufinder/ => /Users/MAC/.stmcufinder/plugins/mcufinder
2026-09-02 02:00:51,934 [WARN] DbFile:41 - Overriding database path with different value: /Users/MAC/.stmcufinder/plugins/mcufinder/ => /Users/MAC/.stmcufinder/plugins/mcufinder
2026-09-02 02:00:51,934 [INFO] CrossReferenceDbSqlite:203 - Set database path to: /Users/MAC/.stmcufinder/plugins/mcufinder//mcu/cs/
2026-09-02 02:00:51,950 [INFO] ApplicationProperties:184 - Using Application install path: /Applications/STM32CubeIDE.app/Contents/Eclipse/plugins/com.st.stm32cube.common.mx_6.15.0.202507011659
2026-09-02 02:00:51,951 [INFO] PluginManage:196 - Search for loadable plugins [exclusion list=, ]
2026-09-02 02:00:51,953 [INFO] PluginManage:310 - Check plugin analytics
2026-09-02 02:00:52,168 [INFO] AnalyticsPlugin:253 - Accepted Software Licenses: 
2026-09-02 02:00:52,168 [INFO] AnalyticsPlugin:255 - Accepted CMSIS Pack Licenses: 
2026-09-02 02:00:52,169 [INFO] AnalyticsPlugin:257 - Accepted Firmware Licenses: FW.F1.1.8.7,FW.F4.1.28.0
2026-09-02 02:00:52,173 [INFO] PluginManage:359 - Loaded plugin analytics (category:tool,tabindex:-1)
2026-09-02 02:00:52,174 [INFO] PluginManage:310 - Check plugin cadmodel
2026-09-02 02:00:52,188 [INFO] CADModel:105 - Init CAD model plugin
2026-09-02 02:00:52,188 [INFO] PluginManage:359 - Loaded plugin cadmodel (category:power,tabindex:5)
2026-09-02 02:00:52,188 [INFO] PluginManage:310 - Check plugin clock
2026-09-02 02:00:52,201 [INFO] PluginManage:359 - Loaded plugin clock (category:base,tabindex:2)
2026-09-02 02:00:52,201 [INFO] PluginManage:310 - Check plugin ddr
2026-09-02 02:00:52,204 [INFO] PluginManage:359 - Loaded plugin ddr (category:tool,tabindex:6)
2026-09-02 02:00:52,204 [INFO] PluginManage:310 - Check plugin filemanager
2026-09-02 02:00:52,385 [INFO] PluginManage:359 - Loaded plugin filemanager (category:base,tabindex:10)
2026-09-02 02:00:52,386 [INFO] PluginManage:310 - Check plugin ipmanager
2026-09-02 02:00:52,394 [INFO] PluginManage:359 - Loaded plugin ipmanager (category:base,tabindex:5)
2026-09-02 02:00:52,395 [INFO] PluginManage:310 - Check plugin lpbam
2026-09-02 02:00:52,405 [INFO] PluginManage:359 - Loaded plugin lpbam (category:base,tabindex:0)
2026-09-02 02:00:52,406 [INFO] PluginManage:310 - Check plugin memorymap
2026-09-02 02:00:52,420 [INFO] PluginManage:359 - Loaded plugin memorymap (category:base,tabindex:4)
2026-09-02 02:00:52,421 [INFO] PluginManage:310 - Check plugin pinoutandconfiguration
2026-09-02 02:00:52,428 [INFO] PluginManage:359 - Loaded plugin pinoutandconfiguration (category:base,tabindex:1)
2026-09-02 02:00:52,429 [INFO] PluginManage:310 - Check plugin pinoutconfig
2026-09-02 02:00:52,516 [WARN] SupportedApi:132 - Cannot load RTOS API schema: s4s-elt-must-match.1: The content of 'definitions' must match (annotation?, (simpleType | complexType)?, (unique | key | keyref)*)). A problem was found starting at: attribute.
2026-09-02 02:00:52,699 [INFO] PluginManage:359 - Loaded plugin pinoutconfig (category:base,tabindex:0)
2026-09-02 02:00:52,700 [INFO] PluginManage:310 - Check plugin power
2026-09-02 02:00:52,714 [INFO] PluginManage:359 - Loaded plugin power (category:power,tabindex:4)
2026-09-02 02:00:52,714 [INFO] PluginManage:310 - Check plugin projectmanager
2026-09-02 02:00:52,758 [INFO] PluginManage:359 - Loaded plugin projectmanager (category:projectmanager,tabindex:4)
2026-09-02 02:00:52,759 [INFO] PluginManage:310 - Check plugin rif
2026-09-02 02:00:52,771 [INFO] PluginManage:359 - Loaded plugin rif (category:base,tabindex:3)
2026-09-02 02:00:52,772 [INFO] PluginManage:310 - Check plugin thirdparty
2026-09-02 02:00:53,023 [INFO] PluginManage:359 - Loaded plugin thirdparty (category:base,tabindex:-1)
2026-09-02 02:00:53,023 [WARN] IntegrityCheckThread:84 - waiting for thirdparty lock release [integrity check]
2026-09-02 02:00:53,024 [INFO] PluginManage:310 - Check plugin tools
2026-09-02 02:00:53,025 [INFO] IntegrityCheckThread:86 - entering critical section [integrity check]
2026-09-02 02:00:53,025 [INFO] ThirdPartyUpdaterWithRetryManager:70 - Updater plugin not ready yet. [1/15]
2026-09-02 02:00:53,028 [INFO] PluginManage:359 - Loaded plugin tools (category:base,tabindex:7)
2026-09-02 02:00:53,028 [INFO] PluginManage:310 - Check plugin tutovideos
2026-09-02 02:00:53,219 [INFO] PluginManage:359 - Loaded plugin tutovideos (category:base,tabindex:-1)
2026-09-02 02:00:53,219 [INFO] PluginManage:310 - Check plugin updater
2026-09-02 02:00:53,250 [INFO] PluginManage:359 - Loaded plugin updater (category:base,tabindex:12)
2026-09-02 02:00:53,251 [INFO] PluginManage:310 - Check plugin userauth
2026-09-02 02:00:53,256 [INFO] UserAuth:118 - Init User Auth plugin
2026-09-02 02:00:53,258 [INFO] PluginManage:359 - Loaded plugin userauth (category:base,tabindex:14)
2026-09-02 02:00:53,258 [INFO] PluginManage:283 - PluginManage : Loaded plugins [18]
2026-09-02 02:00:53,484 [INFO] PinOutPanel:1589 - setPackage(No Configuration,No Configuration)
2026-09-02 02:00:53,569 [INFO] CADModel:165 - CPN selected for project level
2026-09-02 02:00:53,570 [INFO] CADModel:114 - Register for checkConnection events
2026-09-02 02:00:53,580 [INFO] IPUIPlugin:80 - create IPUIPlugin
2026-09-02 02:00:53,580 [INFO] PluginManager:220 - loadIPPluginJar : add mdma
2026-09-02 02:00:53,584 [INFO] IPUIPlugin:80 - create IPUIPlugin
2026-09-02 02:00:53,584 [INFO] PluginManager:220 - loadIPPluginJar : add freertos
2026-09-02 02:00:53,588 [INFO] IPUIPlugin:80 - create IPUIPlugin
2026-09-02 02:00:53,588 [INFO] PluginManager:220 - loadIPPluginJar : add gic
2026-09-02 02:00:53,595 [INFO] IPUIPlugin:80 - create IPUIPlugin
2026-09-02 02:00:53,595 [INFO] PluginManager:220 - loadIPPluginJar : add adc
2026-09-02 02:00:53,597 [INFO] IPUIPlugin:80 - create IPUIPlugin
2026-09-02 02:00:53,597 [INFO] PluginManager:220 - loadIPPluginJar : add gtzc
2026-09-02 02:00:53,599 [INFO] IPUIPlugin:80 - create IPUIPlugin
2026-09-02 02:00:53,599 [INFO] PluginManager:220 - loadIPPluginJar : add quadspi
2026-09-02 02:00:53,600 [INFO] IPUIPlugin:80 - create IPUIPlugin
2026-09-02 02:00:53,600 [INFO] PluginManager:220 - loadIPPluginJar : add aes
2026-09-02 02:00:53,602 [INFO] IPUIPlugin:80 - create IPUIPlugin
2026-09-02 02:00:53,602 [INFO] PluginManager:220 - loadIPPluginJar : add pdm2pcm
2026-09-02 02:00:53,603 [INFO] IPUIPlugin:80 - create IPUIPlugin
2026-09-02 02:00:53,603 [INFO] PluginManager:220 - loadIPPluginJar : add hash
2026-09-02 02:00:53,604 [INFO] IPUIPlugin:80 - create IPUIPlugin
2026-09-02 02:00:53,604 [INFO] PluginManager:220 - loadIPPluginJar : add tim
2026-09-02 02:00:53,605 [INFO] IPUIPlugin:80 - create IPUIPlugin
2026-09-02 02:00:53,606 [INFO] PluginManager:220 - loadIPPluginJar : add tsc
2026-09-02 02:00:53,607 [INFO] IPUIPlugin:80 - create IPUIPlugin
2026-09-02 02:00:53,607 [INFO] PluginManager:220 - loadIPPluginJar : add extmemmanager
2026-09-02 02:00:53,609 [INFO] IPUIPlugin:80 - create IPUIPlugin
2026-09-02 02:00:53,609 [INFO] PluginManager:220 - loadIPPluginJar : add ts
2026-09-02 02:00:53,610 [INFO] IPUIPlugin:80 - create IPUIPlugin
2026-09-02 02:00:53,610 [INFO] PluginManager:220 - loadIPPluginJar : add radio
2026-09-02 02:00:53,612 [INFO] IPUIPlugin:80 - create IPUIPlugin
2026-09-02 02:00:53,612 [INFO] PluginManager:220 - loadIPPluginJar : add can
2026-09-02 02:00:53,613 [INFO] IPUIPlugin:80 - create IPUIPlugin
2026-09-02 02:00:53,613 [INFO] PluginManager:220 - loadIPPluginJar : add dma3
2026-09-02 02:00:53,614 [INFO] IPUIPlugin:80 - create IPUIPlugin
2026-09-02 02:00:53,614 [INFO] PluginManager:220 - loadIPPluginJar : add dfsdm
2026-09-02 02:00:53,615 [INFO] IPUIPlugin:80 - create IPUIPlugin
2026-09-02 02:00:53,615 [INFO] PluginManager:220 - loadIPPluginJar : add spi
2026-09-02 02:00:53,616 [INFO] IPUIPlugin:80 - create IPUIPlugin
2026-09-02 02:00:53,616 [INFO] PluginManager:220 - loadIPPluginJar : add gfxmmu
2026-09-02 02:00:53,617 [INFO] IPUIPlugin:80 - create IPUIPlugin
2026-09-02 02:00:53,617 [INFO] PluginManager:220 - loadIPPluginJar : add genericplugin
2026-09-02 02:00:53,618 [INFO] IPUIPlugin:80 - create IPUIPlugin
2026-09-02 02:00:53,618 [INFO] PluginManager:220 - loadIPPluginJar : add cryp
2026-09-02 02:00:53,620 [INFO] IPUIPlugin:80 - create IPUIPlugin
2026-09-02 02:00:53,621 [INFO] PluginManager:220 - loadIPPluginJar : add gpio
2026-09-02 02:00:53,623 [INFO] IPUIPlugin:80 - create IPUIPlugin
2026-09-02 02:00:53,623 [INFO] PluginManager:220 - loadIPPluginJar : add ddr_ctrl_phy
2026-09-02 02:00:53,624 [INFO] IPUIPlugin:80 - create IPUIPlugin
2026-09-02 02:00:53,624 [INFO] PluginManager:220 - loadIPPluginJar : add comp
2026-09-02 02:00:53,627 [INFO] IPUIPlugin:80 - create IPUIPlugin
2026-09-02 02:00:53,627 [INFO] PluginManager:220 - loadIPPluginJar : add tracer_emb
2026-09-02 02:00:53,629 [INFO] IPUIPlugin:80 - create IPUIPlugin
2026-09-02 02:00:53,629 [INFO] PluginManager:220 - loadIPPluginJar : add openamp
2026-09-02 02:00:53,632 [INFO] IPUIPlugin:80 - create IPUIPlugin
2026-09-02 02:00:53,632 [INFO] PluginManager:220 - loadIPPluginJar : add stm32_wpan
2026-09-02 02:00:53,636 [INFO] IPUIPlugin:80 - create IPUIPlugin
2026-09-02 02:00:53,638 [INFO] PluginManager:220 - loadIPPluginJar : add plateformsettings
2026-09-02 02:00:53,640 [INFO] IPUIPlugin:80 - create IPUIPlugin
2026-09-02 02:00:53,640 [INFO] PluginManager:220 - loadIPPluginJar : add ipddr
2026-09-02 02:00:53,642 [INFO] IPUIPlugin:80 - create IPUIPlugin
2026-09-02 02:00:53,642 [INFO] PluginManager:220 - loadIPPluginJar : add usart
2026-09-02 02:00:53,643 [INFO] IPUIPlugin:80 - create IPUIPlugin
2026-09-02 02:00:53,643 [INFO] PluginManager:220 - loadIPPluginJar : add ltdc
2026-09-02 02:00:53,645 [INFO] IPUIPlugin:80 - create IPUIPlugin
2026-09-02 02:00:53,645 [INFO] PluginManager:220 - loadIPPluginJar : add nvic
2026-09-02 02:00:53,646 [INFO] IPUIPlugin:80 - create IPUIPlugin
2026-09-02 02:00:53,646 [INFO] PluginManager:220 - loadIPPluginJar : add fatfs
2026-09-02 02:00:53,651 [INFO] IPUIPlugin:80 - create IPUIPlugin
2026-09-02 02:00:53,651 [INFO] PluginManager:220 - loadIPPluginJar : add linkedlist
2026-09-02 02:00:53,655 [INFO] IPUIPlugin:80 - create IPUIPlugin
2026-09-02 02:00:53,655 [INFO] PluginManager:220 - loadIPPluginJar : add dma
2026-09-02 02:00:53,657 [INFO] IPUIPlugin:80 - create IPUIPlugin
2026-09-02 02:00:53,657 [INFO] PluginManager:220 - loadIPPluginJar : add fmc
2026-09-02 02:00:53,658 [INFO] IPUIPlugin:80 - create IPUIPlugin
2026-09-02 02:00:53,658 [INFO] PluginManager:220 - loadIPPluginJar : add i2s
2026-09-02 02:00:53,659 [INFO] IPUIPlugin:80 - create IPUIPlugin
2026-09-02 02:00:53,660 [INFO] PluginManager:220 - loadIPPluginJar : add ucpd
2026-09-02 02:00:53,661 [INFO] IPUIPlugin:80 - create IPUIPlugin
2026-09-02 02:00:53,661 [INFO] PluginManager:220 - loadIPPluginJar : add lorawan
2026-09-02 02:00:53,663 [INFO] IPUIPlugin:80 - create IPUIPlugin
2026-09-02 02:00:53,663 [INFO] PluginManager:220 - loadIPPluginJar : add opamp
2026-09-02 02:00:53,664 [INFO] IPUIPlugin:80 - create IPUIPlugin
2026-09-02 02:00:53,664 [INFO] PluginManager:220 - loadIPPluginJar : add i3c
2026-09-02 02:00:53,666 [INFO] IPUIPlugin:80 - create IPUIPlugin
2026-09-02 02:00:53,666 [INFO] PluginManager:220 - loadIPPluginJar : add touchsensing
2026-09-02 02:00:53,668 [INFO] IPUIPlugin:80 - create IPUIPlugin
2026-09-02 02:00:53,668 [INFO] PluginManager:220 - loadIPPluginJar : add i2c
2026-09-02 02:00:53,670 [INFO] IPUIPlugin:80 - create IPUIPlugin
2026-09-02 02:00:53,670 [INFO] PluginManager:220 - loadIPPluginJar : add resmgrutility
2026-09-02 02:00:53,671 [INFO] IPUIPlugin:80 - create IPUIPlugin
2026-09-02 02:00:53,671 [INFO] PluginManager:220 - loadIPPluginJar : add sai
2026-09-02 02:00:53,673 [INFO] IPUIPlugin:80 - create IPUIPlugin
2026-09-02 02:00:53,673 [INFO] PluginManager:220 - loadIPPluginJar : add usbx
2026-09-02 02:00:53,798 [FATAL] Updater:351 - Updater called before beeing initialized
2026-09-02 02:00:53,851 [INFO] RulesReader:64 - Compatibility file has been processed (317 Rules)
2026-09-02 02:00:53,869 [INFO] RulesReader:64 - Compatibility file has been processed (317 Rules)
2026-09-02 02:00:53,880 [INFO] CADModel:165 - CPN selected for project level
2026-09-02 02:00:53,880 [INFO] CADModel:114 - Register for checkConnection events
2026-09-02 02:00:53,880 [FATAL] Updater:351 - Updater called before beeing initialized
2026-09-02 02:00:53,880 [ERROR] CADModel:125 - Updater not yet initialized, retry later 
2026-09-02 02:00:54,115 [FATAL] Updater:351 - Updater called before beeing initialized
2026-09-02 02:00:54,117 [INFO] CADModel:165 - CPN selected for project level
2026-09-02 02:00:54,117 [INFO] CADModel:114 - Register for checkConnection events
2026-09-02 02:00:54,117 [FATAL] Updater:351 - Updater called before beeing initialized
2026-09-02 02:00:54,117 [ERROR] CADModel:125 - Updater not yet initialized, retry later 
2026-09-02 02:00:54,119 [FATAL] Updater:351 - Updater called before beeing initialized
2026-09-02 02:00:54,297 [FATAL] Updater:351 - Updater called before beeing initialized
2026-09-02 02:00:54,301 [INFO] DbMcusAds:53 - JSON generation date=Wed Jul 15 16:44:54 ICT 2026 (1784108694001)
2026-09-02 02:00:54,301 [FATAL] Updater:351 - Updater called before beeing initialized
2026-09-02 02:00:54,353 [WARN] DetailPanel:346 - Failed to get advertising image, set to default
2026-09-02 02:00:54,428 [FATAL] Updater:351 - Updater called before beeing initialized
2026-09-02 02:00:54,432 [FATAL] Updater:351 - Updater called before beeing initialized
2026-09-02 02:00:54,433 [FATAL] Updater:351 - Updater called before beeing initialized
2026-09-02 02:00:54,433 [WARN] DetailPanel:346 - Failed to get advertising image, set to default
2026-09-02 02:00:54,436 [FATAL] Updater:351 - Updater called before beeing initialized
2026-09-02 02:00:54,494 [ERROR] Updater:1198 - MainUpdater not yet initialized. External WinMGr cannot be set.
2026-09-02 02:00:54,496 [INFO] Updater:1134 - Updater Version found : 6.15.0
2026-09-02 02:00:54,509 [INFO] ApplicationProperties:184 - Using Application install path: /Applications/STM32CubeIDE.app/Contents/Eclipse/plugins/com.st.stm32cube.common.mx_6.15.0.202507011659
2026-09-02 02:00:55,023 [INFO] MainUpdater:2872 - connection check result : 10
2026-09-02 02:00:55,024 [INFO] MainUpdater:3604 - Updater definition file requires update
2026-09-02 02:00:55,026 [INFO] MainUpdater:289 - Updater Check For Update Now.
2026-09-02 02:00:55,026 [INFO] MicroXplorer:498 - Change Database Version : DB.6.0.150
2026-09-02 02:00:55,042 [INFO] McuFinderGlobals:63 - Set McuFinder mode to 2 (CubeIDE integrated)
2026-09-02 02:00:55,043 [INFO] UserAuth:487 - Internet connection configuration mode: 1
2026-09-02 02:00:55,063 [INFO] JxBrowserEngine:152 - Initiate JxBrowser Engine with user profile folder
2026-09-02 02:00:55,260 [INFO] ServerAccessManage:452 - Complete download http(s) 200
2026-09-02 02:00:55,271 [INFO] ServerAccessManage:509 - Download File updaters.zip
2026-09-02 02:00:55,455 [INFO] FileExtend:248 - Unzip File : updaters.zip
2026-09-02 02:00:55,455 [INFO] FileExtend:263 - Standard Zip Deflate
2026-09-02 02:00:56,065 [WARN] MainUpdater:1193 - Updater busy. Cannot search thirdparties
2026-09-02 02:00:56,104 [INFO] ThirdPartyUpdaterWithRetryManager:96 - Updater plugin is busy. [1/15]
2026-09-02 02:00:56,441 [INFO] ServerAccessManage:452 - Complete download http(s) 200
2026-09-02 02:00:56,445 [INFO] ServerAccessManage:509 - Download File PacksControlFlags.xml
2026-09-02 02:00:56,912 [INFO] ServerAccessManage:452 - Complete download http(s) 200
2026-09-02 02:00:56,913 [INFO] ServerAccessManage:509 - Download File cubemx.pidx
2026-09-02 02:00:57,656 [INFO] ServerAccessManage:452 - Complete download http(s) 200
2026-09-02 02:00:57,657 [INFO] ServerAccessManage:509 - Download File STMicroelectronics.FP-SNS-STAIOTCFT.pdsc
2026-09-02 02:00:57,886 [INFO] McuFinderGlobals:63 - Set McuFinder mode to 2 (CubeIDE integrated)
2026-09-02 02:00:59,119 [WARN] MainUpdater:1193 - Updater busy. Cannot search thirdparties
2026-09-02 02:00:59,119 [INFO] ThirdPartyUpdaterWithRetryManager:96 - Updater plugin is busy. [2/15]
2026-09-02 02:01:00,481 [INFO] WebApp:169 - Instantiating new browser for Auth
2026-09-02 02:01:01,574 [WARN] PopulateThirdPartyThread:106 - Error when creating pack: /Users/MAC/.stm32cubemx/thirdparties/pdsc/STMicroelectronics.FP-SNS-STAIOTCFT.pdsc
2026-09-02 02:01:01,574 [INFO] PopulateThirdPartyThread:66 - Ending populate Thread
2026-09-02 02:01:01,575 [INFO] LoadServerUpdatesThread:375 - End of LoadServerUpdate Thread
2026-09-02 02:01:01,812 [INFO] CheckServerUpdateThread:120 - End of CheckServer Thread
2026-09-02 02:01:01,914 [INFO] MainUpdater:2872 - connection check result : 10
2026-09-02 02:01:01,915 [INFO] MainUpdater:2872 - connection check result : 10
2026-09-02 02:01:02,513 [INFO] WebApp:463 - Apply proxy settings
2026-09-02 02:01:02,528 [INFO] WebApp:508 - Chromium authenticates against Manually configured proxy
2026-09-02 02:01:02,549 [INFO] WebApp:516 - Username used for proxy authentication: 
2026-09-02 02:01:02,606 [INFO] WebApp:900 - Register for checkConnection events
2026-09-02 02:01:02,607 [INFO] WebApp:463 - Apply proxy settings
2026-09-02 02:01:02,613 [INFO] WebApp:508 - Chromium authenticates against Manually configured proxy
2026-09-02 02:01:02,614 [INFO] WebApp:516 - Username used for proxy authentication: 
2026-09-02 02:01:02,625 [WARN] PackLoader:240 - Cannot read IP mode file for STMicroelectronics.X-CUBE-AZRTOS-H7.3.5.0
2026-09-02 02:01:02,732 [WARN] PackLoader:240 - Cannot read IP mode file for STMicroelectronics.FP-SNS-MOTENVWB1.1.4.0
2026-09-02 02:01:02,780 [WARN] PackLoader:240 - Cannot read IP mode file for STMicroelectronics.FP-ATR-ASTRA1.2.0.3
2026-09-02 02:01:02,801 [WARN] PackLoader:240 - Cannot read IP mode file for STMicroelectronics.FP-ATR-ASTRA1.2.0.2
2026-09-02 02:01:02,815 [ERROR] Engine:466 - /Users/MAC/.stm32cubemx/thirdparties/pdsc/STMicroelectronics.X-CUBE-SMBUS.2.1.1.pdsc: PDSC version is not supported
2026-09-02 02:01:02,833 [WARN] PackLoader:240 - Cannot read IP mode file for STMicroelectronics.X-CUBE-SMBUS.2.1.0
2026-09-02 02:01:02,850 [WARN] PackLoader:240 - Cannot read IP mode file for STMicroelectronics.X-CUBE-ST60.1.0.0
2026-09-02 02:01:02,908 [INFO] WebApp:225 - Starting web application
2026-09-02 02:01:02,909 [INFO] WebApp:593 - Web application path used /Applications/STM32CubeIDE.app/Contents/Eclipse/plugins/com.st.stm32cube.common.mx_6.15.0.202507011659/db/plugins/mcufinder/reactClient1/index.html
2026-09-02 02:01:02,920 [WARN] PackLoader:240 - Cannot read IP mode file for STMicroelectronics.X-CUBE-AZRTOS-F7.1.1.0
2026-09-02 02:01:02,962 [WARN] PackLoader:240 - Cannot read IP mode file for STMicroelectronics.X-CUBE-FREERTOS.1.6.0
2026-09-02 02:01:02,994 [WARN] PackLoader:240 - Cannot read IP mode file for STMicroelectronics.FP-SNS-MOTENV1.5.1.0
2026-09-02 02:01:03,062 [INFO] MicroXplorer:468 - Change Database Path : 
2026-09-02 02:01:03,064 [INFO] MicroXplorer:498 - Change Database Version : DB.6.0.150
2026-09-02 02:01:03,092 [WARN] ThirdParty:871 - waiting for thirdparty lock release [close project]
2026-09-02 02:01:03,185 [WARN] PackLoader:240 - Cannot read IP mode file for STMicroelectronics.X-CUBE-AZRTOS-H7RS.1.3.0
2026-09-02 02:01:03,290 [WARN] PackLoader:240 - Cannot read IP mode file for WES.I-CUBE-Cesium.1.4.0
2026-09-02 02:01:03,441 [WARN] PackLoader:240 - Cannot read IP mode file for Infineon.AIROC-Wi-Fi-Bluetooth-STM32.1.7.1
2026-09-02 02:01:03,441 [INFO] WebApp:191 - Connection restablished
2026-09-02 02:01:03,572 [WARN] PackLoader:240 - Cannot read IP mode file for STMicroelectronics.X-CUBE-AZRTOS-H7.3.4.0
2026-09-02 02:01:03,618 [WARN] PackLoader:240 - Cannot read IP mode file for STMicroelectronics.X-CUBE-DISPLAY.3.0.0
2026-09-02 02:01:03,662 [WARN] PackLoader:240 - Cannot read IP mode file for STMicroelectronics.X-CUBE-GNSS1.7.1.1
2026-09-02 02:01:03,679 [WARN] PackLoader:240 - Cannot read IP mode file for STMicroelectronics.FP-SNS-MOTENVWB1.1.5.0
2026-09-02 02:01:03,705 [WARN] PackLoader:240 - Cannot read IP mode file for STMicroelectronics.X-CUBE-NFC10.1.0.0
2026-09-02 02:01:03,718 [WARN] PackLoader:240 - Cannot read IP mode file for STMicroelectronics.X-CUBE-ST60.1.1.0
2026-09-02 02:01:03,729 [WARN] PackLoader:240 - Cannot read IP mode file for emotas.I-CUBE-CANOPEN.1.3.0
2026-09-02 02:01:03,732 [ERROR] Engine:466 - /Users/MAC/.stm32cubemx/thirdparties/pdsc/STMicroelectronics.X-CUBE-WBA.1.1.0.pdsc: PDSC version is not supported
2026-09-02 02:01:03,742 [WARN] PackLoader:240 - Cannot read IP mode file for STMicroelectronics.FP-SNS-STBOX1.2.1.0
2026-09-02 02:01:03,751 [WARN] PackLoader:240 - Cannot read IP mode file for STMicroelectronics.FP-SNS-SMARTAG2.1.2.0
2026-09-02 02:01:03,757 [WARN] PackLoader:240 - Cannot read IP mode file for STMicroelectronics.FP-SNS-FLIGHT1.5.1.0
2026-09-02 02:01:03,793 [INFO] UserAuth:487 - Internet connection configuration mode: 1
2026-09-02 02:01:03,801 [INFO] LogOutputStream:77 - [STDOUT_REDIRECT] 1 : Invalid condition id : UX_CORESTACK_Condition cause : null
2026-09-02 02:01:03,805 [INFO] LogOutputStream:77 - [STDOUT_REDIRECT] 1 : Invalid condition id : UX_CORESTACK_Condition cause : null
2026-09-02 02:01:03,809 [INFO] LogOutputStream:77 - [STDOUT_REDIRECT] 1 : Invalid condition id : UX_CORESTACK_Condition cause : null
2026-09-02 02:01:03,810 [INFO] LogOutputStream:77 - [STDOUT_REDIRECT] 1 : Invalid condition id : UX_CORESTACK_Condition cause : null
2026-09-02 02:01:03,814 [INFO] LogOutputStream:77 - [STDOUT_REDIRECT] 1 : Invalid condition id : UX_CORESTACK_Condition cause : null
2026-09-02 02:01:03,846 [WARN] PackLoader:240 - Cannot read IP mode file for STMicroelectronics.X-CUBE-AZRTOS-WL.2.0.0
2026-09-02 02:01:03,893 [WARN] PackLoader:240 - Cannot read IP mode file for STMicroelectronics.FP-SNS-MOTENV1.5.0.0
2026-09-02 02:01:03,983 [WARN] PackLoader:240 - Cannot read IP mode file for STMicroelectronics.X-CUBE-AZRTOS-H7RS.1.2.0
2026-09-02 02:01:04,014 [WARN] PackLoader:240 - Cannot read IP mode file for WES.I-CUBE-Cesium.1.3.0
2026-09-02 02:01:04,040 [WARN] PackLoader:240 - Cannot read IP mode file for STMicroelectronics.X-CUBE-BLE2.3.3.0
2026-09-02 02:01:04,130 [WARN] PackLoader:240 - Cannot read IP mode file for STMicroelectronics.X-CUBE-NFC9.1.0.0
2026-09-02 02:01:04,154 [WARN] PackLoader:240 - Cannot read IP mode file for wolfSSL.I-CUBE-wolfSSL.5.8.2
2026-09-02 02:01:04,165 [WARN] PackLoader:240 - Cannot read IP mode file for STMicroelectronics.X-CUBE-BLE1.7.1.0
2026-09-02 02:01:04,171 [WARN] PackLoader:240 - Cannot read IP mode file for wolfSSL.I-CUBE-wolfMQTT.1.19.2
2026-09-02 02:01:04,179 [WARN] PackLoader:240 - Cannot read IP mode file for STMicroelectronics.X-CUBE-EEPRMA1.5.2.0
2026-09-02 02:01:04,194 [WARN] PackLoader:240 - Cannot read IP mode file for STMicroelectronics.FP-SNS-STAIOTCFT.1.1.0
2026-09-02 02:01:04,235 [WARN] PackLoader:240 - Cannot read IP mode file for STMicroelectronics.X-CUBE-AZRTOS-G0.1.1.0
2026-09-02 02:01:04,252 [WARN] PackLoader:240 - Cannot read IP mode file for STMicroelectronics.X-CUBE-SAFEA1.1.2.2
2026-09-02 02:01:04,263 [WARN] PackLoader:240 - Cannot read IP mode file for STMicroelectronics.X-CUBE-NFC4.3.0.0
2026-09-02 02:01:04,281 [WARN] PackLoader:240 - Cannot read IP mode file for EmbeddedOffice.I-CUBE-FS-RTOS.1.0.1
2026-09-02 02:01:04,289 [WARN] PackLoader:240 - Cannot read IP mode file for STMicroelectronics.X-CUBE-WB05N.2.0.0
2026-09-02 02:01:04,293 [WARN] PackLoader:240 - Cannot read IP mode file for wolfSSL.I-CUBE-wolfTPM.3.8.0
2026-09-02 02:01:04,300 [WARN] PackLoader:240 - Cannot read IP mode file for STMicroelectronics.X-CUBE-TCPP.4.2.0
2026-09-02 02:01:04,312 [WARN] PackLoader:240 - Cannot read IP mode file for RealThread.X-CUBE-RT-Thread_Nano.4.1.1
2026-09-02 02:01:04,316 [WARN] PackLoader:240 - Cannot read IP mode file for STMicroelectronics.FP-ATR-SIGFOX1.3.2.0
2026-09-02 02:01:04,324 [WARN] PackLoader:240 - Cannot read IP mode file for STMicroelectronics.X-CUBE-FREERTOS.1.5.0
2026-09-02 02:01:04,330 [WARN] PackLoader:240 - Cannot read IP mode file for ITTIA_DB.I-CUBE-ITTIADB.8.9.0
2026-09-02 02:01:04,340 [WARN] PackLoader:240 - Cannot read IP mode file for STMicroelectronics.X-CUBE-NFC6.3.2.0
2026-09-02 02:01:04,352 [WARN] PackLoader:240 - Cannot read IP mode file for STMicroelectronics.X-CUBE-ST67W61.1.0.0
2026-09-02 02:01:04,357 [WARN] PackLoader:240 - Cannot read IP mode file for STMicroelectronics.X-CUBE-AI.10.2.1
2026-09-02 02:01:04,367 [WARN] PackLoader:240 - Cannot read IP mode file for STMicroelectronics.X-CUBE-AI.10.2.0
2026-09-02 02:01:04,452 [WARN] PackLoader:240 - Cannot read IP mode file for STMicroelectronics.X-CUBE-MEMS1.12.1.0
2026-09-02 02:01:04,583 [WARN] PackLoader:240 - Cannot read IP mode file for SEGGER.I-CUBE-embOS.1.3.1
2026-09-02 02:01:04,644 [WARN] PackLoader:240 - Cannot read IP mode file for STMicroelectronics.X-CUBE-ALGOBUILD.1.4.0
2026-09-02 02:01:04,747 [WARN] PackLoader:240 - Cannot read IP mode file for STMicroelectronics.X-CUBE-MEMS1.11.3.0
2026-09-02 02:01:04,891 [ERROR] Engine:466 - /Users/MAC/.stm32cubemx/thirdparties/pdsc/STMicroelectronics.FP-SNS-STAIOTCFT.2.0.0.pdsc: PDSC version is not supported
2026-09-02 02:01:04,903 [WARN] PackLoader:240 - Cannot read IP mode file for STMicroelectronics.X-CUBE-NFC13.1.0.0
2026-09-02 02:01:04,915 [WARN] PackLoader:240 - Cannot read IP mode file for STMicroelectronics.X-CUBE-PM33A1.1.0.0
2026-09-02 02:01:04,944 [WARN] PackLoader:240 - Cannot read IP mode file for STMicroelectronics.X-CUBE-AZRTOS-F4.1.1.0
2026-09-02 02:01:04,953 [WARN] PackLoader:240 - Cannot read IP mode file for Avnet-IotConnect.X-CUBE-IoTC-DA16k-PMOD.1.0.0
2026-09-02 02:01:04,958 [WARN] PackLoader:240 - Cannot read IP mode file for STMicroelectronics.X-CUBE-ISPU.2.1.0
2026-09-02 02:01:05,009 [WARN] PackLoader:240 - Cannot read IP mode file for STMicroelectronics.X-CUBE-IPS.3.2.0
2026-09-02 02:01:05,041 [WARN] PackLoader:240 - Cannot read IP mode file for STMicroelectronics.eDS-WB_DPC_TT-BIDIR.2.1.1
2026-09-02 02:01:05,059 [WARN] PackLoader:240 - Cannot read IP mode file for STMicroelectronics.X-CUBE-NFC12.1.0.0
2026-09-02 02:01:05,111 [WARN] PackLoader:240 - Cannot read IP mode file for STMicroelectronics.X-CUBE-AZRTOS-L5.2.0.0
2026-09-02 02:01:05,132 [WARN] PackLoader:240 - Cannot read IP mode file for STMicroelectronics.X-CUBE-NFC6.3.1.0
2026-09-02 02:01:05,151 [WARN] PackLoader:240 - Cannot read IP mode file for STMicroelectronics.X-CUBE-ALGOBUILD.1.5.0
2026-09-02 02:01:05,161 [WARN] PackLoader:240 - Cannot read IP mode file for STMicroelectronics.eDS-WB_DPC_VIENNA.1.2.0
2026-09-02 02:01:05,247 [WARN] PackLoader:240 - Cannot read IP mode file for STMicroelectronics.X-CUBE-MEMS1.13.0.0
2026-09-02 02:01:05,315 [WARN] PackLoader:240 - Cannot read IP mode file for STMicroelectronics.eDS-WB_DPC_3PH2L-BIDIR.1.1.1
2026-09-02 02:01:05,319 [ERROR] Engine:466 - /Users/MAC/.stm32cubemx/thirdparties/pdsc/STMicroelectronics.X-CUBE-ST67W61.1.3.0.pdsc: PDSC version is not supported
2026-09-02 02:01:05,326 [WARN] PackLoader:240 - Cannot read IP mode file for STMicroelectronics.X-CUBE-FREERTOS.1.3.1
2026-09-02 02:01:05,332 [WARN] PackLoader:240 - Cannot read IP mode file for STMicroelectronics.X-CUBE-TOUCHGFX.4.26.1
2026-09-02 02:01:05,336 [WARN] PackLoader:240 - Cannot read IP mode file for STMicroelectronics.FP-SNS-STAIOTCFT.1.0.0
2026-09-02 02:01:05,342 [WARN] PackLoader:240 - Cannot read IP mode file for STMicroelectronics.X-CUBE-DPower.1.3.0
2026-09-02 02:01:05,366 [WARN] ConditionMgr:438 - getConditionDescription Invalid condition id : LAN8742 Phy interface Condition cause : null
2026-09-02 02:01:05,368 [WARN] PackLoader:240 - Cannot read IP mode file for STMicroelectronics.X-CUBE-AZRTOS-L4.2.0.0
2026-09-02 02:01:05,371 [WARN] ConditionMgr:1044 - genDependencies : Invalid condition id : LAN8742 Phy interface Condition cause : null
2026-09-02 02:01:05,372 [WARN] ConditionMgr:1044 - genDependencies : Invalid condition id : LAN8742 Phy interface Condition cause : null
2026-09-02 02:01:05,373 [WARN] ConditionMgr:1044 - genDependencies : Invalid condition id : LAN8742 Phy interface Condition cause : null
2026-09-02 02:01:05,382 [WARN] PackLoader:240 - Cannot read IP mode file for STMicroelectronics.X-CUBE-SFXS2LP1.4.0.0
2026-09-02 02:01:05,390 [WARN] PackLoader:240 - Cannot read IP mode file for STMicroelectronics.X-CUBE-WB05N.2.1.0
2026-09-02 02:01:05,408 [WARN] PackLoader:240 - Cannot read IP mode file for STMicroelectronics.X-CUBE-BLEMGR.4.1.0
2026-09-02 02:01:05,439 [WARN] ConditionMgr:438 - getConditionDescription Invalid condition id : UX DEVICE CLASS RTOS Condition cause : null
2026-09-02 02:01:05,440 [WARN] ConditionMgr:438 - getConditionDescription Invalid condition id : UX DEVICE CLASS RTOS Condition cause : null
2026-09-02 02:01:05,444 [WARN] PackLoader:240 - Cannot read IP mode file for STMicroelectronics.X-CUBE-AZRTOS-WB.2.0.0
2026-09-02 02:01:05,445 [WARN] ConditionMgr:1044 - genDependencies : Invalid condition id : UX DEVICE CLASS RTOS Condition cause : null
2026-09-02 02:01:05,445 [WARN] ConditionMgr:1044 - genDependencies : Invalid condition id : UX DEVICE CLASS RTOS Condition cause : null
2026-09-02 02:01:05,446 [WARN] ConditionMgr:1044 - genDependencies : Invalid condition id : UX DEVICE CLASS RTOS Condition cause : null
2026-09-02 02:01:05,447 [WARN] ConditionMgr:1044 - genDependencies : Invalid condition id : UX DEVICE CLASS RTOS Condition cause : null
2026-09-02 02:01:05,447 [WARN] ConditionMgr:1044 - genDependencies : Invalid condition id : UX DEVICE CLASS RTOS Condition cause : null
2026-09-02 02:01:05,453 [WARN] PackLoader:240 - Cannot read IP mode file for STMicroelectronics.X-CUBE-GNSS1.7.0.1
2026-09-02 02:01:05,456 [WARN] PackLoader:240 - Cannot read IP mode file for STMicroelectronics.X-CUBE-TOUCHGFX.4.25.0
2026-09-02 02:01:05,459 [WARN] ConditionMgr:438 - getConditionDescription Invalid condition id : Cortex-A Device cause : null
2026-09-02 02:01:05,472 [WARN] ConditionMgr:1044 - genDependencies : Invalid condition id : Cortex-A Device cause : null
2026-09-02 02:01:05,472 [WARN] ConditionMgr:1044 - genDependencies : Invalid condition id : Cortex-A Device cause : null
2026-09-02 02:01:05,472 [WARN] ConditionMgr:1044 - genDependencies : Invalid condition id : Cortex-A Device cause : null
2026-09-02 02:01:05,479 [WARN] PackLoader:240 - Cannot read IP mode file for STMicroelectronics.X-CUBE-STSE01.2.0.0
2026-09-02 02:01:05,491 [WARN] PackLoader:240 - Cannot read IP mode file for STMicroelectronics.X-CUBE-SUBG2.5.0.0
2026-09-02 02:01:05,518 [WARN] PackLoader:240 - Cannot read IP mode file for STMicroelectronics.X-CUBE-AZRTOS-H7RS.1.1.0
2026-09-02 02:01:05,525 [WARN] PackLoader:240 - Cannot read IP mode file for Cesanta.I-CUBE-Mongoose.7.13.0
2026-09-02 02:01:05,540 [WARN] PackLoader:240 - Cannot read IP mode file for STMicroelectronics.X-CUBE-AZRTOS-G4.2.0.0
2026-09-02 02:01:05,546 [WARN] PackLoader:240 - Cannot read IP mode file for wolfSSL.I-CUBE-wolfSSH.1.4.20
2026-09-02 02:01:05,549 [WARN] PackLoader:240 - Cannot read IP mode file for STMicroelectronics.X-CUBE-NFC7.2.0.0
2026-09-02 02:01:05,560 [WARN] PackLoader:240 - Cannot read IP mode file for STMicroelectronics.X-CUBE-IPS.3.1.0
2026-09-02 02:01:05,568 [ERROR] Engine:466 - /Users/MAC/.stm32cubemx/thirdparties/pdsc/STMicroelectronics.X-CUBE-BLEMGR.4.2.0.pdsc: PDSC version is not supported
2026-09-02 02:01:05,571 [WARN] PackLoader:240 - Cannot read IP mode file for STMicroelectronics.X-CUBE-ALS.1.0.2
2026-09-02 02:01:05,576 [WARN] PackLoader:240 - Cannot read IP mode file for portGmbH.I-Cube-SoM-uGOAL.1.1.0
2026-09-02 02:01:05,589 [WARN] PackLoader:240 - Cannot read IP mode file for STMicroelectronics.X-CUBE-TOF1.3.4.3
2026-09-02 02:01:05,601 [INFO] ThirdParty:978 - Integrity check success = true
2026-09-02 02:01:05,601 [INFO] IntegrityCheckThread:100 - exiting critical section [integrity check]
2026-09-02 02:01:05,601 [INFO] IntegrityCheckThread:103 - End integrity checks thread
2026-09-02 02:01:05,601 [INFO] ThirdParty:873 - entering critical section [close project]
2026-09-02 02:01:05,602 [INFO] ThirdParty:883 - exiting critical section [close project]
2026-09-02 02:01:05,609 [INFO] PinOutPanel:1589 - setPackage(No Configuration,No Configuration)
2026-09-02 02:01:05,616 [INFO] UtilMem:75 - Begin LoadConfig() Used Memory: 339698992 Bytes (580911104)
2026-09-02 02:01:05,619 [INFO] MicroXplorer:468 - Change Database Path : 
2026-09-02 02:01:05,619 [INFO] MicroXplorer:498 - Change Database Version : DB.6.0.150
2026-09-02 02:01:05,620 [INFO] OpenFileManager:355 - Change cursor
2026-09-02 02:01:05,719 [INFO] Mcu:2029 - Initializing MCU STM32F411V(C-E)Tx STM32F411VETx STM32F411VET6
2026-09-02 02:01:07,462 [INFO] Context:786 - Trying to add GPIOservice into a context  which must be forbidden
2026-09-02 02:01:08,158 [INFO] ImportTextPane:234 - (OptionalMessage_ERROR) Pin44 (VP_RIF_VS_RIF1) cannot be retrieved for this MCU
2026-09-02 02:01:08,329 [INFO] RtosManager:558 - Registered RTOS mode: class=CMSIS, group=RTOS, mode=CMSIS_V1, owner=FREERTOS
2026-09-02 02:01:08,330 [INFO] RtosManager:558 - Registered RTOS mode: class=CMSIS, group=RTOS2, mode=CMSIS_V2, owner=FREERTOS
2026-09-02 02:01:08,330 [INFO] RtosManager:558 - Registered RTOS mode: class=RTOS, group=Core, mode=CMSIS_V1, owner=FREERTOS
2026-09-02 02:01:08,330 [INFO] RtosManager:558 - Registered RTOS mode: class=RTOS, group=Core, mode=CMSIS_V2, owner=FREERTOS
2026-09-02 02:01:08,330 [WARN] ModelIntegratedComponent:184 - Missing modes for component STMicroelectronics:FreeRTOS:0.0.1:STMicroelectronics:RTOS:FreeRTOS:Core:::10.2.0:
2026-09-02 02:01:08,508 [WARN] ModelIntegratedComponent:63 - No mode defined for component null
2026-09-02 02:01:08,509 [WARN] ModelIntegratedComponent:63 - No mode defined for component null
2026-09-02 02:01:08,509 [WARN] ModelIntegratedComponent:63 - No mode defined for component null
2026-09-02 02:01:08,509 [WARN] ModelIntegratedComponent:63 - No mode defined for component null
2026-09-02 02:01:08,509 [WARN] ModelIntegratedComponent:63 - No mode defined for component null
2026-09-02 02:01:08,509 [WARN] ModelIntegratedComponent:63 - No mode defined for component null
2026-09-02 02:01:08,509 [WARN] ModelIntegratedComponent:63 - No mode defined for component null
2026-09-02 02:01:08,510 [WARN] ModelIntegratedComponent:63 - No mode defined for component null
2026-09-02 02:01:08,510 [WARN] ModelIntegratedComponent:63 - No mode defined for component null
2026-09-02 02:01:08,511 [WARN] ModelIntegratedComponent:63 - No mode defined for component null
2026-09-02 02:01:08,511 [WARN] ModelIntegratedComponent:63 - No mode defined for component null
2026-09-02 02:01:08,511 [WARN] ModelIntegratedComponent:63 - No mode defined for component null
2026-09-02 02:01:08,511 [WARN] ModelIntegratedComponent:63 - No mode defined for component null
2026-09-02 02:01:08,511 [WARN] ModelIntegratedComponent:63 - No mode defined for component null
2026-09-02 02:01:08,511 [WARN] ModelIntegratedComponent:63 - No mode defined for component null
2026-09-02 02:01:08,511 [WARN] ModelIntegratedComponent:63 - No mode defined for component null
2026-09-02 02:01:08,511 [WARN] ModelIntegratedComponent:63 - No mode defined for component null
2026-09-02 02:01:08,511 [WARN] ModelIntegratedComponent:63 - No mode defined for component null
2026-09-02 02:01:08,512 [WARN] ModelIntegratedComponent:63 - No mode defined for component null
2026-09-02 02:01:08,512 [WARN] ModelIntegratedComponent:63 - No mode defined for component null
2026-09-02 02:01:08,512 [WARN] ModelIntegratedComponent:63 - No mode defined for component null
2026-09-02 02:01:08,512 [WARN] ModelIntegratedComponent:63 - No mode defined for component null
2026-09-02 02:01:08,513 [WARN] ModelIntegratedComponent:63 - No mode defined for component null
2026-09-02 02:01:08,513 [WARN] ModelIntegratedComponent:63 - No mode defined for component null
2026-09-02 02:01:08,514 [WARN] ModelIntegratedComponent:63 - No mode defined for component null
2026-09-02 02:01:08,514 [WARN] ModelIntegratedComponent:63 - No mode defined for component null
2026-09-02 02:01:08,514 [WARN] ModelIntegratedComponent:63 - No mode defined for component null
2026-09-02 02:01:08,515 [WARN] ModelIntegratedComponent:63 - No mode defined for component null
2026-09-02 02:01:08,515 [WARN] ModelIntegratedComponent:63 - No mode defined for component null
2026-09-02 02:01:08,515 [WARN] ModelIntegratedComponent:63 - No mode defined for component null
2026-09-02 02:01:08,515 [WARN] ModelIntegratedComponent:63 - No mode defined for component null
2026-09-02 02:01:08,515 [WARN] ModelIntegratedComponent:63 - No mode defined for component null
2026-09-02 02:01:08,515 [WARN] ModelIntegratedComponent:63 - No mode defined for component null
2026-09-02 02:01:08,515 [WARN] ModelIntegratedComponent:63 - No mode defined for component null
2026-09-02 02:01:08,515 [WARN] ModelIntegratedComponent:63 - No mode defined for component null
2026-09-02 02:01:08,515 [WARN] ModelPack:524 - Component already loaded: STMicroelectronics:HAL Drivers:0.0.0:STMicroelectronics:Device:STMicro_Driver:XSPI:HAL::0.0.1:HAL_XSPI
2026-09-02 02:01:08,523 [WARN] ModelIntegratedComponent:182 - Modes not found for component STMicroelectronics:USB_DEVICE:1.0.0:STMicroelectronics:USB::USB Device:Audio HS::1.0:USB_DEVICE_1_0_RESTRICTED_HS
2026-09-02 02:01:08,523 [WARN] ModelIntegratedComponent:188 - Modes not found for component STMicroelectronics:USB_DEVICE:1.0.0:STMicroelectronics:USB::USB Device:Audio HS::1.0:USB_DEVICE_1_0_RESTRICTED_HS
2026-09-02 02:01:08,523 [WARN] ModelIntegratedComponent:182 - Modes not found for component STMicroelectronics:USB_DEVICE:1.0.0:STMicroelectronics:USB::USB Device:CDC HS::1.0:USB_DEVICE_1_0_RESTRICTED_HS
2026-09-02 02:01:08,523 [WARN] ModelIntegratedComponent:188 - Modes not found for component STMicroelectronics:USB_DEVICE:1.0.0:STMicroelectronics:USB::USB Device:CDC HS::1.0:USB_DEVICE_1_0_RESTRICTED_HS
2026-09-02 02:01:08,523 [WARN] ModelIntegratedComponent:182 - Modes not found for component STMicroelectronics:USB_DEVICE:1.0.0:STMicroelectronics:USB::USB Device:DFU HS::1.0:USB_DEVICE_1_0_RESTRICTED_HS
2026-09-02 02:01:08,523 [WARN] ModelIntegratedComponent:188 - Modes not found for component STMicroelectronics:USB_DEVICE:1.0.0:STMicroelectronics:USB::USB Device:DFU HS::1.0:USB_DEVICE_1_0_RESTRICTED_HS
2026-09-02 02:01:08,523 [WARN] ModelIntegratedComponent:182 - Modes not found for component STMicroelectronics:USB_DEVICE:1.0.0:STMicroelectronics:USB::USB Device:HID HS::1.0:USB_DEVICE_1_0_RESTRICTED_HS
2026-09-02 02:01:08,524 [WARN] ModelIntegratedComponent:188 - Modes not found for component STMicroelectronics:USB_DEVICE:1.0.0:STMicroelectronics:USB::USB Device:HID HS::1.0:USB_DEVICE_1_0_RESTRICTED_HS
2026-09-02 02:01:08,524 [WARN] ModelIntegratedComponent:182 - Modes not found for component STMicroelectronics:USB_DEVICE:1.0.0:STMicroelectronics:USB::USB Device:Custom HID HS::1.0:USB_DEVICE_1_0_RESTRICTED_HS
2026-09-02 02:01:08,524 [WARN] ModelIntegratedComponent:188 - Modes not found for component STMicroelectronics:USB_DEVICE:1.0.0:STMicroelectronics:USB::USB Device:Custom HID HS::1.0:USB_DEVICE_1_0_RESTRICTED_HS
2026-09-02 02:01:08,524 [WARN] ModelIntegratedComponent:182 - Modes not found for component STMicroelectronics:USB_DEVICE:1.0.0:STMicroelectronics:USB::USB Device:MSC HS::1.0:USB_DEVICE_1_0_RESTRICTED_HS
2026-09-02 02:01:08,524 [WARN] ModelIntegratedComponent:188 - Modes not found for component STMicroelectronics:USB_DEVICE:1.0.0:STMicroelectronics:USB::USB Device:MSC HS::1.0:USB_DEVICE_1_0_RESTRICTED_HS
2026-09-02 02:01:08,546 [WARN] ModelIntegratedComponent:182 - Modes not found for component STMicroelectronics:USB_HOST:1.0.0:STMicroelectronics:USB::USB Host:Audio HS::1.0:USB_HOST_1_0_RESTRICTED_HS
2026-09-02 02:01:08,547 [WARN] ModelIntegratedComponent:188 - Modes not found for component STMicroelectronics:USB_HOST:1.0.0:STMicroelectronics:USB::USB Host:Audio HS::1.0:USB_HOST_1_0_RESTRICTED_HS
2026-09-02 02:01:08,547 [WARN] ModelIntegratedComponent:182 - Modes not found for component STMicroelectronics:USB_HOST:1.0.0:STMicroelectronics:USB::USB Host:CDC HS::1.0:USB_HOST_1_0_RESTRICTED_HS
2026-09-02 02:01:08,547 [WARN] ModelIntegratedComponent:188 - Modes not found for component STMicroelectronics:USB_HOST:1.0.0:STMicroelectronics:USB::USB Host:CDC HS::1.0:USB_HOST_1_0_RESTRICTED_HS
2026-09-02 02:01:08,547 [WARN] ModelIntegratedComponent:182 - Modes not found for component STMicroelectronics:USB_HOST:1.0.0:STMicroelectronics:USB::USB Host:MSC HS::1.0:USB_HOST_1_0_RESTRICTED_HS
2026-09-02 02:01:08,547 [WARN] ModelIntegratedComponent:188 - Modes not found for component STMicroelectronics:USB_HOST:1.0.0:STMicroelectronics:USB::USB Host:MSC HS::1.0:USB_HOST_1_0_RESTRICTED_HS
2026-09-02 02:01:08,547 [WARN] ModelIntegratedComponent:182 - Modes not found for component STMicroelectronics:USB_HOST:1.0.0:STMicroelectronics:USB::USB Host:HID HS::1.0:USB_HOST_1_0_RESTRICTED_HS
2026-09-02 02:01:08,547 [WARN] ModelIntegratedComponent:188 - Modes not found for component STMicroelectronics:USB_HOST:1.0.0:STMicroelectronics:USB::USB Host:HID HS::1.0:USB_HOST_1_0_RESTRICTED_HS
2026-09-02 02:01:08,547 [WARN] ModelIntegratedComponent:182 - Modes not found for component STMicroelectronics:USB_HOST:1.0.0:STMicroelectronics:USB::USB Host:MTP HS::1.0:USB_HOST_1_0_RESTRICTED_HS
2026-09-02 02:01:08,547 [WARN] ModelIntegratedComponent:188 - Modes not found for component STMicroelectronics:USB_HOST:1.0.0:STMicroelectronics:USB::USB Host:MTP HS::1.0:USB_HOST_1_0_RESTRICTED_HS
2026-09-02 02:01:08,778 [INFO] ThirdPartyModel:298 - Start build external matchings
2026-09-02 02:01:09,388 [INFO] ThirdPartyModel:316 - End build external matchings
2026-09-02 02:01:11,773 [INFO] ApiDb:581 - Connected to CubeFinder SQLite database (/Users/MAC/.stmcufinder/plugins/mcufinder/mcu/cube-finder-db.db)
2026-09-02 02:01:11,862 [INFO] ApiDb:668 - CubeFinder database Data Model version=2.1
2026-09-02 02:01:11,864 [INFO] ApiDb:669 - CubeFinder database Configuration version=3.0.42
2026-09-02 02:01:11,870 [INFO] ApiDb:670 - CubeFinder database generation date=2026-08-04 (1785840812)
2026-09-02 02:01:11,870 [INFO] ApiDb:671 - CubeFinder database FW Pack versions=[FP-ATR-ASTRA1_V2.0.0, FP-SNS-FLIGHT1_V5.1.0, FP-SNS-MOTENV1_V5.1.0, FP-SNS-MOTENVWB1_V1.5.0, FP-SNS-SMARTAG2_V1.2.0, FP-SNS-STBOX1_V2.1.0, STM32Cube_FW_C0_V1.4.1, STM32Cube_FW_F4_V1.28.3, STM32Cube_FW_F7_V1.17.4, STM32Cube_FW_G0_V1.6.3, STM32Cube_FW_G4_V1.6.2, STM32Cube_FW_H5_V1.7.0, STM32Cube_FW_H7RS_V1.3.0, STM32Cube_FW_H7_V1.13.0, STM32Cube_FW_L0_V1.12.2, STM32Cube_FW_L4_V1.18.2, STM32Cube_FW_L5_V1.6.0, STM32Cube_FW_N6_V1.4.0, STM32Cube_FW_U0_V1.3.0, STM32Cube_FW_U3_V1.4.0, STM32Cube_FW_U5_V1.9.0, STM32Cube_FW_WB0_V1.5.0, STM32Cube_FW_WBA_V1.10.0, STM32Cube_FW_WB_V1.24.0, STM32Cube_FW_WL3_V1.5.0, STM32Cube_FW_WL_V1.6.0, X-CUBE-ALGOBUILD_V1.5.0, X-CUBE-ALS_V1.0.2, X-CUBE-AZRTOS-F4_V1.1.0, X-CUBE-AZRTOS-F7_V1.1.0, X-CUBE-AZRTOS-G0_V1.1.0, X-CUBE-AZRTOS-G4_V2.0.0, X-CUBE-AZRTOS-H7RS_V1.3.0, X-CUBE-AZRTOS-H7_V3.5.0, X-CUBE-AZRTOS-L4_V2.0.0, X-CUBE-AZRTOS-L5_V2.0.0, X-CUBE-AZRTOS-WB_V2.0.0, X-CUBE-AZRTOS-WL_V2.0.0, X-CUBE-BLE1_V7.1.0, X-CUBE-BLE2_V3.3.0, X-CUBE-BLEMGR_V4.2.0, X-CUBE-EEPRMA1_V5.2.0, X-CUBE-FREERTOS_V1.6.0, X-CUBE-GNSS1_V7.1.1, X-CUBE-MEMS1_V13.0.0, X-CUBE-NFC4_V3.0.0, X-CUBE-NFC7_V2.0.0, X-CUBE-SFXS2LP1_V4.0.0, X-CUBE-ST67W61_V1.3.0, X-CUBE-SUBG2_V5.0.0, X-CUBE-TOF1_V3.4.3]
2026-09-02 02:01:11,990 [INFO] DbBoardsSqlite:226 - include board P-NUCLEO-WB55-NUCLEO as a kit item of type 'Nucleo-64'
2026-09-02 02:01:11,991 [INFO] DbBoardsSqlite:226 - include board P-NUCLEO-WB55-USBDONGLE as a kit item of type 'Nucleo USB Dongle'
2026-09-02 02:01:11,991 [INFO] DbBoardsSqlite:226 - include board STEVAL-IDP005V1 as a kit item of type 'Evaluation Board'
2026-09-02 02:01:11,992 [INFO] DbBoardsSqlite:226 - include board STEVAL-IDP005V2 as a kit item of type 'Evaluation Board'
2026-09-02 02:01:12,191 [INFO] ApiDb:240 - Found 880 in-development CPN: [B-G473E-ZEST1S, B-WB1M-WPAN1, B-WBA5M-WPAN, B-WL5M-SUBG1, NUCLEO-C031C6, NUCLEO-C051C8, NUCLEO-C071RB, NUCLEO-C092RC, NUCLEO-H503RB, NUCLEO-H533RE, NUCLEO-H563ZI, NUCLEO-H7S3L8, NUCLEO-N657X0-Q, NUCLEO-U031R8, NUCLEO-U083RC, NUCLEO-U385RG-Q, NUCLEO-U545RE-Q, NUCLEO-U5A5ZJ-Q, NUCLEO-WB05KZ, NUCLEO-WB07CC, NUCLEO-WB09KE, NUCLEO-WBA52CG, NUCLEO-WBA55CG, NUCLEO-WL33CC1, NUCLEO-WL33CC2, STEVAL-PROTEUS1, STEVAL-SMARTAG2, STEVAL-STWINBX1, STM320518-EVAL, STM32C0116-DK, STM32C011D6Y3TR, STM32C011D6Y6TR, STM32C011F4P3, STM32C011F4P6, STM32C011F4U3, STM32C011F4U6TR, STM32C011F6P3, STM32C011F6P6, STM32C011F6U3, STM32C011F6U6TR, STM32C011J4M3, STM32C011J4M6, STM32C011J6M3, STM32C011J6M6, STM32C0316-DK, STM32C031C4T3, STM32C031C4T6, STM32C031C4U3, STM32C031C4U6, STM32C031C6T3, STM32C031C6T6, STM32C031C6U3, STM32C031C6U6, STM32C031F4P3, STM32C031F4P6, STM32C031F6P3, STM32C031F6P6, STM32C031G4U3, STM32C031G4U6, STM32C031G6U3, STM32C031G6U6, STM32C031K4T3, STM32C031K4T6, STM32C031K4U3, STM32C031K4U6, STM32C031K6T3, STM32C031K6T6, STM32C031K6U3, STM32C031K6U6, STM32C051C6T6, STM32C051C6U6, STM32C051C8T6, STM32C051C8U6, STM32C051D8Y6TR, STM32C051F6P6, STM32C051F8P6, STM32C051G6U6, STM32C051G8U6, STM32C051K6T6, STM32C051K6U6, STM32C051K8T6, STM32C071C8T6, STM32C071C8T6N, STM32C071C8U6, STM32C071C8U6N, STM32C071CBT6, STM32C071CBT6N, STM32C071CBU6, STM32C071CBU6N, STM32C071F8P6, STM32C071F8P6N, STM32C071FBP6, STM32C071FBP6N, STM32C071FBY6TR, STM32C071G8U6, STM32C071G8U6N, STM32C071GBU6, STM32C071GBU6N, STM32C071K8T6, STM32C071K8T6N, STM32C071K8U6, STM32C071K8U6N, STM32C071KBT6, STM32C071KBT6N, STM32C071KBU6, STM32C071KBU6N, STM32C071R8T6, STM32C071R8T6N, STM32C071RBI6N, STM32C071RBT6, STM32C071RBT6N, STM32C091CBT6, STM32C091CBU6, STM32C091CCT6, STM32C091CCU6, STM32C091ECY6TR, STM32C091FBP6, STM32C091FCP6, STM32C091GBU6, STM32C091GCU6, STM32C091KBT6, STM32C091KBU6, STM32C091KCT6, STM32C091KCU6, STM32C091RBT6, STM32C091RCI6, STM32C091RCT6, STM32C092CBT6, STM32C092CBU6, STM32C092CCT6, STM32C092CCU6, STM32C092ECY6TR, STM32C092FBP6, STM32C092FCP6, STM32C092GBU6, STM32C092GCU6, STM32C092KBT6, STM32C092KBU6, STM32C092KCT6, STM32C092KCU6, STM32C092RBT6, STM32C092RCI6, STM32C092RCT6, STM32G071K8TXN, STM32G071K8UXN, STM32G081GBU6N, STM32G081KBT6N, STM32G081KBUXN, STM32G0B1CCT6N, STM32G0B1KCT6, STM32G0B1NEY6TR, STM32G0B1RCT6N, STM32G0C1CCT6, STM32G0C1CCT6N, STM32G0C1CCU6N, STM32G0C1CET6N, STM32G0C1CEU6N, STM32G0C1KCT6, STM32G0C1NEY6TR, STM32G0C1RCI6N, STM32G0C1RCT6N, STM32G0C1REI6N, STM32G0C1RET6N, STM32G0C1VCI6, STM32G0C1VEI6, STM32G411C6T3, STM32G411C6T6, STM32G411C6U3, STM32G411C6U6, STM32G411C8T3, STM32G411C8T6, STM32G411C8U3, STM32G411C8U6, STM32G411CBT3, STM32G411CBT6, STM32G411CBU3, STM32G411CBU6, STM32G411K6T3, STM32G411K6T6, STM32G411K6U3, STM32G411K6U6, STM32G411K8T3, STM32G411K8T6, STM32G411K8U3, STM32G411K8U6, STM32G411KBT3, STM32G411KBT6, STM32G411KBU3, STM32G411KBU6, STM32G411M6T3, STM32G411M6T6, STM32G411M8T3, STM32G411M8T6, STM32G411MBT3, STM32G411MBT6, STM32G411R6T3, STM32G411R6T6, STM32G411R8T3, STM32G411R8T6, STM32G411RBT3, STM32G411RBT6, STM32G414CBT3, STM32G414CBT6, STM32G414CBU3, STM32G414CBU6, STM32G414CCT3, STM32G414CCT6, STM32G414CCU3, STM32G414CCU6, STM32G414MBT3, STM32G414MBT6, STM32G414MCT3, STM32G414MCT6, STM32G414RBT3, STM32G414RBT6, STM32G414RCT3, STM32G414RCT6, STM32G414VBT3, STM32G414VBT6, STM32G414VCT3, STM32G414VCT6, STM32G431CBT3Z, STM32G431RBT3Z, STM32G471CCT6, STM32G471CCU6, STM32G471CET3, STM32G471CET6, STM32G471CEU3, STM32G471CEU6, STM32G471MCT6, STM32G471MET3, STM32G471MET6, STM32G471MEY6TR, STM32G471QCT6, STM32G471QET3, STM32G471RCT6, STM32G471RET3, STM32G471RET6, STM32G471VCH6, STM32G471VCI6, STM32G471VCT6, STM32G471VEH3, STM32G471VEH6, STM32G471VEI3, STM32G471VEI6, STM32G471VET3, STM32G471VET6, STM32G473QET3Z, STM32G473RET3Z, STM32G474CCT6, STM32G491RET3Z, STM32H503CBT6, STM32H503CBU6, STM32H503EBY6TR, STM32H503KBU6, STM32H503RBT6, STM32H523CCT6, STM32H523CCU6, STM32H523CET6, STM32H523CEU6, STM32H523HEY6TR, STM32H523RCT6, STM32H523RET6, STM32H523VCI6, STM32H523VCT6, STM32H523VEI6, STM32H523VET6, STM32H523ZCJ6, STM32H523ZCT6, STM32H523ZEJ6, STM32H523ZET6, STM32H533CET6, STM32H533CEU6, STM32H533HEY6TR, STM32H533RET6, STM32H533VEI6, STM32H533VET6, STM32H533ZEJ6, STM32H533ZET6, STM32H562AGI6, STM32H562AII6, STM32H562IGK6, STM32H562IGT6, STM32H562IIK6, STM32H562IIT6, STM32H562RGT6, STM32H562RGV6, STM32H562RIT6, STM32H562RIV6, STM32H562VGT6, STM32H562VIT6, STM32H562ZGT6, STM32H562ZIT6, STM32H563AGI6, STM32H563AII3Q, STM32H563AII6, STM32H563IGK6, STM32H563IGT6, STM32H563IIK3Q, STM32H563IIK6, STM32H563IIT3Q, STM32H563IIT6, STM32H563MIY3QTR, STM32H563RGT6, STM32H563RGV6, STM32H563RIT6, STM32H563RIV6, STM32H563VGT6, STM32H563VIT3Q, STM32H563VIT6, STM32H563ZGT6, STM32H563ZIT3Q, STM32H563ZIT6, STM32H573AII3Q, STM32H573AII6, STM32H573I-DK, STM32H573IIK3Q, STM32H573IIK6, STM32H573IIT3Q, STM32H573IIT6, STM32H573MIY3QTR, STM32H573RIT6, STM32H573RIV6, STM32H573VIT3Q, STM32H573VIT6, STM32H573ZIT3Q, STM32H573ZIT6, STM32H7R3A8I6, STM32H7R3I8K6, STM32H7R3I8T6, STM32H7R3L8H6, STM32H7R3L8H6H, STM32H7R3R8V6, STM32H7R3V8H6, STM32H7R3V8T6, STM32H7R3V8Y6TR, STM32H7R3Z8J6, STM32H7R3Z8T6, STM32H7R7A8I6, STM32H7R7I8K6, STM32H7R7I8T6, STM32H7R7L8H6, STM32H7R7L8H6H, STM32H7R7Z8J6, STM32H7S3A8I6, STM32H7S3I8K6, STM32H7S3I8T6, STM32H7S3L8H6, STM32H7S3L8H6H, STM32H7S3R8V6, STM32H7S3V8H6, STM32H7S3V8T6, STM32H7S3V8Y6TR, STM32H7S3Z8J6, STM32H7S3Z8T6, STM32H7S78-DK, STM32H7S7A8I6, STM32H7S7I8K6, STM32H7S7I8T6, STM32H7S7L8H6, STM32H7S7L8H6H, STM32H7S7Z8J6, STM32L4R5QGI6STR, STM32MP131AAE3, STM32MP131AAF3, STM32MP131AAG3, STM32MP131CAE3, STM32MP131CAF3, STM32MP131CAG3, STM32MP131DAE7, STM32MP131DAF7, STM32MP131DAG7, STM32MP131FAE7, STM32MP131FAF7, STM32MP131FAG7, STM32MP133AAE3, STM32MP133AAF3, STM32MP133AAG3, STM32MP133CAE3, STM32MP133CAF3, STM32MP133CAG3, STM32MP133DAE7, STM32MP133DAF7, STM32MP133DAG7, STM32MP133FAE7, STM32MP133FAF7, STM32MP133FAG7, STM32MP135AAE3, STM32MP135AAF3, STM32MP135AAG3, STM32MP135CAE3, STM32MP135CAF3, STM32MP135CAG3, STM32MP135DAE7, STM32MP135DAF7, STM32MP135DAG7, STM32MP135F-DK, STM32MP135FAE7, STM32MP135FAF7, STM32MP135FAF7T, STM32MP135FAF7U, STM32MP135FAG7, STM32MP211AAL3, STM32MP211AAM3, STM32MP211AAN3, STM32MP211AAO3, STM32MP211CAL3, STM32MP211CAM3, STM32MP211CAN3, STM32MP211CAO3, STM32MP211DAL3, STM32MP211DAM3, STM32MP211DAN3, STM32MP211DAO3, STM32MP211FAL3, STM32MP211FAM3, STM32MP211FAN3, STM32MP211FAO3, STM32MP213AAL3, STM32MP213AAM3, STM32MP213AAN3, STM32MP213AAO3, STM32MP213CAL3, STM32MP213CAM3, STM32MP213CAN3, STM32MP213CAO3, STM32MP213DAL3, STM32MP213DAM3, STM32MP213DAN3, STM32MP213DAO3, STM32MP213FAL3, STM32MP213FAM3, STM32MP213FAN3, STM32MP213FAO3, STM32MP215AAL3, STM32MP215AAM3, STM32MP215AAN3, STM32MP215AAO3, STM32MP215CAL3, STM32MP215CAM3, STM32MP215CAN3, STM32MP215CAO3, STM32MP215DAL3, STM32MP215DAM3, STM32MP215DAN3, STM32MP215DAO3, STM32MP215F-DK, STM32MP215FAL3, STM32MP215FAM3, STM32MP215FAN3, STM32MP215FAO3, STM32MP231AAJ3, STM32MP231AAK3, STM32MP231AAL3, STM32MP231CAJ3, STM32MP231CAK3, STM32MP231CAL3, STM32MP231DAJ3, STM32MP231DAK3, STM32MP231DAL3, STM32MP231FAJ3, STM32MP231FAK3, STM32MP231FAL3, STM32MP233AAJ3, STM32MP233AAK3, STM32MP233AAL3, STM32MP233CAJ3, STM32MP233CAK3, STM32MP233CAL3, STM32MP233DAJ3, STM32MP233DAK3, STM32MP233DAL3, STM32MP233FAJ3, STM32MP233FAK3, STM32MP233FAL3, STM32MP235AAJ3, STM32MP235AAK3, STM32MP235AAL3, STM32MP235CAJ3, STM32MP235CAK3, STM32MP235CAL3, STM32MP235DAJ3, STM32MP235DAK3, STM32MP235DAL3, STM32MP235FAJ3, STM32MP235FAK3, STM32MP235FAL3, STM32MP251AAI3, STM32MP251AAK3, STM32MP251AAL3, STM32MP251CAI3, STM32MP251CAK3, STM32MP251CAL3, STM32MP251DAI3, STM32MP251DAK3, STM32MP251DAL3, STM32MP251FAI3, STM32MP251FAK3, STM32MP251FAL3, STM32MP253AAI3, STM32MP253AAK3, STM32MP253AAL3, STM32MP253CAI3, STM32MP253CAK3, STM32MP253CAL3, STM32MP253DAI3, STM32MP253DAK3, STM32MP253DAL3, STM32MP253FAI3, STM32MP253FAK3, STM32MP253FAL3, STM32MP255AAI3, STM32MP255AAK3, STM32MP255AAL3, STM32MP255CAI3, STM32MP255CAK3, STM32MP255CAL3, STM32MP255DAI3, STM32MP255DAK3, STM32MP255DAL3, STM32MP255FAI3, STM32MP255FAK3, STM32MP255FAL3, STM32MP257AAI3, STM32MP257AAK3, STM32MP257AAL3, STM32MP257CAI3, STM32MP257CAK3, STM32MP257CAL3, STM32MP257DAI3, STM32MP257DAK3, STM32MP257DAL3, STM32MP257F-DK, STM32MP257F-EV1, STM32MP257FAI3, STM32MP257FAK3, STM32MP257FAL3, STM32N645A0H3Q, STM32N645B0H3Q, STM32N645I0H3Q, STM32N645L0H3Q, STM32N645X0H3Q, STM32N645Z0H3Q, STM32N647A0H3Q, STM32N647B0H3Q, STM32N647I0H3Q, STM32N647L0H3Q, STM32N647X0H3Q, STM32N647Z0H3Q, STM32N655A0H3Q, STM32N655B0H3Q, STM32N655I0H3Q, STM32N655L0H3Q, STM32N655X0H3Q, STM32N655Z0H3Q, STM32N6570-DK, STM32N657A0H3Q, STM32N657B0H3Q, STM32N657I0H3Q, STM32N657L0H3Q, STM32N657X0H3Q, STM32N657Z0H3Q, STM32U031C6T6, STM32U031C6U6, STM32U031C8T6, STM32U031C8U6, STM32U031F4P6, STM32U031F6P6, STM32U031F8P6, STM32U031G6Y6TR, STM32U031G8Y6TR, STM32U031K4U6, STM32U031K6U6, STM32U031K8U6, STM32U031R6I6, STM32U031R6T6, STM32U031R8I6, STM32U031R8T6, STM32U073C8T6, STM32U073C8U6, STM32U073CBT6, STM32U073CBU6, STM32U073CCT6, STM32U073CCU6, STM32U073H8Y6TR, STM32U073HBY6TR, STM32U073HCY6TR, STM32U073K8U6, STM32U073KBU6, STM32U073KCU6, STM32U073M8I6, STM32U073M8T6, STM32U073MBI6, STM32U073MBT6, STM32U073MCI6, STM32U073MCT6, STM32U073R8I6, STM32U073R8T6, STM32U073RBI6, STM32U073RBT6, STM32U073RCI6, STM32U073RCT6, STM32U083C-DK, STM32U083CCT6, STM32U083CCU6, STM32U083HCY6TR, STM32U083KCU6, STM32U083MCI6, STM32U083MCT6, STM32U083RCI6, STM32U083RCT6, STM32U375CET6, STM32U375CET6Q, STM32U375CEU6, STM32U375CEU6Q, STM32U375CEY6QTR, STM32U375CGT6, STM32U375CGT6Q, STM32U375CGU6, STM32U375CGU6Q, STM32U375CGY6QTR, STM32U375KEU6, STM32U375KGU6, STM32U375REI6, STM32U375REI6Q, STM32U375RET6, STM32U375RET6Q, STM32U375REY6GTR, STM32U375REY6QTR, STM32U375RGI6, STM32U375RGI6Q, STM32U375RGT6, STM32U375RGT6Q, STM32U375RGY6GTR, STM32U375RGY6QTR, STM32U375VEI6, STM32U375VEI6Q, STM32U375VET6, STM32U375VET6Q, STM32U375VGI6, STM32U375VGI6Q, STM32U375VGT6, STM32U375VGT6Q, STM32U385CGT6, STM32U385CGT6Q, STM32U385CGU6, STM32U385CGU6Q, STM32U385CGY6QTR, STM32U385KGU6, STM32U385RGI6, STM32U385RGI6Q, STM32U385RGT6, STM32U385RGT6Q, STM32U385RGY6GTR, STM32U385RGY6QTR, STM32U385VGI6, STM32U385VGI6Q, STM32U385VGT6, STM32U385VGT6Q, STM32U535CBT6, STM32U535CBT6Q, STM32U535CBU6, STM32U535CBU6Q, STM32U535CCT6, STM32U535CCT6Q, STM32U535CCU6, STM32U535CCU6Q, STM32U535CET6, STM32U535CET6Q, STM32U535CEU6, STM32U535CEU6Q, STM32U535JEY6QTR, STM32U535NCY6QTR, STM32U535NEY6QTR, STM32U535RBI6, STM32U535RBI6Q, STM32U535RBT6, STM32U535RBT6Q, STM32U535RCI6, STM32U535RCI6Q, STM32U535RCT6, STM32U535RCT6Q, STM32U535REI6, STM32U535REI6Q, STM32U535RET6, STM32U535RET6Q, STM32U535VCI6, STM32U535VCI6Q, STM32U535VCT6, STM32U535VCT6Q, STM32U535VEI6, STM32U535VEI6Q, STM32U535VET6, STM32U535VET6Q, STM32U545CET6, STM32U545CET6Q, STM32U545CEU6, STM32U545CEU6Q, STM32U545JEY6QTR, STM32U545NEY6QTR, STM32U545REI6, STM32U545REI6Q, STM32U545RET6, STM32U545RET6Q, STM32U545VEI6, STM32U545VEI6Q, STM32U545VET6, STM32U545VET6Q, STM32U595AIH6, STM32U595AIH6Q, STM32U595AJH6, STM32U595AJH6Q, STM32U595QII6, STM32U595QII6Q, STM32U595QJI6, STM32U595QJI6Q, STM32U595RIT6, STM32U595RIT6Q, STM32U595RJT6, STM32U595RJT6Q, STM32U595VIT6, STM32U595VIT6Q, STM32U595VJT6, STM32U595VJT6Q, STM32U595ZIT6, STM32U595ZIT6Q, STM32U595ZIY6QTR, STM32U595ZJT6, STM32U595ZJT6Q, STM32U595ZJY6QTR, STM32U599BJY6QTR, STM32U599NIH6Q, STM32U599NJH6Q, STM32U599VIT6Q, STM32U599VJT6, STM32U599VJT6Q, STM32U599ZIT6Q, STM32U599ZIY6QTR, STM32U599ZJT6Q, STM32U599ZJY6QTR, STM32U5A5AJH6, STM32U5A5AJH6Q, STM32U5A5QII3Q , STM32U5A5QJI6, STM32U5A5QJI6Q, STM32U5A5RJT6, STM32U5A5RJT6Q, STM32U5A5VJT6, STM32U5A5VJT6Q, STM32U5A5ZJT6, STM32U5A5ZJT6Q, STM32U5A5ZJY6QTR, STM32U5A9BJY6QTR, STM32U5A9J-DK, STM32U5A9NJH6Q, STM32U5A9VJT6Q, STM32U5A9ZJT6Q, STM32U5A9ZJY6QTR, STM32U5F7VIT6, STM32U5F7VIT6Q, STM32U5F7VJT6, STM32U5F7VJT6Q, STM32U5F9BJY6QTR, STM32U5F9NJH6Q, STM32U5F9VIT6Q, STM32U5F9VJT6Q, STM32U5F9ZIJ6QTR, STM32U5F9ZIT6Q, STM32U5F9ZJJ6QTR, STM32U5F9ZJT6Q, STM32U5G7VJT6, STM32U5G7VJT6Q, STM32U5G9BJY6QTR, STM32U5G9J-DK1, STM32U5G9J-DK2, STM32U5G9NJH6Q, STM32U5G9VJT6Q, STM32U5G9ZJJ6QTR, STM32U5G9ZJT6Q, STM32WB05KZV6TR, STM32WB05KZV7TR, STM32WB05TZF6TR, STM32WB05TZF7TR, STM32WB06CCF6TR, STM32WB06CCF7TR, STM32WB06CCV6TR, STM32WB06CCV7TR, STM32WB06KCV6TR, STM32WB06KCV7TR, STM32WB07CCF6TR, STM32WB07CCF7TR, STM32WB07CCV6TR, STM32WB07CCV7TR, STM32WB07KCV6TR, STM32WB07KCV7TR, STM32WB09KEV6TR, STM32WB09KEV7TR, STM32WB09TEF6TR, STM32WB09TEF7TR, STM32WB1MMCH6, STM32WBA50KGU6, STM32WBA50KGU6TR, STM32WBA52CEU6, STM32WBA52CEU6TR, STM32WBA52CEU7, STM32WBA52CEU7TR, STM32WBA52CGU6, STM32WBA52CGU6TR, STM32WBA52CGU6U, STM32WBA52CGU7, STM32WBA52CGU7TR, STM32WBA52KEU6, STM32WBA52KEU6TR, STM32WBA52KGU6, STM32WBA52KGU6TR, STM32WBA54CEU6, STM32WBA54CEU6TR, STM32WBA54CEU7, STM32WBA54CEU7TR, STM32WBA54CGU6, STM32WBA54CGU6TR, STM32WBA54CGU7, STM32WBA54CGU7TR, STM32WBA54KEU6, STM32WBA54KEU6TR, STM32WBA54KEU7, STM32WBA54KEU7TR, STM32WBA54KGU6, STM32WBA54KGU6TR, STM32WBA54KGU7, STM32WBA54KGU7TR, STM32WBA55CEU6, STM32WBA55CEU6TR, STM32WBA55CEU7, STM32WBA55CEU7TR, STM32WBA55CGU6, STM32WBA55CGU6TR, STM32WBA55CGU6U, STM32WBA55CGU7, STM32WBA55CGU7TR, STM32WBA55G-DK1, STM32WBA55HEF6, STM32WBA55HEF7, STM32WBA55HGF6, STM32WBA55HGF7, STM32WBA55UEI6, STM32WBA55UEI6TR, STM32WBA55UEI7, STM32WBA55UEI7TR, STM32WBA55UGI6, STM32WBA55UGI6TR, STM32WBA55UGI7, STM32WBA55UGI7TR, STM32WBA5MMGH6TR, STM32WBA62MGF6, STM32WBA62MIF6, STM32WBA65MGF7, STM32WBA65MIF6, STM32WBA65MIF7, STM32WL30K8V6, STM32WL30KBV6, STM32WL31C8V6, STM32WL31CBV6, STM32WL31K8V6, STM32WL31KBV6, STM32WL33C8V6, STM32WL33C8V6X, STM32WL33CBV6, STM32WL33CBV6X, STM32WL33CCV6, STM32WL33CCV6A, STM32WL33CCV6X, STM32WL33K8V7, STM32WL33K8V7X, STM32WL33KBV7 , STM32WL33KBV7X, STM32WL33KCV7, STM32WL33KCV7X, STM32WL5MOCH6, STM32WL5MOCH6TR]
2026-09-02 02:01:12,199 [INFO] ApiDb:668 - CubeFinder database Data Model version=2.1
2026-09-02 02:01:12,199 [INFO] ApiDb:669 - CubeFinder database Configuration version=3.0.42
2026-09-02 02:01:12,200 [INFO] ApiDb:670 - CubeFinder database generation date=2026-08-04 (1785840812)
2026-09-02 02:01:12,200 [INFO] ApiDb:671 - CubeFinder database FW Pack versions=[FP-ATR-ASTRA1_V2.0.0, FP-SNS-FLIGHT1_V5.1.0, FP-SNS-MOTENV1_V5.1.0, FP-SNS-MOTENVWB1_V1.5.0, FP-SNS-SMARTAG2_V1.2.0, FP-SNS-STBOX1_V2.1.0, STM32Cube_FW_C0_V1.4.1, STM32Cube_FW_F4_V1.28.3, STM32Cube_FW_F7_V1.17.4, STM32Cube_FW_G0_V1.6.3, STM32Cube_FW_G4_V1.6.2, STM32Cube_FW_H5_V1.7.0, STM32Cube_FW_H7RS_V1.3.0, STM32Cube_FW_H7_V1.13.0, STM32Cube_FW_L0_V1.12.2, STM32Cube_FW_L4_V1.18.2, STM32Cube_FW_L5_V1.6.0, STM32Cube_FW_N6_V1.4.0, STM32Cube_FW_U0_V1.3.0, STM32Cube_FW_U3_V1.4.0, STM32Cube_FW_U5_V1.9.0, STM32Cube_FW_WB0_V1.5.0, STM32Cube_FW_WBA_V1.10.0, STM32Cube_FW_WB_V1.24.0, STM32Cube_FW_WL3_V1.5.0, STM32Cube_FW_WL_V1.6.0, X-CUBE-ALGOBUILD_V1.5.0, X-CUBE-ALS_V1.0.2, X-CUBE-AZRTOS-F4_V1.1.0, X-CUBE-AZRTOS-F7_V1.1.0, X-CUBE-AZRTOS-G0_V1.1.0, X-CUBE-AZRTOS-G4_V2.0.0, X-CUBE-AZRTOS-H7RS_V1.3.0, X-CUBE-AZRTOS-H7_V3.5.0, X-CUBE-AZRTOS-L4_V2.0.0, X-CUBE-AZRTOS-L5_V2.0.0, X-CUBE-AZRTOS-WB_V2.0.0, X-CUBE-AZRTOS-WL_V2.0.0, X-CUBE-BLE1_V7.1.0, X-CUBE-BLE2_V3.3.0, X-CUBE-BLEMGR_V4.2.0, X-CUBE-EEPRMA1_V5.2.0, X-CUBE-FREERTOS_V1.6.0, X-CUBE-GNSS1_V7.1.1, X-CUBE-MEMS1_V13.0.0, X-CUBE-NFC4_V3.0.0, X-CUBE-NFC7_V2.0.0, X-CUBE-SFXS2LP1_V4.0.0, X-CUBE-ST67W61_V1.3.0, X-CUBE-SUBG2_V5.0.0, X-CUBE-TOF1_V3.4.3]
2026-09-02 02:01:13,669 [INFO] ApiDb:240 - Found 880 in-development CPN: [B-G473E-ZEST1S, B-WB1M-WPAN1, B-WBA5M-WPAN, B-WL5M-SUBG1, NUCLEO-C031C6, NUCLEO-C051C8, NUCLEO-C071RB, NUCLEO-C092RC, NUCLEO-H503RB, NUCLEO-H533RE, NUCLEO-H563ZI, NUCLEO-H7S3L8, NUCLEO-N657X0-Q, NUCLEO-U031R8, NUCLEO-U083RC, NUCLEO-U385RG-Q, NUCLEO-U545RE-Q, NUCLEO-U5A5ZJ-Q, NUCLEO-WB05KZ, NUCLEO-WB07CC, NUCLEO-WB09KE, NUCLEO-WBA52CG, NUCLEO-WBA55CG, NUCLEO-WL33CC1, NUCLEO-WL33CC2, STEVAL-PROTEUS1, STEVAL-SMARTAG2, STEVAL-STWINBX1, STM320518-EVAL, STM32C0116-DK, STM32C011D6Y3TR, STM32C011D6Y6TR, STM32C011F4P3, STM32C011F4P6, STM32C011F4U3, STM32C011F4U6TR, STM32C011F6P3, STM32C011F6P6, STM32C011F6U3, STM32C011F6U6TR, STM32C011J4M3, STM32C011J4M6, STM32C011J6M3, STM32C011J6M6, STM32C0316-DK, STM32C031C4T3, STM32C031C4T6, STM32C031C4U3, STM32C031C4U6, STM32C031C6T3, STM32C031C6T6, STM32C031C6U3, STM32C031C6U6, STM32C031F4P3, STM32C031F4P6, STM32C031F6P3, STM32C031F6P6, STM32C031G4U3, STM32C031G4U6, STM32C031G6U3, STM32C031G6U6, STM32C031K4T3, STM32C031K4T6, STM32C031K4U3, STM32C031K4U6, STM32C031K6T3, STM32C031K6T6, STM32C031K6U3, STM32C031K6U6, STM32C051C6T6, STM32C051C6U6, STM32C051C8T6, STM32C051C8U6, STM32C051D8Y6TR, STM32C051F6P6, STM32C051F8P6, STM32C051G6U6, STM32C051G8U6, STM32C051K6T6, STM32C051K6U6, STM32C051K8T6, STM32C071C8T6, STM32C071C8T6N, STM32C071C8U6, STM32C071C8U6N, STM32C071CBT6, STM32C071CBT6N, STM32C071CBU6, STM32C071CBU6N, STM32C071F8P6, STM32C071F8P6N, STM32C071FBP6, STM32C071FBP6N, STM32C071FBY6TR, STM32C071G8U6, STM32C071G8U6N, STM32C071GBU6, STM32C071GBU6N, STM32C071K8T6, STM32C071K8T6N, STM32C071K8U6, STM32C071K8U6N, STM32C071KBT6, STM32C071KBT6N, STM32C071KBU6, STM32C071KBU6N, STM32C071R8T6, STM32C071R8T6N, STM32C071RBI6N, STM32C071RBT6, STM32C071RBT6N, STM32C091CBT6, STM32C091CBU6, STM32C091CCT6, STM32C091CCU6, STM32C091ECY6TR, STM32C091FBP6, STM32C091FCP6, STM32C091GBU6, STM32C091GCU6, STM32C091KBT6, STM32C091KBU6, STM32C091KCT6, STM32C091KCU6, STM32C091RBT6, STM32C091RCI6, STM32C091RCT6, STM32C092CBT6, STM32C092CBU6, STM32C092CCT6, STM32C092CCU6, STM32C092ECY6TR, STM32C092FBP6, STM32C092FCP6, STM32C092GBU6, STM32C092GCU6, STM32C092KBT6, STM32C092KBU6, STM32C092KCT6, STM32C092KCU6, STM32C092RBT6, STM32C092RCI6, STM32C092RCT6, STM32G071K8TXN, STM32G071K8UXN, STM32G081GBU6N, STM32G081KBT6N, STM32G081KBUXN, STM32G0B1CCT6N, STM32G0B1KCT6, STM32G0B1NEY6TR, STM32G0B1RCT6N, STM32G0C1CCT6, STM32G0C1CCT6N, STM32G0C1CCU6N, STM32G0C1CET6N, STM32G0C1CEU6N, STM32G0C1KCT6, STM32G0C1NEY6TR, STM32G0C1RCI6N, STM32G0C1RCT6N, STM32G0C1REI6N, STM32G0C1RET6N, STM32G0C1VCI6, STM32G0C1VEI6, STM32G411C6T3, STM32G411C6T6, STM32G411C6U3, STM32G411C6U6, STM32G411C8T3, STM32G411C8T6, STM32G411C8U3, STM32G411C8U6, STM32G411CBT3, STM32G411CBT6, STM32G411CBU3, STM32G411CBU6, STM32G411K6T3, STM32G411K6T6, STM32G411K6U3, STM32G411K6U6, STM32G411K8T3, STM32G411K8T6, STM32G411K8U3, STM32G411K8U6, STM32G411KBT3, STM32G411KBT6, STM32G411KBU3, STM32G411KBU6, STM32G411M6T3, STM32G411M6T6, STM32G411M8T3, STM32G411M8T6, STM32G411MBT3, STM32G411MBT6, STM32G411R6T3, STM32G411R6T6, STM32G411R8T3, STM32G411R8T6, STM32G411RBT3, STM32G411RBT6, STM32G414CBT3, STM32G414CBT6, STM32G414CBU3, STM32G414CBU6, STM32G414CCT3, STM32G414CCT6, STM32G414CCU3, STM32G414CCU6, STM32G414MBT3, STM32G414MBT6, STM32G414MCT3, STM32G414MCT6, STM32G414RBT3, STM32G414RBT6, STM32G414RCT3, STM32G414RCT6, STM32G414VBT3, STM32G414VBT6, STM32G414VCT3, STM32G414VCT6, STM32G431CBT3Z, STM32G431RBT3Z, STM32G471CCT6, STM32G471CCU6, STM32G471CET3, STM32G471CET6, STM32G471CEU3, STM32G471CEU6, STM32G471MCT6, STM32G471MET3, STM32G471MET6, STM32G471MEY6TR, STM32G471QCT6, STM32G471QET3, STM32G471RCT6, STM32G471RET3, STM32G471RET6, STM32G471VCH6, STM32G471VCI6, STM32G471VCT6, STM32G471VEH3, STM32G471VEH6, STM32G471VEI3, STM32G471VEI6, STM32G471VET3, STM32G471VET6, STM32G473QET3Z, STM32G473RET3Z, STM32G474CCT6, STM32G491RET3Z, STM32H503CBT6, STM32H503CBU6, STM32H503EBY6TR, STM32H503KBU6, STM32H503RBT6, STM32H523CCT6, STM32H523CCU6, STM32H523CET6, STM32H523CEU6, STM32H523HEY6TR, STM32H523RCT6, STM32H523RET6, STM32H523VCI6, STM32H523VCT6, STM32H523VEI6, STM32H523VET6, STM32H523ZCJ6, STM32H523ZCT6, STM32H523ZEJ6, STM32H523ZET6, STM32H533CET6, STM32H533CEU6, STM32H533HEY6TR, STM32H533RET6, STM32H533VEI6, STM32H533VET6, STM32H533ZEJ6, STM32H533ZET6, STM32H562AGI6, STM32H562AII6, STM32H562IGK6, STM32H562IGT6, STM32H562IIK6, STM32H562IIT6, STM32H562RGT6, STM32H562RGV6, STM32H562RIT6, STM32H562RIV6, STM32H562VGT6, STM32H562VIT6, STM32H562ZGT6, STM32H562ZIT6, STM32H563AGI6, STM32H563AII3Q, STM32H563AII6, STM32H563IGK6, STM32H563IGT6, STM32H563IIK3Q, STM32H563IIK6, STM32H563IIT3Q, STM32H563IIT6, STM32H563MIY3QTR, STM32H563RGT6, STM32H563RGV6, STM32H563RIT6, STM32H563RIV6, STM32H563VGT6, STM32H563VIT3Q, STM32H563VIT6, STM32H563ZGT6, STM32H563ZIT3Q, STM32H563ZIT6, STM32H573AII3Q, STM32H573AII6, STM32H573I-DK, STM32H573IIK3Q, STM32H573IIK6, STM32H573IIT3Q, STM32H573IIT6, STM32H573MIY3QTR, STM32H573RIT6, STM32H573RIV6, STM32H573VIT3Q, STM32H573VIT6, STM32H573ZIT3Q, STM32H573ZIT6, STM32H7R3A8I6, STM32H7R3I8K6, STM32H7R3I8T6, STM32H7R3L8H6, STM32H7R3L8H6H, STM32H7R3R8V6, STM32H7R3V8H6, STM32H7R3V8T6, STM32H7R3V8Y6TR, STM32H7R3Z8J6, STM32H7R3Z8T6, STM32H7R7A8I6, STM32H7R7I8K6, STM32H7R7I8T6, STM32H7R7L8H6, STM32H7R7L8H6H, STM32H7R7Z8J6, STM32H7S3A8I6, STM32H7S3I8K6, STM32H7S3I8T6, STM32H7S3L8H6, STM32H7S3L8H6H, STM32H7S3R8V6, STM32H7S3V8H6, STM32H7S3V8T6, STM32H7S3V8Y6TR, STM32H7S3Z8J6, STM32H7S3Z8T6, STM32H7S78-DK, STM32H7S7A8I6, STM32H7S7I8K6, STM32H7S7I8T6, STM32H7S7L8H6, STM32H7S7L8H6H, STM32H7S7Z8J6, STM32L4R5QGI6STR, STM32MP131AAE3, STM32MP131AAF3, STM32MP131AAG3, STM32MP131CAE3, STM32MP131CAF3, STM32MP131CAG3, STM32MP131DAE7, STM32MP131DAF7, STM32MP131DAG7, STM32MP131FAE7, STM32MP131FAF7, STM32MP131FAG7, STM32MP133AAE3, STM32MP133AAF3, STM32MP133AAG3, STM32MP133CAE3, STM32MP133CAF3, STM32MP133CAG3, STM32MP133DAE7, STM32MP133DAF7, STM32MP133DAG7, STM32MP133FAE7, STM32MP133FAF7, STM32MP133FAG7, STM32MP135AAE3, STM32MP135AAF3, STM32MP135AAG3, STM32MP135CAE3, STM32MP135CAF3, STM32MP135CAG3, STM32MP135DAE7, STM32MP135DAF7, STM32MP135DAG7, STM32MP135F-DK, STM32MP135FAE7, STM32MP135FAF7, STM32MP135FAF7T, STM32MP135FAF7U, STM32MP135FAG7, STM32MP211AAL3, STM32MP211AAM3, STM32MP211AAN3, STM32MP211AAO3, STM32MP211CAL3, STM32MP211CAM3, STM32MP211CAN3, STM32MP211CAO3, STM32MP211DAL3, STM32MP211DAM3, STM32MP211DAN3, STM32MP211DAO3, STM32MP211FAL3, STM32MP211FAM3, STM32MP211FAN3, STM32MP211FAO3, STM32MP213AAL3, STM32MP213AAM3, STM32MP213AAN3, STM32MP213AAO3, STM32MP213CAL3, STM32MP213CAM3, STM32MP213CAN3, STM32MP213CAO3, STM32MP213DAL3, STM32MP213DAM3, STM32MP213DAN3, STM32MP213DAO3, STM32MP213FAL3, STM32MP213FAM3, STM32MP213FAN3, STM32MP213FAO3, STM32MP215AAL3, STM32MP215AAM3, STM32MP215AAN3, STM32MP215AAO3, STM32MP215CAL3, STM32MP215CAM3, STM32MP215CAN3, STM32MP215CAO3, STM32MP215DAL3, STM32MP215DAM3, STM32MP215DAN3, STM32MP215DAO3, STM32MP215F-DK, STM32MP215FAL3, STM32MP215FAM3, STM32MP215FAN3, STM32MP215FAO3, STM32MP231AAJ3, STM32MP231AAK3, STM32MP231AAL3, STM32MP231CAJ3, STM32MP231CAK3, STM32MP231CAL3, STM32MP231DAJ3, STM32MP231DAK3, STM32MP231DAL3, STM32MP231FAJ3, STM32MP231FAK3, STM32MP231FAL3, STM32MP233AAJ3, STM32MP233AAK3, STM32MP233AAL3, STM32MP233CAJ3, STM32MP233CAK3, STM32MP233CAL3, STM32MP233DAJ3, STM32MP233DAK3, STM32MP233DAL3, STM32MP233FAJ3, STM32MP233FAK3, STM32MP233FAL3, STM32MP235AAJ3, STM32MP235AAK3, STM32MP235AAL3, STM32MP235CAJ3, STM32MP235CAK3, STM32MP235CAL3, STM32MP235DAJ3, STM32MP235DAK3, STM32MP235DAL3, STM32MP235FAJ3, STM32MP235FAK3, STM32MP235FAL3, STM32MP251AAI3, STM32MP251AAK3, STM32MP251AAL3, STM32MP251CAI3, STM32MP251CAK3, STM32MP251CAL3, STM32MP251DAI3, STM32MP251DAK3, STM32MP251DAL3, STM32MP251FAI3, STM32MP251FAK3, STM32MP251FAL3, STM32MP253AAI3, STM32MP253AAK3, STM32MP253AAL3, STM32MP253CAI3, STM32MP253CAK3, STM32MP253CAL3, STM32MP253DAI3, STM32MP253DAK3, STM32MP253DAL3, STM32MP253FAI3, STM32MP253FAK3, STM32MP253FAL3, STM32MP255AAI3, STM32MP255AAK3, STM32MP255AAL3, STM32MP255CAI3, STM32MP255CAK3, STM32MP255CAL3, STM32MP255DAI3, STM32MP255DAK3, STM32MP255DAL3, STM32MP255FAI3, STM32MP255FAK3, STM32MP255FAL3, STM32MP257AAI3, STM32MP257AAK3, STM32MP257AAL3, STM32MP257CAI3, STM32MP257CAK3, STM32MP257CAL3, STM32MP257DAI3, STM32MP257DAK3, STM32MP257DAL3, STM32MP257F-DK, STM32MP257F-EV1, STM32MP257FAI3, STM32MP257FAK3, STM32MP257FAL3, STM32N645A0H3Q, STM32N645B0H3Q, STM32N645I0H3Q, STM32N645L0H3Q, STM32N645X0H3Q, STM32N645Z0H3Q, STM32N647A0H3Q, STM32N647B0H3Q, STM32N647I0H3Q, STM32N647L0H3Q, STM32N647X0H3Q, STM32N647Z0H3Q, STM32N655A0H3Q, STM32N655B0H3Q, STM32N655I0H3Q, STM32N655L0H3Q, STM32N655X0H3Q, STM32N655Z0H3Q, STM32N6570-DK, STM32N657A0H3Q, STM32N657B0H3Q, STM32N657I0H3Q, STM32N657L0H3Q, STM32N657X0H3Q, STM32N657Z0H3Q, STM32U031C6T6, STM32U031C6U6, STM32U031C8T6, STM32U031C8U6, STM32U031F4P6, STM32U031F6P6, STM32U031F8P6, STM32U031G6Y6TR, STM32U031G8Y6TR, STM32U031K4U6, STM32U031K6U6, STM32U031K8U6, STM32U031R6I6, STM32U031R6T6, STM32U031R8I6, STM32U031R8T6, STM32U073C8T6, STM32U073C8U6, STM32U073CBT6, STM32U073CBU6, STM32U073CCT6, STM32U073CCU6, STM32U073H8Y6TR, STM32U073HBY6TR, STM32U073HCY6TR, STM32U073K8U6, STM32U073KBU6, STM32U073KCU6, STM32U073M8I6, STM32U073M8T6, STM32U073MBI6, STM32U073MBT6, STM32U073MCI6, STM32U073MCT6, STM32U073R8I6, STM32U073R8T6, STM32U073RBI6, STM32U073RBT6, STM32U073RCI6, STM32U073RCT6, STM32U083C-DK, STM32U083CCT6, STM32U083CCU6, STM32U083HCY6TR, STM32U083KCU6, STM32U083MCI6, STM32U083MCT6, STM32U083RCI6, STM32U083RCT6, STM32U375CET6, STM32U375CET6Q, STM32U375CEU6, STM32U375CEU6Q, STM32U375CEY6QTR, STM32U375CGT6, STM32U375CGT6Q, STM32U375CGU6, STM32U375CGU6Q, STM32U375CGY6QTR, STM32U375KEU6, STM32U375KGU6, STM32U375REI6, STM32U375REI6Q, STM32U375RET6, STM32U375RET6Q, STM32U375REY6GTR, STM32U375REY6QTR, STM32U375RGI6, STM32U375RGI6Q, STM32U375RGT6, STM32U375RGT6Q, STM32U375RGY6GTR, STM32U375RGY6QTR, STM32U375VEI6, STM32U375VEI6Q, STM32U375VET6, STM32U375VET6Q, STM32U375VGI6, STM32U375VGI6Q, STM32U375VGT6, STM32U375VGT6Q, STM32U385CGT6, STM32U385CGT6Q, STM32U385CGU6, STM32U385CGU6Q, STM32U385CGY6QTR, STM32U385KGU6, STM32U385RGI6, STM32U385RGI6Q, STM32U385RGT6, STM32U385RGT6Q, STM32U385RGY6GTR, STM32U385RGY6QTR, STM32U385VGI6, STM32U385VGI6Q, STM32U385VGT6, STM32U385VGT6Q, STM32U535CBT6, STM32U535CBT6Q, STM32U535CBU6, STM32U535CBU6Q, STM32U535CCT6, STM32U535CCT6Q, STM32U535CCU6, STM32U535CCU6Q, STM32U535CET6, STM32U535CET6Q, STM32U535CEU6, STM32U535CEU6Q, STM32U535JEY6QTR, STM32U535NCY6QTR, STM32U535NEY6QTR, STM32U535RBI6, STM32U535RBI6Q, STM32U535RBT6, STM32U535RBT6Q, STM32U535RCI6, STM32U535RCI6Q, STM32U535RCT6, STM32U535RCT6Q, STM32U535REI6, STM32U535REI6Q, STM32U535RET6, STM32U535RET6Q, STM32U535VCI6, STM32U535VCI6Q, STM32U535VCT6, STM32U535VCT6Q, STM32U535VEI6, STM32U535VEI6Q, STM32U535VET6, STM32U535VET6Q, STM32U545CET6, STM32U545CET6Q, STM32U545CEU6, STM32U545CEU6Q, STM32U545JEY6QTR, STM32U545NEY6QTR, STM32U545REI6, STM32U545REI6Q, STM32U545RET6, STM32U545RET6Q, STM32U545VEI6, STM32U545VEI6Q, STM32U545VET6, STM32U545VET6Q, STM32U595AIH6, STM32U595AIH6Q, STM32U595AJH6, STM32U595AJH6Q, STM32U595QII6, STM32U595QII6Q, STM32U595QJI6, STM32U595QJI6Q, STM32U595RIT6, STM32U595RIT6Q, STM32U595RJT6, STM32U595RJT6Q, STM32U595VIT6, STM32U595VIT6Q, STM32U595VJT6, STM32U595VJT6Q, STM32U595ZIT6, STM32U595ZIT6Q, STM32U595ZIY6QTR, STM32U595ZJT6, STM32U595ZJT6Q, STM32U595ZJY6QTR, STM32U599BJY6QTR, STM32U599NIH6Q, STM32U599NJH6Q, STM32U599VIT6Q, STM32U599VJT6, STM32U599VJT6Q, STM32U599ZIT6Q, STM32U599ZIY6QTR, STM32U599ZJT6Q, STM32U599ZJY6QTR, STM32U5A5AJH6, STM32U5A5AJH6Q, STM32U5A5QII3Q , STM32U5A5QJI6, STM32U5A5QJI6Q, STM32U5A5RJT6, STM32U5A5RJT6Q, STM32U5A5VJT6, STM32U5A5VJT6Q, STM32U5A5ZJT6, STM32U5A5ZJT6Q, STM32U5A5ZJY6QTR, STM32U5A9BJY6QTR, STM32U5A9J-DK, STM32U5A9NJH6Q, STM32U5A9VJT6Q, STM32U5A9ZJT6Q, STM32U5A9ZJY6QTR, STM32U5F7VIT6, STM32U5F7VIT6Q, STM32U5F7VJT6, STM32U5F7VJT6Q, STM32U5F9BJY6QTR, STM32U5F9NJH6Q, STM32U5F9VIT6Q, STM32U5F9VJT6Q, STM32U5F9ZIJ6QTR, STM32U5F9ZIT6Q, STM32U5F9ZJJ6QTR, STM32U5F9ZJT6Q, STM32U5G7VJT6, STM32U5G7VJT6Q, STM32U5G9BJY6QTR, STM32U5G9J-DK1, STM32U5G9J-DK2, STM32U5G9NJH6Q, STM32U5G9VJT6Q, STM32U5G9ZJJ6QTR, STM32U5G9ZJT6Q, STM32WB05KZV6TR, STM32WB05KZV7TR, STM32WB05TZF6TR, STM32WB05TZF7TR, STM32WB06CCF6TR, STM32WB06CCF7TR, STM32WB06CCV6TR, STM32WB06CCV7TR, STM32WB06KCV6TR, STM32WB06KCV7TR, STM32WB07CCF6TR, STM32WB07CCF7TR, STM32WB07CCV6TR, STM32WB07CCV7TR, STM32WB07KCV6TR, STM32WB07KCV7TR, STM32WB09KEV6TR, STM32WB09KEV7TR, STM32WB09TEF6TR, STM32WB09TEF7TR, STM32WB1MMCH6, STM32WBA50KGU6, STM32WBA50KGU6TR, STM32WBA52CEU6, STM32WBA52CEU6TR, STM32WBA52CEU7, STM32WBA52CEU7TR, STM32WBA52CGU6, STM32WBA52CGU6TR, STM32WBA52CGU6U, STM32WBA52CGU7, STM32WBA52CGU7TR, STM32WBA52KEU6, STM32WBA52KEU6TR, STM32WBA52KGU6, STM32WBA52KGU6TR, STM32WBA54CEU6, STM32WBA54CEU6TR, STM32WBA54CEU7, STM32WBA54CEU7TR, STM32WBA54CGU6, STM32WBA54CGU6TR, STM32WBA54CGU7, STM32WBA54CGU7TR, STM32WBA54KEU6, STM32WBA54KEU6TR, STM32WBA54KEU7, STM32WBA54KEU7TR, STM32WBA54KGU6, STM32WBA54KGU6TR, STM32WBA54KGU7, STM32WBA54KGU7TR, STM32WBA55CEU6, STM32WBA55CEU6TR, STM32WBA55CEU7, STM32WBA55CEU7TR, STM32WBA55CGU6, STM32WBA55CGU6TR, STM32WBA55CGU6U, STM32WBA55CGU7, STM32WBA55CGU7TR, STM32WBA55G-DK1, STM32WBA55HEF6, STM32WBA55HEF7, STM32WBA55HGF6, STM32WBA55HGF7, STM32WBA55UEI6, STM32WBA55UEI6TR, STM32WBA55UEI7, STM32WBA55UEI7TR, STM32WBA55UGI6, STM32WBA55UGI6TR, STM32WBA55UGI7, STM32WBA55UGI7TR, STM32WBA5MMGH6TR, STM32WBA62MGF6, STM32WBA62MIF6, STM32WBA65MGF7, STM32WBA65MIF6, STM32WBA65MIF7, STM32WL30K8V6, STM32WL30KBV6, STM32WL31C8V6, STM32WL31CBV6, STM32WL31K8V6, STM32WL31KBV6, STM32WL33C8V6, STM32WL33C8V6X, STM32WL33CBV6, STM32WL33CBV6X, STM32WL33CCV6, STM32WL33CCV6A, STM32WL33CCV6X, STM32WL33K8V7, STM32WL33K8V7X, STM32WL33KBV7 , STM32WL33KBV7X, STM32WL33KCV7, STM32WL33KCV7X, STM32WL5MOCH6, STM32WL5MOCH6TR]
2026-09-02 02:01:13,678 [INFO] DbMcus:218 - Found 5314 MCUs, 5126 are supported
2026-09-02 02:01:13,680 [INFO] ApiDb:423 - Load user favorites file /Users/MAC/.stm32cubeide/favorites.mcus.txt: 0 item(s)
2026-09-02 02:01:13,681 [INFO] ApiDb:427 - User favorites MCUs=[]
2026-09-02 02:01:13,681 [INFO] DbMcus:224 - Set 0 / 0 favorites MCUs
2026-09-02 02:01:14,212 [INFO] BoardInfo:889 - No configuration file found for board NUCLEO-H553ZG
2026-09-02 02:01:14,213 [INFO] DbBoards:161 - Board is not supported: NUCLEO-H553ZG
2026-09-02 02:01:14,215 [INFO] BoardInfo:889 - No configuration file found for board NUCLEO-H5E5ZJ
2026-09-02 02:01:14,215 [INFO] DbBoards:161 - Board is not supported: NUCLEO-H5E5ZJ
2026-09-02 02:01:14,255 [INFO] BoardInfo:889 - No configuration file found for board NUCLEO-U3C5ZI-Q
2026-09-02 02:01:14,255 [INFO] DbBoards:161 - Board is not supported: NUCLEO-U3C5ZI-Q
2026-09-02 02:01:14,266 [INFO] BoardInfo:889 - No configuration file found for board NUCLEO-WBA25CE1
2026-09-02 02:01:14,266 [INFO] DbBoards:161 - Board is not supported: NUCLEO-WBA25CE1
2026-09-02 02:01:14,273 [INFO] BoardInfo:889 - No configuration file found for board NUCLEO-WL3RKB1
2026-09-02 02:01:14,273 [INFO] DbBoards:161 - Board is not supported: NUCLEO-WL3RKB1
2026-09-02 02:01:14,274 [INFO] BoardInfo:889 - No configuration file found for board NUCLEO-WL3RKB2
2026-09-02 02:01:14,275 [INFO] DbBoards:161 - Board is not supported: NUCLEO-WL3RKB2
2026-09-02 02:01:14,281 [INFO] BoardInfo:889 - No configuration file found for board P-NUCLEO-WB55
2026-09-02 02:01:14,281 [INFO] DbBoards:161 - Kit is not supported: P-NUCLEO-WB55
2026-09-02 02:01:14,285 [INFO] BoardInfo:889 - No configuration file found for board STEVAL-BFA001V1B
2026-09-02 02:01:14,286 [INFO] DbBoards:161 - Kit is not supported: STEVAL-BFA001V1B
2026-09-02 02:01:14,287 [INFO] BoardInfo:889 - No configuration file found for board STEVAL-BFA001V2B
2026-09-02 02:01:14,287 [INFO] DbBoards:161 - Kit is not supported: STEVAL-BFA001V2B
2026-09-02 02:01:14,404 [INFO] BoardInfo:889 - No configuration file found for board STM32H5F5J-DK
2026-09-02 02:01:14,404 [INFO] DbBoards:161 - Board is not supported: STM32H5F5J-DK
2026-09-02 02:01:14,463 [INFO] DbBoards:168 - Found 219 boards, 209 are supported
2026-09-02 02:01:14,463 [INFO] DbBoards:169 - Found 219 boards, 43 of them is supported for  Bsp
2026-09-02 02:01:14,468 [INFO] ApiDb:423 - Load user favorites file /Users/MAC/.stm32cubeide/favorites.boards.txt: 0 item(s)
2026-09-02 02:01:14,469 [INFO] ApiDb:427 - User favorites Boards=[]
2026-09-02 02:01:14,469 [INFO] DbBoards:198 - Set 0 / 0 favorites Boards
2026-09-02 02:01:14,614 [INFO] UtilMem:75 - End LoadConfig() Used Memory: 251817064 Bytes (580911104)
2026-09-02 02:01:14,940 [WARN] ThirdParty:833 - waiting for thirdparty lock release [change project]
2026-09-02 02:01:14,943 [INFO] ThirdParty:835 - entering critical section [change project]
2026-09-02 02:01:14,945 [INFO] ThirdParty:1030 - CMSIS Pack Vendor :STMicroelectronics X-CUBE-AZRTOS-H7 3.5.0
2026-09-02 02:01:14,945 [INFO] ThirdParty:1030 - CMSIS Pack Vendor :STMicroelectronics X-CUBE-PM33A1 1.0.0
2026-09-02 02:01:14,945 [INFO] ThirdParty:1030 - CMSIS Pack Vendor :STMicroelectronics USBPD 4.1
2026-09-02 02:01:14,945 [INFO] ThirdParty:1030 - CMSIS Pack Vendor :STMicroelectronics USB_HOST 2.0.0
2026-09-02 02:01:14,945 [INFO] ThirdParty:1030 - CMSIS Pack Vendor :STMicroelectronics FP-SNS-MOTENVWB1 1.4.0
2026-09-02 02:01:14,945 [INFO] ThirdParty:1030 - CMSIS Pack Vendor :STMicroelectronics FP-ATR-ASTRA1 2.0.3
2026-09-02 02:01:14,945 [INFO] ThirdParty:1030 - CMSIS Pack Vendor :STMicroelectronics X-CUBE-AZRTOS-F4 1.1.0
2026-09-02 02:01:14,945 [INFO] ThirdParty:1030 - CMSIS Pack Vendor :STMicroelectronics LIBJPEG 8.0.0
2026-09-02 02:01:14,945 [INFO] ThirdParty:1030 - CMSIS Pack Vendor :STMicroelectronics FP-ATR-ASTRA1 2.0.2
2026-09-02 02:01:14,945 [INFO] ThirdParty:1030 - CMSIS Pack Vendor :Avnet-IotConnect X-CUBE-IoTC-DA16k-PMOD 1.0.0
2026-09-02 02:01:14,945 [INFO] ThirdParty:1030 - CMSIS Pack Vendor :STMicroelectronics X-CUBE-SMBUS 2.1.0
2026-09-02 02:01:14,945 [INFO] ThirdParty:1030 - CMSIS Pack Vendor :STMicroelectronics X-CUBE-ISPU 2.1.0
2026-09-02 02:01:14,945 [INFO] ThirdParty:1030 - CMSIS Pack Vendor :STMicroelectronics X-CUBE-IPS 3.2.0
2026-09-02 02:01:14,945 [INFO] ThirdParty:1030 - CMSIS Pack Vendor :STMicroelectronics eDS-WB_DPC_TT-BIDIR 2.1.1
2026-09-02 02:01:14,945 [INFO] ThirdParty:1030 - CMSIS Pack Vendor :STMicroelectronics X-CUBE-ST60 1.0.0
2026-09-02 02:01:14,945 [INFO] ThirdParty:1030 - CMSIS Pack Vendor :STMicroelectronics X-CUBE-NFC12 1.0.0
2026-09-02 02:01:14,945 [INFO] ThirdParty:1030 - CMSIS Pack Vendor :STMicroelectronics X-CUBE-AZRTOS-F7 1.1.0
2026-09-02 02:01:14,945 [INFO] ThirdParty:1030 - CMSIS Pack Vendor :STMicroelectronics X-CUBE-AZRTOS-L5 2.0.0
2026-09-02 02:01:14,945 [INFO] ThirdParty:1030 - CMSIS Pack Vendor :STMicroelectronics USB_DEVICE 2.0.0
2026-09-02 02:01:14,945 [INFO] ThirdParty:1030 - CMSIS Pack Vendor :STMicroelectronics X-CUBE-FREERTOS 1.6.0
2026-09-02 02:01:14,945 [INFO] ThirdParty:1030 - CMSIS Pack Vendor :STMicroelectronics X-CUBE-NFC6 3.1.0
2026-09-02 02:01:14,945 [INFO] ThirdParty:1030 - CMSIS Pack Vendor :STMicroelectronics X-CUBE-ALGOBUILD 1.5.0
2026-09-02 02:01:14,945 [INFO] ThirdParty:1030 - CMSIS Pack Vendor :STMicroelectronics FP-SNS-MOTENV1 5.1.0
2026-09-02 02:01:14,945 [INFO] ThirdParty:1030 - CMSIS Pack Vendor :STMicroelectronics FreeRTOS 0.0.1
2026-09-02 02:01:14,945 [INFO] ThirdParty:1030 - CMSIS Pack Vendor :STMicroelectronics X-CUBE-AZRTOS-H7RS 1.3.0
2026-09-02 02:01:14,945 [INFO] ThirdParty:1030 - CMSIS Pack Vendor :STMicroelectronics eDS-WB_DPC_VIENNA 1.2.0
2026-09-02 02:01:14,946 [INFO] ThirdParty:1030 - CMSIS Pack Vendor :WES I-CUBE-Cesium 1.4.0
2026-09-02 02:01:14,946 [INFO] ThirdParty:1030 - CMSIS Pack Vendor :STMicroelectronics X-CUBE-MEMS1 13.0.0
2026-09-02 02:01:14,946 [INFO] ThirdParty:1030 - CMSIS Pack Vendor :STMicroelectronics eDS-WB_DPC_3PH2L-BIDIR 1.1.1
2026-09-02 02:01:14,946 [INFO] ThirdParty:1030 - CMSIS Pack Vendor :Infineon AIROC-Wi-Fi-Bluetooth-STM32 1.7.1
2026-09-02 02:01:14,946 [INFO] ThirdParty:1030 - CMSIS Pack Vendor :STMicroelectronics PDM2PCM 3.3.0
2026-09-02 02:01:14,946 [INFO] ThirdParty:1030 - CMSIS Pack Vendor :STMicroelectronics X-CUBE-AZRTOS-H7 3.4.0
2026-09-02 02:01:14,946 [INFO] ThirdParty:1030 - CMSIS Pack Vendor :STMicroelectronics X-CUBE-DISPLAY 3.0.0
2026-09-02 02:01:14,946 [INFO] ThirdParty:1030 - CMSIS Pack Vendor :STMicroelectronics X-CUBE-GNSS1 7.1.1
2026-09-02 02:01:14,946 [INFO] ThirdParty:1030 - CMSIS Pack Vendor :STMicroelectronics FP-SNS-MOTENVWB1 1.5.0
2026-09-02 02:01:14,946 [INFO] ThirdParty:1030 - CMSIS Pack Vendor :STMicroelectronics X-CUBE-NFC10 1.0.0
2026-09-02 02:01:14,946 [INFO] ThirdParty:1030 - CMSIS Pack Vendor :STMicroelectronics X-CUBE-FREERTOS 1.3.1
2026-09-02 02:01:14,946 [INFO] ThirdParty:1030 - CMSIS Pack Vendor :STMicroelectronics HAL Drivers 0.0.0
2026-09-02 02:01:14,946 [INFO] ThirdParty:1030 - CMSIS Pack Vendor :STMicroelectronics X-CUBE-ST60 1.1.0
2026-09-02 02:01:14,946 [INFO] ThirdParty:1030 - CMSIS Pack Vendor :emotas I-CUBE-CANOPEN 1.3.0
2026-09-02 02:01:14,946 [INFO] ThirdParty:1030 - CMSIS Pack Vendor :STMicroelectronics MBEDTLS 2.14.1
2026-09-02 02:01:14,946 [INFO] ThirdParty:1030 - CMSIS Pack Vendor :STMicroelectronics X-CUBE-TOUCHGFX 4.26.1
2026-09-02 02:01:14,946 [INFO] ThirdParty:1030 - CMSIS Pack Vendor :STMicroelectronics FP-SNS-STBOX1 2.1.0
2026-09-02 02:01:14,946 [INFO] ThirdParty:1030 - CMSIS Pack Vendor :STMicroelectronics FP-SNS-STAIOTCFT 1.0.0
2026-09-02 02:01:14,946 [INFO] ThirdParty:1030 - CMSIS Pack Vendor :STMicroelectronics FP-SNS-SMARTAG2 1.2.0
2026-09-02 02:01:14,946 [INFO] ThirdParty:1030 - CMSIS Pack Vendor :STMicroelectronics FP-SNS-FLIGHT1 5.1.0
2026-09-02 02:01:14,946 [INFO] ThirdParty:1030 - CMSIS Pack Vendor :STMicroelectronics X-CUBE-AZRTOS-WL 2.0.0
2026-09-02 02:01:14,946 [INFO] ThirdParty:1030 - CMSIS Pack Vendor :STMicroelectronics X-CUBE-DPower 1.3.0
2026-09-02 02:01:14,946 [INFO] ThirdParty:1030 - CMSIS Pack Vendor :STMicroelectronics FP-SNS-MOTENV1 5.0.0
2026-09-02 02:01:14,946 [INFO] ThirdParty:1030 - CMSIS Pack Vendor :STMicroelectronics USB_DEVICE 1.0.0
2026-09-02 02:01:14,946 [INFO] ThirdParty:1030 - CMSIS Pack Vendor :STMicroelectronics X-CUBE-AZRTOS-H7RS 1.2.0
2026-09-02 02:01:14,947 [INFO] ThirdParty:1030 - CMSIS Pack Vendor :STMicroelectronics X-CUBE-AZRTOS-L4 2.0.0
2026-09-02 02:01:14,950 [INFO] ThirdParty:1030 - CMSIS Pack Vendor :STMicroelectronics ThreadX 0.0.2
2026-09-02 02:01:14,953 [INFO] ThirdParty:1030 - CMSIS Pack Vendor :WES I-CUBE-Cesium 1.3.0
2026-09-02 02:01:14,954 [INFO] ThirdParty:1030 - CMSIS Pack Vendor :STMicroelectronics lwIP 2.1.2
2026-09-02 02:01:14,954 [INFO] ThirdParty:1030 - CMSIS Pack Vendor :STMicroelectronics X-CUBE-SFXS2LP1 4.0.0
2026-09-02 02:01:14,954 [INFO] ThirdParty:1030 - CMSIS Pack Vendor :STMicroelectronics X-CUBE-BLE2 3.3.0
2026-09-02 02:01:14,954 [INFO] ThirdParty:1030 - CMSIS Pack Vendor :Avnet-IOTCONNECT X-CUBE-iotc-st67-sdk 1.0.0
2026-09-02 02:01:14,954 [INFO] ThirdParty:1030 - CMSIS Pack Vendor :STMicroelectronics PDM2PCM 3.2.0
2026-09-02 02:01:14,954 [INFO] ThirdParty:1030 - CMSIS Pack Vendor :STMicroelectronics X-CUBE-WB05N 2.1.0
2026-09-02 02:01:14,954 [INFO] ThirdParty:1030 - CMSIS Pack Vendor :STMicroelectronics X-CUBE-NFC9 1.0.0
2026-09-02 02:01:14,954 [INFO] ThirdParty:1030 - CMSIS Pack Vendor :wolfSSL I-CUBE-wolfSSL 5.8.2
2026-09-02 02:01:14,954 [INFO] ThirdParty:1030 - CMSIS Pack Vendor :STMicroelectronics X-CUBE-BLE1 7.1.0
2026-09-02 02:01:14,954 [INFO] ThirdParty:1030 - CMSIS Pack Vendor :wolfSSL I-CUBE-wolfMQTT 1.19.2
2026-09-02 02:01:14,954 [INFO] ThirdParty:1030 - CMSIS Pack Vendor :STMicroelectronics USB_DEVICE 3.0.0
2026-09-02 02:01:14,954 [INFO] ThirdParty:1030 - CMSIS Pack Vendor :STMicroelectronics X-CUBE-EEPRMA1 5.2.0
2026-09-02 02:01:14,954 [INFO] ThirdParty:1030 - CMSIS Pack Vendor :STMicroelectronics X-CUBE-BLEMGR 4.1.0
2026-09-02 02:01:14,954 [INFO] ThirdParty:1030 - CMSIS Pack Vendor :STMicroelectronics X-CUBE-AZRTOS-WB 2.0.0
2026-09-02 02:01:14,954 [INFO] ThirdParty:1030 - CMSIS Pack Vendor :STMicroelectronics X-CUBE-GNSS1 7.0.1
2026-09-02 02:01:14,954 [INFO] ThirdParty:1030 - CMSIS Pack Vendor :STMicroelectronics X-CUBE-TOUCHGFX 4.25.0
2026-09-02 02:01:14,954 [INFO] ThirdParty:1030 - CMSIS Pack Vendor :STMicroelectronics FP-SNS-STAIOTCFT 1.1.0
2026-09-02 02:01:14,954 [INFO] ThirdParty:1030 - CMSIS Pack Vendor :quantropi X-CUBE-qispace-sdk-base 2.1.0
2026-09-02 02:01:14,954 [INFO] ThirdParty:1030 - CMSIS Pack Vendor :STMicroelectronics X-CUBE-STSE01 2.0.0
2026-09-02 02:01:14,954 [INFO] ThirdParty:1030 - CMSIS Pack Vendor :STMicroelectronics X-CUBE-AZRTOS-G0 1.1.0
2026-09-02 02:01:14,954 [INFO] ThirdParty:1030 - CMSIS Pack Vendor :STMicroelectronics X-CUBE-SAFEA1 1.2.2
2026-09-02 02:01:14,954 [INFO] ThirdParty:1030 - CMSIS Pack Vendor :STMicroelectronics X-CUBE-NFC4 3.0.0
2026-09-02 02:01:14,954 [INFO] ThirdParty:1030 - CMSIS Pack Vendor :STMicroelectronics X-CUBE-SUBG2 5.0.0
2026-09-02 02:01:14,955 [INFO] ThirdParty:1030 - CMSIS Pack Vendor :STMicroelectronics X-CUBE-AZRTOS-H7RS 1.1.0
2026-09-02 02:01:14,955 [INFO] ThirdParty:1030 - CMSIS Pack Vendor :STMicroelectronics STM32_WPAN 1.0.0
2026-09-02 02:01:14,955 [INFO] ThirdParty:1030 - CMSIS Pack Vendor :EmbeddedOffice I-CUBE-FS-RTOS 1.0.1
2026-09-02 02:01:14,955 [INFO] ThirdParty:1030 - CMSIS Pack Vendor :STMicroelectronics lwIP 2.0.3
2026-09-02 02:01:14,955 [INFO] ThirdParty:1030 - CMSIS Pack Vendor :Cesanta I-CUBE-Mongoose 7.13.0
2026-09-02 02:01:14,955 [INFO] ThirdParty:1030 - CMSIS Pack Vendor :STMicroelectronics USB_HOST 1.0.0
2026-09-02 02:01:14,955 [INFO] ThirdParty:1030 - CMSIS Pack Vendor :STMicroelectronics X-CUBE-AZRTOS-G4 2.0.0
2026-09-02 02:01:14,955 [INFO] ThirdParty:1030 - CMSIS Pack Vendor :STMicroelectronics X-CUBE-WB05N 2.0.0
2026-09-02 02:01:14,955 [INFO] ThirdParty:1030 - CMSIS Pack Vendor :STMicroelectronics PDM2PCM 3.1.0
2026-09-02 02:01:14,955 [INFO] ThirdParty:1030 - CMSIS Pack Vendor :wolfSSL I-CUBE-wolfTPM 3.8.0
2026-09-02 02:01:14,955 [INFO] ThirdParty:1030 - CMSIS Pack Vendor :wolfSSL I-CUBE-wolfSSH 1.4.20
2026-09-02 02:01:14,955 [INFO] ThirdParty:1030 - CMSIS Pack Vendor :STMicroelectronics X-CUBE-NFC7 2.0.0
2026-09-02 02:01:14,955 [INFO] ThirdParty:1030 - CMSIS Pack Vendor :STMicroelectronics X-CUBE-TCPP 4.2.0
2026-09-02 02:01:14,955 [INFO] ThirdParty:1030 - CMSIS Pack Vendor :RealThread X-CUBE-RT-Thread_Nano 4.1.1
2026-09-02 02:01:14,955 [INFO] ThirdParty:1030 - CMSIS Pack Vendor :STMicroelectronics FP-ATR-SIGFOX1 3.2.0
2026-09-02 02:01:14,955 [INFO] ThirdParty:1030 - CMSIS Pack Vendor :STMicroelectronics X-CUBE-FREERTOS 1.5.0
2026-09-02 02:01:14,955 [INFO] ThirdParty:1030 - CMSIS Pack Vendor :STMicroelectronics MBEDTLS 2.16.2
2026-09-02 02:01:14,955 [INFO] ThirdParty:1030 - CMSIS Pack Vendor :STMicroelectronics X-CUBE-IPS 3.1.0
2026-09-02 02:01:14,955 [INFO] ThirdParty:1030 - CMSIS Pack Vendor :STMicroelectronics X-CUBE-ALS 1.0.2
2026-09-02 02:01:14,956 [INFO] ThirdParty:1030 - CMSIS Pack Vendor :ITTIA_DB I-CUBE-ITTIADB 8.9.0
2026-09-02 02:01:14,956 [INFO] ThirdParty:1030 - CMSIS Pack Vendor :portGmbH I-Cube-SoM-uGOAL 1.1.0
2026-09-02 02:01:14,956 [INFO] ThirdParty:1030 - CMSIS Pack Vendor :STMicroelectronics X-CUBE-NFC6 3.2.0
2026-09-02 02:01:14,956 [INFO] ThirdParty:1030 - CMSIS Pack Vendor :STMicroelectronics X-CUBE-ST67W61 1.0.0
2026-09-02 02:01:14,956 [INFO] ThirdParty:1030 - CMSIS Pack Vendor :STMicroelectronics X-CUBE-AI 10.2.1
2026-09-02 02:01:14,956 [INFO] ThirdParty:1030 - CMSIS Pack Vendor :STMicroelectronics X-CUBE-AI 10.2.0
2026-09-02 02:01:14,956 [INFO] ThirdParty:1030 - CMSIS Pack Vendor :STMicroelectronics ThreadX 1.0.0
2026-09-02 02:01:14,956 [INFO] ThirdParty:1030 - CMSIS Pack Vendor :STMicroelectronics X-CUBE-MEMS1 12.1.0
2026-09-02 02:01:14,956 [INFO] ThirdParty:1030 - CMSIS Pack Vendor :SEGGER I-CUBE-embOS 1.3.1
2026-09-02 02:01:14,956 [INFO] ThirdParty:1030 - CMSIS Pack Vendor :STMicroelectronics X-CUBE-ALGOBUILD 1.4.0
2026-09-02 02:01:14,956 [INFO] ThirdParty:1030 - CMSIS Pack Vendor :STMicroelectronics X-CUBE-MEMS1 11.3.0
2026-09-02 02:01:14,956 [INFO] ThirdParty:1030 - CMSIS Pack Vendor :STMicroelectronics X-CUBE-TOF1 3.4.3
2026-09-02 02:01:14,956 [INFO] ThirdParty:1030 - CMSIS Pack Vendor :STMicroelectronics X-CUBE-NFC13 1.0.0
2026-09-02 02:01:14,959 [INFO] ThirdParty:841 - exiting critical section [change project]
2026-09-02 02:01:16,089 [INFO] PinOutPanel:1589 - setPackage(No Configuration,No Configuration)
2026-09-02 02:01:16,098 [INFO] PinOutPanel:1589 - setPackage(STM32F411VETx,LQFP100)
2026-09-02 02:01:16,851 [INFO] UtilMem:75 - Before build in PCC Used Memory: 503098696 Bytes (580911104)
2026-09-02 02:01:18,094 [INFO] UtilMem:75 - After build in PCC Used Memory: 479392472 Bytes (580911104)
2026-09-02 02:01:18,175 [INFO] IPUIPlugin:80 - create IPUIPlugin
2026-09-02 02:01:18,177 [INFO] IPUIPlugin:80 - create IPUIPlugin
2026-09-02 02:01:18,177 [INFO] IPUIPlugin:80 - create IPUIPlugin
2026-09-02 02:01:18,177 [INFO] IPUIPlugin:80 - create IPUIPlugin
2026-09-02 02:01:18,178 [INFO] IPUIPlugin:80 - create IPUIPlugin
2026-09-02 02:01:18,178 [INFO] IPUIPlugin:80 - create IPUIPlugin
2026-09-02 02:01:18,178 [INFO] IPUIPlugin:80 - create IPUIPlugin
2026-09-02 02:01:18,179 [INFO] IPUIPlugin:80 - create IPUIPlugin
2026-09-02 02:01:18,179 [INFO] IPUIPlugin:80 - create IPUIPlugin
2026-09-02 02:01:18,179 [INFO] IPUIPlugin:80 - create IPUIPlugin
2026-09-02 02:01:18,179 [INFO] IPUIPlugin:80 - create IPUIPlugin
2026-09-02 02:01:18,179 [INFO] IPUIPlugin:80 - create IPUIPlugin
2026-09-02 02:01:18,179 [INFO] IPUIPlugin:80 - create IPUIPlugin
2026-09-02 02:01:18,179 [INFO] IPUIPlugin:80 - create IPUIPlugin
2026-09-02 02:01:18,179 [INFO] IPUIPlugin:80 - create IPUIPlugin
2026-09-02 02:01:18,179 [INFO] IPUIPlugin:80 - create IPUIPlugin
2026-09-02 02:01:18,180 [INFO] IPUIPlugin:80 - create IPUIPlugin
2026-09-02 02:01:18,180 [INFO] IPUIPlugin:80 - create IPUIPlugin
2026-09-02 02:01:18,180 [INFO] IPUIPlugin:80 - create IPUIPlugin
2026-09-02 02:01:18,180 [INFO] IPUIPlugin:80 - create IPUIPlugin
2026-09-02 02:01:18,180 [INFO] IPUIPlugin:80 - create IPUIPlugin
2026-09-02 02:01:18,180 [INFO] IPUIPlugin:80 - create IPUIPlugin
2026-09-02 02:01:18,180 [INFO] IPUIPlugin:80 - create IPUIPlugin
2026-09-02 02:01:18,180 [INFO] IPUIPlugin:80 - create IPUIPlugin
2026-09-02 02:01:18,181 [INFO] IPUIPlugin:80 - create IPUIPlugin
2026-09-02 02:01:18,185 [INFO] IPUIPlugin:80 - create IPUIPlugin
2026-09-02 02:01:18,186 [INFO] IPUIPlugin:80 - create IPUIPlugin
2026-09-02 02:01:18,186 [INFO] IPUIPlugin:80 - create IPUIPlugin
2026-09-02 02:01:18,186 [INFO] IPUIPlugin:80 - create IPUIPlugin
2026-09-02 02:01:18,187 [INFO] IPUIPlugin:80 - create IPUIPlugin
2026-09-02 02:01:18,187 [INFO] IPUIPlugin:80 - create IPUIPlugin
2026-09-02 02:01:18,187 [INFO] IPUIPlugin:80 - create IPUIPlugin
2026-09-02 02:01:18,187 [INFO] IPUIPlugin:80 - create IPUIPlugin
2026-09-02 02:01:18,187 [INFO] IPUIPlugin:80 - create IPUIPlugin
2026-09-02 02:01:18,187 [INFO] IPUIPlugin:80 - create IPUIPlugin
2026-09-02 02:01:18,187 [INFO] IPUIPlugin:80 - create IPUIPlugin
2026-09-02 02:01:18,187 [INFO] IPUIPlugin:80 - create IPUIPlugin
2026-09-02 02:01:18,187 [INFO] IPUIPlugin:80 - create IPUIPlugin
2026-09-02 02:01:18,187 [INFO] IPUIPlugin:80 - create IPUIPlugin
2026-09-02 02:01:18,187 [INFO] IPUIPlugin:80 - create IPUIPlugin
2026-09-02 02:01:18,188 [INFO] IPUIPlugin:80 - create IPUIPlugin
2026-09-02 02:01:18,188 [INFO] IPUIPlugin:80 - create IPUIPlugin
2026-09-02 02:01:18,188 [INFO] IPUIPlugin:80 - create IPUIPlugin
2026-09-02 02:01:18,224 [INFO] ApiDbMcu:532 - Load IP Config File for PDM2PCM
2026-09-02 02:01:19,512 [INFO] CADModel:165 - CPN selected for project levelSTM32F411VET6
2026-09-02 02:01:19,520 [INFO] CADModel:114 - Register for checkConnection events
2026-09-02 02:01:19,576 [INFO] OpenFileManager:386 - Restore cursor
2026-09-02 02:01:49,346 [INFO] UtilMem:75 - End SaveConfig() Used Memory: 240276360 Bytes (583008256)
2026-09-02 02:01:51,905 [INFO] UtilMem:75 - End SaveConfig() Used Memory: 282698416 Bytes (583008256)
2026-09-02 02:01:54,775 [INFO] UtilMem:75 - End SaveConfig() Used Memory: 352943432 Bytes (583008256)
2026-09-02 02:01:55,725 [INFO] BlockDiagram:2775 - set Specific Code input for plugin: NVIC
2026-09-02 02:01:55,725 [INFO] BlockDiagram:2775 - set Specific Code input for plugin: TIM1_8
2026-09-02 02:01:55,725 [INFO] BlockDiagram:2775 - set Specific Code input for plugin: SYS
2026-09-02 02:01:55,726 [INFO] BlockDiagram:2775 - set Specific Code input for plugin: GPIO
2026-09-02 02:01:55,727 [INFO] BlockDiagram:2775 - set Specific Code input for plugin: RCC
2026-09-02 02:01:55,728 [INFO] CodeGenerator:892 - code generatio: config db path: /Applications/STM32CubeIDE.app/Contents/Eclipse/plugins/com.st.stm32cube.common.mx_6.15.0.202507011659//db/
2026-09-02 02:01:55,953 [INFO] CodeEngine:265 - oldGeneratedFile, /Users/MAC/STM32CubeIDE/workspace_1.19.0/Demo_Project/MXTmpFiles/license.tmp_save
2026-09-02 02:01:56,499 [INFO] CodeEngine:289 - Generated code: /Users/MAC/STM32CubeIDE/workspace_1.19.0/Demo_Project/MXTmpFiles/license.tmp
2026-09-02 02:01:56,671 [INFO] CodeEngine:265 - oldGeneratedFile, /Users/MAC/STM32CubeIDE/workspace_1.19.0/Demo_Project/MXTmpFiles/gpio.tmp_save
2026-09-02 02:01:56,972 [INFO] CodeEngine:289 - Generated code: /Users/MAC/STM32CubeIDE/workspace_1.19.0/Demo_Project/MXTmpFiles/gpio.tmp
2026-09-02 02:01:57,692 [INFO] CodeEngine:265 - oldGeneratedFile, /Users/MAC/STM32CubeIDE/workspace_1.19.0/Demo_Project/Core/Src/stm32f4xx_it.c_save
2026-09-02 02:01:57,876 [INFO] CodeEngine:289 - Generated code: /Users/MAC/STM32CubeIDE/workspace_1.19.0/Demo_Project/Core/Src/stm32f4xx_it.c
2026-09-02 02:01:57,879 [INFO] CodeEngine:265 - oldGeneratedFile, /Users/MAC/STM32CubeIDE/workspace_1.19.0/Demo_Project/Core/Inc/stm32f4xx_it.h_save
2026-09-02 02:01:57,951 [INFO] CodeEngine:289 - Generated code: /Users/MAC/STM32CubeIDE/workspace_1.19.0/Demo_Project/Core/Inc/stm32f4xx_it.h
2026-09-02 02:01:57,965 [INFO] CodeEngine:265 - oldGeneratedFile, /Users/MAC/STM32CubeIDE/workspace_1.19.0/Demo_Project/Core/Src/stm32f4xx_hal_msp.c_save
2026-09-02 02:01:58,120 [INFO] CodeEngine:289 - Generated code: /Users/MAC/STM32CubeIDE/workspace_1.19.0/Demo_Project/Core/Src/stm32f4xx_hal_msp.c
2026-09-02 02:01:58,122 [INFO] CodeEngine:265 - oldGeneratedFile, /Users/MAC/STM32CubeIDE/workspace_1.19.0/Demo_Project/MXTmpFiles/system.tmp_save
2026-09-02 02:01:58,182 [INFO] CodeEngine:289 - Generated code: /Users/MAC/STM32CubeIDE/workspace_1.19.0/Demo_Project/MXTmpFiles/system.tmp
2026-09-02 02:01:58,214 [INFO] CodeEngine:321 - oldGeneratedFile, /Users/MAC/STM32CubeIDE/workspace_1.19.0/Demo_Project/Core/Inc/stm32f4xx_hal_conf.h_save
2026-09-02 02:01:58,304 [INFO] CodeEngine:345 - Generated code: /Users/MAC/STM32CubeIDE/workspace_1.19.0/Demo_Project/Core/Inc/stm32f4xx_hal_conf.h
2026-09-02 02:01:58,710 [INFO] ApiDbMcu:532 - Load IP Config File for TIM2
2026-09-02 02:01:58,728 [INFO] ApiDbMcu:532 - Load IP Config File for RCC
2026-09-02 02:01:58,731 [WARN] IPConfigManager:3811 - IP not found : TIM
2026-09-02 02:01:58,732 [WARN] CodeGenerator:4259 - IP not found : null
2026-09-02 02:01:58,735 [INFO] CodeEngine:265 - oldGeneratedFile, /Users/MAC/STM32CubeIDE/workspace_1.19.0/Demo_Project/Core/Inc/main.h_save
2026-09-02 02:01:58,920 [INFO] CodeEngine:289 - Generated code: /Users/MAC/STM32CubeIDE/workspace_1.19.0/Demo_Project/Core/Inc/main.h
2026-09-02 02:01:58,922 [INFO] CodeEngine:265 - oldGeneratedFile, /Users/MAC/STM32CubeIDE/workspace_1.19.0/Demo_Project/Core/Src/main.c_save
2026-09-02 02:01:59,242 [INFO] CodeEngine:289 - Generated code: /Users/MAC/STM32CubeIDE/workspace_1.19.0/Demo_Project/Core/Src/main.c
2026-09-02 02:01:59,496 [INFO] ProjectBuilder:3606 - Time for Copy HAL[1] : 78mS.
2026-09-02 02:01:59,506 [INFO] ProjectBuilder:5216 - Project Generator version: 4.7.0-B52
2026-09-02 02:01:59,631 [INFO] ConfigFileManager:1595 - The Die is : DIE431
2026-09-02 02:01:59,663 [INFO] ApiDbMcu:532 - Load IP Config File for FATFS
2026-09-02 02:01:59,739 [INFO] ApiDbMcu:532 - Load IP Config File for FREERTOS
2026-09-02 02:01:59,751 [INFO] ApiDbMcu:532 - Load IP Config File for LIBJPEG
2026-09-02 02:01:59,864 [INFO] ApiDbMcu:532 - Load IP Config File for MBEDTLS
2026-09-02 02:01:59,975 [INFO] ApiDbMcu:532 - Load IP Config File for USB_DEVICE
2026-09-02 02:02:00,008 [INFO] ApiDbMcu:532 - Load IP Config File for USB_HOST
2026-09-02 02:02:01,462 [INFO] LogOutputStream:77 - [STDOUT_REDIRECT] 
2026-09-02 02:02:04,623 [INFO] ProjectBuilder:5496 - Time for Generating toolchain IDE Files: 5108mS.
2026-09-02 02:02:04,637 [INFO] ProjectBuilder:3463 - Time for Copy CMSIS : 2mS.
2026-09-02 02:02:04,643 [INFO] ProjectBuilder:3463 - Time for Copy CMSIS : 1mS.
2026-09-02 02:02:22,300 [INFO] UtilMem:75 - End SaveConfig() Used Memory: 514410224 Bytes (645922816)
2026-09-02 02:02:23,882 [INFO] UtilMem:75 - End SaveConfig() Used Memory: 546218200 Bytes (645922816)
2026-09-02 02:02:25,770 [INFO] UtilMem:75 - End SaveConfig() Used Memory: 610352880 Bytes (645922816)
2026-09-02 02:02:26,298 [INFO] BlockDiagram:2775 - set Specific Code input for plugin: NVIC
2026-09-02 02:02:26,298 [INFO] BlockDiagram:2775 - set Specific Code input for plugin: TIM1_8
2026-09-02 02:02:26,298 [INFO] BlockDiagram:2775 - set Specific Code input for plugin: SYS
2026-09-02 02:02:26,299 [INFO] BlockDiagram:2775 - set Specific Code input for plugin: GPIO
2026-09-02 02:02:26,299 [INFO] BlockDiagram:2775 - set Specific Code input for plugin: RCC
2026-09-02 02:02:26,299 [INFO] CodeGenerator:892 - code generatio: config db path: /Applications/STM32CubeIDE.app/Contents/Eclipse/plugins/com.st.stm32cube.common.mx_6.15.0.202507011659//db/
2026-09-02 02:02:26,417 [INFO] CodeEngine:265 - oldGeneratedFile, /Users/MAC/STM32CubeIDE/workspace_1.19.0/Demo_Project/MXTmpFiles/license.tmp_save
2026-09-02 02:02:26,569 [INFO] CodeEngine:289 - Generated code: /Users/MAC/STM32CubeIDE/workspace_1.19.0/Demo_Project/MXTmpFiles/license.tmp
2026-09-02 02:02:26,658 [INFO] CodeEngine:265 - oldGeneratedFile, /Users/MAC/STM32CubeIDE/workspace_1.19.0/Demo_Project/MXTmpFiles/gpio.tmp_save
2026-09-02 02:02:26,788 [INFO] CodeEngine:289 - Generated code: /Users/MAC/STM32CubeIDE/workspace_1.19.0/Demo_Project/MXTmpFiles/gpio.tmp
2026-09-02 02:02:27,128 [INFO] CodeEngine:265 - oldGeneratedFile, /Users/MAC/STM32CubeIDE/workspace_1.19.0/Demo_Project/Core/Src/stm32f4xx_it.c_save
2026-09-02 02:02:27,220 [INFO] CodeEngine:289 - Generated code: /Users/MAC/STM32CubeIDE/workspace_1.19.0/Demo_Project/Core/Src/stm32f4xx_it.c
2026-09-02 02:02:27,224 [INFO] CodeEngine:265 - oldGeneratedFile, /Users/MAC/STM32CubeIDE/workspace_1.19.0/Demo_Project/Core/Inc/stm32f4xx_it.h_save
2026-09-02 02:02:27,291 [INFO] CodeEngine:289 - Generated code: /Users/MAC/STM32CubeIDE/workspace_1.19.0/Demo_Project/Core/Inc/stm32f4xx_it.h
2026-09-02 02:02:27,301 [INFO] CodeEngine:265 - oldGeneratedFile, /Users/MAC/STM32CubeIDE/workspace_1.19.0/Demo_Project/Core/Src/stm32f4xx_hal_msp.c_save
2026-09-02 02:02:27,402 [INFO] CodeEngine:289 - Generated code: /Users/MAC/STM32CubeIDE/workspace_1.19.0/Demo_Project/Core/Src/stm32f4xx_hal_msp.c
2026-09-02 02:02:27,404 [INFO] CodeEngine:265 - oldGeneratedFile, /Users/MAC/STM32CubeIDE/workspace_1.19.0/Demo_Project/MXTmpFiles/system.tmp_save
2026-09-02 02:02:27,461 [INFO] CodeEngine:289 - Generated code: /Users/MAC/STM32CubeIDE/workspace_1.19.0/Demo_Project/MXTmpFiles/system.tmp
2026-09-02 02:02:27,471 [INFO] CodeEngine:321 - oldGeneratedFile, /Users/MAC/STM32CubeIDE/workspace_1.19.0/Demo_Project/Core/Inc/stm32f4xx_hal_conf.h_save
2026-09-02 02:02:27,546 [INFO] CodeEngine:345 - Generated code: /Users/MAC/STM32CubeIDE/workspace_1.19.0/Demo_Project/Core/Inc/stm32f4xx_hal_conf.h
2026-09-02 02:02:27,615 [WARN] IPConfigManager:3811 - IP not found : TIM
2026-09-02 02:02:27,616 [WARN] CodeGenerator:4259 - IP not found : null
2026-09-02 02:02:27,619 [INFO] CodeEngine:265 - oldGeneratedFile, /Users/MAC/STM32CubeIDE/workspace_1.19.0/Demo_Project/Core/Inc/main.h_save
2026-09-02 02:02:27,693 [INFO] CodeEngine:289 - Generated code: /Users/MAC/STM32CubeIDE/workspace_1.19.0/Demo_Project/Core/Inc/main.h
2026-09-02 02:02:27,696 [INFO] CodeEngine:265 - oldGeneratedFile, /Users/MAC/STM32CubeIDE/workspace_1.19.0/Demo_Project/Core/Src/main.c_save
2026-09-02 02:02:27,815 [INFO] CodeEngine:289 - Generated code: /Users/MAC/STM32CubeIDE/workspace_1.19.0/Demo_Project/Core/Src/main.c
2026-09-02 02:02:28,026 [INFO] ProjectBuilder:3606 - Time for Copy HAL[1] : 65mS.
2026-09-02 02:02:28,032 [INFO] ProjectBuilder:5216 - Project Generator version: 4.7.0-B52
2026-09-02 02:02:28,192 [INFO] ConfigFileManager:1595 - The Die is : DIE431
2026-09-02 02:02:31,051 [INFO] ProjectBuilder:5496 - Time for Generating toolchain IDE Files: 3009mS.
2026-09-02 02:02:31,058 [INFO] ProjectBuilder:3463 - Time for Copy CMSIS : 1mS.
2026-09-02 02:02:31,063 [INFO] ProjectBuilder:3463 - Time for Copy CMSIS : 1mS.
2026-09-02 02:38:09,232 [INFO] MainUpdater:2872 - connection check result : 10
2026-09-02 02:38:09,238 [INFO] MainUpdater:2872 - connection check result : 10
2026-09-02 02:38:09,789 [INFO] MicroXplorer:468 - Change Database Path : 
2026-09-02 02:38:09,790 [INFO] MicroXplorer:498 - Change Database Version : DB.6.0.150
2026-09-02 02:38:09,951 [ERROR] ProjectManagerView:395 - 
java.lang.NullPointerException: Cannot invoke "javax.swing.JTextField.getText()" because the return value of "java.util.List.get(int)" is null
	at com.st.microxplorer.plugins.projectmanager.gui.ProjectChoiceTab$9.caretUpdate(ProjectChoiceTab.java:2706) ~[filemanager.jar:?]
	at javax.swing.text.JTextComponent.fireCaretUpdate(JTextComponent.java:408) ~[?:?]
	at javax.swing.text.JTextComponent$MutableCaretEvent.fire(JTextComponent.java:4484) ~[?:?]
	at javax.swing.text.JTextComponent$MutableCaretEvent.stateChanged(JTextComponent.java:4506) ~[?:?]
	at javax.swing.text.DefaultCaret.fireStateChanged(DefaultCaret.java:857) ~[?:?]
	at javax.swing.text.DefaultCaret.changeCaretPosition(DefaultCaret.java:1343) ~[?:?]
	at javax.swing.text.DefaultCaret.handleSetDot(DefaultCaret.java:1242) ~[?:?]
	at javax.swing.text.DefaultCaret.setDot(DefaultCaret.java:1223) ~[?:?]
	at javax.swing.text.DefaultCaret$Handler.insertUpdate(DefaultCaret.java:1819) ~[?:?]
	at javax.swing.text.AbstractDocument.fireInsertUpdate(AbstractDocument.java:227) ~[?:?]
	at javax.swing.text.AbstractDocument.handleInsertString(AbstractDocument.java:781) ~[?:?]
	at javax.swing.text.AbstractDocument.insertString(AbstractDocument.java:740) ~[?:?]
	at javax.swing.text.PlainDocument.insertString(PlainDocument.java:131) ~[?:?]
	at javax.swing.text.AbstractDocument.replace(AbstractDocument.java:699) ~[?:?]
	at javax.swing.text.JTextComponent.setText(JTextComponent.java:1725) ~[?:?]
	at com.st.microxplorer.plugins.projectmanager.gui.ProjectChoiceTab.createHeapStackFields(ProjectChoiceTab.java:993) ~[filemanager.jar:?]
	at com.st.microxplorer.plugins.projectmanager.gui.ProjectChoiceTab.buildLinkSettingsPanel(ProjectChoiceTab.java:3813) ~[filemanager.jar:?]
	at com.st.microxplorer.plugins.projectmanager.gui.ProjectChoiceTab.defineWindowsFields(ProjectChoiceTab.java:1987) ~[filemanager.jar:?]
	at com.st.microxplorer.plugins.projectmanager.gui.ProjectChoiceTab.updateSettings(ProjectChoiceTab.java:558) ~[filemanager.jar:?]
	at com.st.microxplorer.plugins.projectmanager.gui.ProjectSettingsPanel.UpdateDialog(ProjectSettingsPanel.java:247) ~[filemanager.jar:?]
	at com.st.microxplorer.plugins.projectmanager.ProjectManagerView.propertyChange(ProjectManagerView.java:392) ~[filemanager.jar:?]
	at java.beans.PropertyChangeSupport.fire(PropertyChangeSupport.java:343) ~[?:?]
	at java.beans.PropertyChangeSupport.firePropertyChange(PropertyChangeSupport.java:335) ~[?:?]
	at java.beans.PropertyChangeSupport.firePropertyChange(PropertyChangeSupport.java:268) ~[?:?]
	at com.st.microxplorer.util.MXPropertyChangeSupport.firePropertyChange(MXPropertyChangeSupport.java:54) ~[STM32CubeMX.jar:?]
	at com.st.microxplorer.mxsystem.MxSystem.closeConfig(MxSystem.java:899) ~[STM32CubeMX.jar:?]
	at com.st.microxplorer.maingui.MainPanel.closeConfig(MainPanel.java:792) ~[STM32CubeMX.jar:?]
	at com.st.microxplorer.plugins.filemanager.engine.OpenFileManager.loadConfigurationFile(OpenFileManager.java:288) ~[filemanager.jar:?]
	at com.st.microxplorer.plugins.filemanager.engine.MainFileManager.userLoadConfig(MainFileManager.java:364) ~[filemanager.jar:?]
	at com.st.microxplorer.plugins.filemanager.engine.MainFileManager.userLoadConfig(MainFileManager.java:342) ~[filemanager.jar:?]
	at com.st.microxplorer.plugins.filemanager.FileManagerView.getSpecificTask(FileManagerView.java:264) ~[filemanager.jar:?]
	at com.st.stm32cube.common.mx.editor.CubeMxEditor.getMxTabbedPaneInstance(CubeMxEditor.java:1198) ~[com.st.stm32cube.common.mx_6.15.0.202507011659/:?]
	at com.st.stm32cube.common.mx.editor.CubeMxEditor$12$1.createSwingComponent(CubeMxEditor.java:1068) ~[com.st.stm32cube.common.mx_6.15.0.202507011659/:?]
	at com.st.stm32cube.common.mx.oss.core.awtswtbridge.EmbeddedSwingComposite.doComponentCreation(EmbeddedSwingComposite.java:492) ~[com.st.stm32cube.common.mx.oss_6.15.0.202507011659/:?]
	at com.st.stm32cube.common.mx.oss.core.awtswtbridge.EmbeddedSwingComposite$4.run(EmbeddedSwingComposite.java:291) ~[com.st.stm32cube.common.mx.oss_6.15.0.202507011659/:?]
	at com.st.stm32cube.common.mx.oss.core.awtswtbridge.AwtEnvironment$2.run(AwtEnvironment.java:166) ~[com.st.stm32cube.common.mx.oss_6.15.0.202507011659/:?]
	at java.awt.event.InvocationEvent.dispatch(InvocationEvent.java:318) ~[?:?]
	at java.awt.EventQueue.dispatchEventImpl(EventQueue.java:773) ~[?:?]
	at java.awt.EventQueue$4.run(EventQueue.java:720) ~[?:?]
	at java.awt.EventQueue$4.run(EventQueue.java:714) ~[?:?]
	at java.security.AccessController.doPrivileged(AccessController.java:400) ~[?:?]
	at java.security.ProtectionDomain$JavaSecurityAccessImpl.doIntersectionPrivilege(ProtectionDomain.java:87) ~[?:?]
	at java.awt.EventQueue.dispatchEvent(EventQueue.java:742) ~[?:?]
	at java.awt.EventDispatchThread.pumpOneEventForFilters(EventDispatchThread.java:203) ~[?:?]
	at java.awt.EventDispatchThread.pumpEventsForFilter(EventDispatchThread.java:124) ~[?:?]
	at java.awt.EventDispatchThread.pumpEventsForHierarchy(EventDispatchThread.java:113) ~[?:?]
	at java.awt.EventDispatchThread.pumpEvents(EventDispatchThread.java:109) ~[?:?]
	at java.awt.EventDispatchThread.pumpEvents(EventDispatchThread.java:101) ~[?:?]
	at java.awt.EventDispatchThread.run(EventDispatchThread.java:90) ~[?:?]
2026-09-02 02:38:09,987 [WARN] ThirdParty:871 - waiting for thirdparty lock release [close project]
2026-09-02 02:38:09,987 [INFO] ThirdParty:873 - entering critical section [close project]
2026-09-02 02:38:09,988 [INFO] ThirdParty:883 - exiting critical section [close project]
2026-09-02 02:38:10,002 [INFO] PinOutPanel:1589 - setPackage(No Configuration,No Configuration)
2026-09-02 02:38:10,082 [WARN] IpParametersView:155 - Warning: This peripheral hasn't parameters
2026-09-02 02:38:10,156 [WARN] MainPanel:289 - <html><b><center>Warning: This peripheral has no parameters to be configured<br></b></html>
2026-09-02 02:38:10,186 [INFO] UtilMem:75 - Begin LoadConfig() Used Memory: 800130208 Bytes (1073741824)
2026-09-02 02:38:10,187 [INFO] MicroXplorer:468 - Change Database Path : 
2026-09-02 02:38:10,187 [INFO] MicroXplorer:498 - Change Database Version : DB.6.0.150
2026-09-02 02:38:10,187 [INFO] OpenFileManager:355 - Change cursor
2026-09-02 02:38:10,294 [INFO] RulesReader:64 - Compatibility file has been processed (317 Rules)
2026-09-02 02:38:10,320 [INFO] Mcu:2029 - Initializing MCU STM32F411V(C-E)Tx STM32F411VETx STM32F411VET6
2026-09-02 02:38:11,506 [INFO] Context:786 - Trying to add GPIOservice into a context  which must be forbidden
2026-09-02 02:38:12,170 [INFO] ImportTextPane:234 - (OptionalMessage_ERROR) Pin44 (VP_RIF_VS_RIF1) cannot be retrieved for this MCU
2026-09-02 02:38:12,259 [INFO] RtosManager:558 - Registered RTOS mode: class=CMSIS, group=RTOS, mode=CMSIS_V1, owner=FREERTOS
2026-09-02 02:38:12,260 [INFO] RtosManager:558 - Registered RTOS mode: class=CMSIS, group=RTOS2, mode=CMSIS_V2, owner=FREERTOS
2026-09-02 02:38:12,260 [INFO] RtosManager:558 - Registered RTOS mode: class=RTOS, group=Core, mode=CMSIS_V1, owner=FREERTOS
2026-09-02 02:38:12,260 [INFO] RtosManager:558 - Registered RTOS mode: class=RTOS, group=Core, mode=CMSIS_V2, owner=FREERTOS
2026-09-02 02:38:12,260 [WARN] ModelIntegratedComponent:184 - Missing modes for component STMicroelectronics:FreeRTOS:0.0.1:STMicroelectronics:RTOS:FreeRTOS:Core:::10.2.0:
2026-09-02 02:38:12,409 [WARN] ModelIntegratedComponent:63 - No mode defined for component null
2026-09-02 02:38:12,415 [WARN] ModelIntegratedComponent:63 - No mode defined for component null
2026-09-02 02:38:12,420 [WARN] ModelIntegratedComponent:63 - No mode defined for component null
2026-09-02 02:38:12,421 [WARN] ModelIntegratedComponent:63 - No mode defined for component null
2026-09-02 02:38:12,422 [WARN] ModelIntegratedComponent:63 - No mode defined for component null
2026-09-02 02:38:12,422 [WARN] ModelIntegratedComponent:63 - No mode defined for component null
2026-09-02 02:38:12,422 [WARN] ModelIntegratedComponent:63 - No mode defined for component null
2026-09-02 02:38:12,423 [WARN] ModelIntegratedComponent:63 - No mode defined for component null
2026-09-02 02:38:12,423 [WARN] ModelIntegratedComponent:63 - No mode defined for component null
2026-09-02 02:38:12,424 [WARN] ModelIntegratedComponent:63 - No mode defined for component null
2026-09-02 02:38:12,425 [WARN] ModelIntegratedComponent:63 - No mode defined for component null
2026-09-02 02:38:12,428 [WARN] ModelIntegratedComponent:63 - No mode defined for component null
2026-09-02 02:38:12,450 [WARN] ModelIntegratedComponent:63 - No mode defined for component null
2026-09-02 02:38:12,451 [WARN] ModelIntegratedComponent:63 - No mode defined for component null
2026-09-02 02:38:12,454 [WARN] ModelIntegratedComponent:63 - No mode defined for component null
2026-09-02 02:38:12,458 [WARN] ModelIntegratedComponent:63 - No mode defined for component null
2026-09-02 02:38:12,459 [WARN] ModelIntegratedComponent:63 - No mode defined for component null
2026-09-02 02:38:12,459 [WARN] ModelIntegratedComponent:63 - No mode defined for component null
2026-09-02 02:38:12,460 [WARN] ModelIntegratedComponent:63 - No mode defined for component null
2026-09-02 02:38:12,461 [WARN] ModelIntegratedComponent:63 - No mode defined for component null
2026-09-02 02:38:12,461 [WARN] ModelIntegratedComponent:63 - No mode defined for component null
2026-09-02 02:38:12,462 [WARN] ModelIntegratedComponent:63 - No mode defined for component null
2026-09-02 02:38:12,462 [WARN] ModelIntegratedComponent:63 - No mode defined for component null
2026-09-02 02:38:12,462 [WARN] ModelIntegratedComponent:63 - No mode defined for component null
2026-09-02 02:38:12,462 [WARN] ModelIntegratedComponent:63 - No mode defined for component null
2026-09-02 02:38:12,462 [WARN] ModelIntegratedComponent:63 - No mode defined for component null
2026-09-02 02:38:12,462 [WARN] ModelIntegratedComponent:63 - No mode defined for component null
2026-09-02 02:38:12,462 [WARN] ModelIntegratedComponent:63 - No mode defined for component null
2026-09-02 02:38:12,462 [WARN] ModelIntegratedComponent:63 - No mode defined for component null
2026-09-02 02:38:12,462 [WARN] ModelIntegratedComponent:63 - No mode defined for component null
2026-09-02 02:38:12,462 [WARN] ModelIntegratedComponent:63 - No mode defined for component null
2026-09-02 02:38:12,462 [WARN] ModelIntegratedComponent:63 - No mode defined for component null
2026-09-02 02:38:12,462 [WARN] ModelIntegratedComponent:63 - No mode defined for component null
2026-09-02 02:38:12,462 [WARN] ModelIntegratedComponent:63 - No mode defined for component null
2026-09-02 02:38:12,462 [WARN] ModelIntegratedComponent:63 - No mode defined for component null
2026-09-02 02:38:12,537 [WARN] ModelPack:524 - Component already loaded: STMicroelectronics:HAL Drivers:0.0.0:STMicroelectronics:Device:STMicro_Driver:XSPI:HAL::0.0.1:HAL_XSPI
2026-09-02 02:38:12,565 [WARN] ModelIntegratedComponent:182 - Modes not found for component STMicroelectronics:USB_DEVICE:1.0.0:STMicroelectronics:USB::USB Device:Audio HS::1.0:USB_DEVICE_1_0_RESTRICTED_HS
2026-09-02 02:38:12,566 [WARN] ModelIntegratedComponent:188 - Modes not found for component STMicroelectronics:USB_DEVICE:1.0.0:STMicroelectronics:USB::USB Device:Audio HS::1.0:USB_DEVICE_1_0_RESTRICTED_HS
2026-09-02 02:38:12,567 [WARN] ModelIntegratedComponent:182 - Modes not found for component STMicroelectronics:USB_DEVICE:1.0.0:STMicroelectronics:USB::USB Device:CDC HS::1.0:USB_DEVICE_1_0_RESTRICTED_HS
2026-09-02 02:38:12,567 [WARN] ModelIntegratedComponent:188 - Modes not found for component STMicroelectronics:USB_DEVICE:1.0.0:STMicroelectronics:USB::USB Device:CDC HS::1.0:USB_DEVICE_1_0_RESTRICTED_HS
2026-09-02 02:38:12,567 [WARN] ModelIntegratedComponent:182 - Modes not found for component STMicroelectronics:USB_DEVICE:1.0.0:STMicroelectronics:USB::USB Device:DFU HS::1.0:USB_DEVICE_1_0_RESTRICTED_HS
2026-09-02 02:38:12,567 [WARN] ModelIntegratedComponent:188 - Modes not found for component STMicroelectronics:USB_DEVICE:1.0.0:STMicroelectronics:USB::USB Device:DFU HS::1.0:USB_DEVICE_1_0_RESTRICTED_HS
2026-09-02 02:38:12,567 [WARN] ModelIntegratedComponent:182 - Modes not found for component STMicroelectronics:USB_DEVICE:1.0.0:STMicroelectronics:USB::USB Device:HID HS::1.0:USB_DEVICE_1_0_RESTRICTED_HS
2026-09-02 02:38:12,567 [WARN] ModelIntegratedComponent:188 - Modes not found for component STMicroelectronics:USB_DEVICE:1.0.0:STMicroelectronics:USB::USB Device:HID HS::1.0:USB_DEVICE_1_0_RESTRICTED_HS
2026-09-02 02:38:12,567 [WARN] ModelIntegratedComponent:182 - Modes not found for component STMicroelectronics:USB_DEVICE:1.0.0:STMicroelectronics:USB::USB Device:Custom HID HS::1.0:USB_DEVICE_1_0_RESTRICTED_HS
2026-09-02 02:38:12,567 [WARN] ModelIntegratedComponent:188 - Modes not found for component STMicroelectronics:USB_DEVICE:1.0.0:STMicroelectronics:USB::USB Device:Custom HID HS::1.0:USB_DEVICE_1_0_RESTRICTED_HS
2026-09-02 02:38:12,567 [WARN] ModelIntegratedComponent:182 - Modes not found for component STMicroelectronics:USB_DEVICE:1.0.0:STMicroelectronics:USB::USB Device:MSC HS::1.0:USB_DEVICE_1_0_RESTRICTED_HS
2026-09-02 02:38:12,567 [WARN] ModelIntegratedComponent:188 - Modes not found for component STMicroelectronics:USB_DEVICE:1.0.0:STMicroelectronics:USB::USB Device:MSC HS::1.0:USB_DEVICE_1_0_RESTRICTED_HS
2026-09-02 02:38:12,621 [WARN] ModelIntegratedComponent:182 - Modes not found for component STMicroelectronics:USB_HOST:1.0.0:STMicroelectronics:USB::USB Host:Audio HS::1.0:USB_HOST_1_0_RESTRICTED_HS
2026-09-02 02:38:12,621 [WARN] ModelIntegratedComponent:188 - Modes not found for component STMicroelectronics:USB_HOST:1.0.0:STMicroelectronics:USB::USB Host:Audio HS::1.0:USB_HOST_1_0_RESTRICTED_HS
2026-09-02 02:38:12,621 [WARN] ModelIntegratedComponent:182 - Modes not found for component STMicroelectronics:USB_HOST:1.0.0:STMicroelectronics:USB::USB Host:CDC HS::1.0:USB_HOST_1_0_RESTRICTED_HS
2026-09-02 02:38:12,621 [WARN] ModelIntegratedComponent:188 - Modes not found for component STMicroelectronics:USB_HOST:1.0.0:STMicroelectronics:USB::USB Host:CDC HS::1.0:USB_HOST_1_0_RESTRICTED_HS
2026-09-02 02:38:12,621 [WARN] ModelIntegratedComponent:182 - Modes not found for component STMicroelectronics:USB_HOST:1.0.0:STMicroelectronics:USB::USB Host:MSC HS::1.0:USB_HOST_1_0_RESTRICTED_HS
2026-09-02 02:38:12,622 [WARN] ModelIntegratedComponent:188 - Modes not found for component STMicroelectronics:USB_HOST:1.0.0:STMicroelectronics:USB::USB Host:MSC HS::1.0:USB_HOST_1_0_RESTRICTED_HS
2026-09-02 02:38:12,622 [WARN] ModelIntegratedComponent:182 - Modes not found for component STMicroelectronics:USB_HOST:1.0.0:STMicroelectronics:USB::USB Host:HID HS::1.0:USB_HOST_1_0_RESTRICTED_HS
2026-09-02 02:38:12,622 [WARN] ModelIntegratedComponent:188 - Modes not found for component STMicroelectronics:USB_HOST:1.0.0:STMicroelectronics:USB::USB Host:HID HS::1.0:USB_HOST_1_0_RESTRICTED_HS
2026-09-02 02:38:12,622 [WARN] ModelIntegratedComponent:182 - Modes not found for component STMicroelectronics:USB_HOST:1.0.0:STMicroelectronics:USB::USB Host:MTP HS::1.0:USB_HOST_1_0_RESTRICTED_HS
2026-09-02 02:38:12,622 [WARN] ModelIntegratedComponent:188 - Modes not found for component STMicroelectronics:USB_HOST:1.0.0:STMicroelectronics:USB::USB Host:MTP HS::1.0:USB_HOST_1_0_RESTRICTED_HS
2026-09-02 02:38:12,757 [INFO] ThirdPartyModel:298 - Start build external matchings
2026-09-02 02:38:13,337 [INFO] ThirdPartyModel:316 - End build external matchings
2026-09-02 02:38:13,827 [INFO] UtilMem:75 - End LoadConfig() Used Memory: 782318912 Bytes (1073741824)
2026-09-02 02:38:14,525 [WARN] ThirdParty:833 - waiting for thirdparty lock release [change project]
2026-09-02 02:38:14,567 [INFO] ThirdParty:835 - entering critical section [change project]
2026-09-02 02:38:14,571 [INFO] ThirdParty:1030 - CMSIS Pack Vendor :STMicroelectronics X-CUBE-AZRTOS-H7 3.5.0
2026-09-02 02:38:14,572 [INFO] ThirdParty:1030 - CMSIS Pack Vendor :STMicroelectronics X-CUBE-PM33A1 1.0.0
2026-09-02 02:38:14,572 [INFO] ThirdParty:1030 - CMSIS Pack Vendor :STMicroelectronics USBPD 4.1
2026-09-02 02:38:14,572 [INFO] ThirdParty:1030 - CMSIS Pack Vendor :STMicroelectronics USB_HOST 2.0.0
2026-09-02 02:38:14,572 [INFO] ThirdParty:1030 - CMSIS Pack Vendor :STMicroelectronics FP-SNS-MOTENVWB1 1.4.0
2026-09-02 02:38:14,572 [INFO] ThirdParty:1030 - CMSIS Pack Vendor :STMicroelectronics FP-ATR-ASTRA1 2.0.3
2026-09-02 02:38:14,572 [INFO] ThirdParty:1030 - CMSIS Pack Vendor :STMicroelectronics X-CUBE-AZRTOS-F4 1.1.0
2026-09-02 02:38:14,572 [INFO] ThirdParty:1030 - CMSIS Pack Vendor :STMicroelectronics LIBJPEG 8.0.0
2026-09-02 02:38:14,572 [INFO] ThirdParty:1030 - CMSIS Pack Vendor :STMicroelectronics FP-ATR-ASTRA1 2.0.2
2026-09-02 02:38:14,572 [INFO] ThirdParty:1030 - CMSIS Pack Vendor :Avnet-IotConnect X-CUBE-IoTC-DA16k-PMOD 1.0.0
2026-09-02 02:38:14,572 [INFO] ThirdParty:1030 - CMSIS Pack Vendor :STMicroelectronics X-CUBE-SMBUS 2.1.0
2026-09-02 02:38:14,572 [INFO] ThirdParty:1030 - CMSIS Pack Vendor :STMicroelectronics X-CUBE-ISPU 2.1.0
2026-09-02 02:38:14,572 [INFO] ThirdParty:1030 - CMSIS Pack Vendor :STMicroelectronics X-CUBE-IPS 3.2.0
2026-09-02 02:38:14,572 [INFO] ThirdParty:1030 - CMSIS Pack Vendor :STMicroelectronics eDS-WB_DPC_TT-BIDIR 2.1.1
2026-09-02 02:38:14,572 [INFO] ThirdParty:1030 - CMSIS Pack Vendor :STMicroelectronics X-CUBE-ST60 1.0.0
2026-09-02 02:38:14,572 [INFO] ThirdParty:1030 - CMSIS Pack Vendor :STMicroelectronics X-CUBE-NFC12 1.0.0
2026-09-02 02:38:14,572 [INFO] ThirdParty:1030 - CMSIS Pack Vendor :STMicroelectronics X-CUBE-AZRTOS-F7 1.1.0
2026-09-02 02:38:14,572 [INFO] ThirdParty:1030 - CMSIS Pack Vendor :STMicroelectronics X-CUBE-AZRTOS-L5 2.0.0
2026-09-02 02:38:14,572 [INFO] ThirdParty:1030 - CMSIS Pack Vendor :STMicroelectronics USB_DEVICE 2.0.0
2026-09-02 02:38:14,572 [INFO] ThirdParty:1030 - CMSIS Pack Vendor :STMicroelectronics X-CUBE-FREERTOS 1.6.0
2026-09-02 02:38:14,572 [INFO] ThirdParty:1030 - CMSIS Pack Vendor :STMicroelectronics X-CUBE-NFC6 3.1.0
2026-09-02 02:38:14,572 [INFO] ThirdParty:1030 - CMSIS Pack Vendor :STMicroelectronics X-CUBE-ALGOBUILD 1.5.0
2026-09-02 02:38:14,572 [INFO] ThirdParty:1030 - CMSIS Pack Vendor :STMicroelectronics FP-SNS-MOTENV1 5.1.0
2026-09-02 02:38:14,572 [INFO] ThirdParty:1030 - CMSIS Pack Vendor :STMicroelectronics FreeRTOS 0.0.1
2026-09-02 02:38:14,572 [INFO] ThirdParty:1030 - CMSIS Pack Vendor :STMicroelectronics X-CUBE-AZRTOS-H7RS 1.3.0
2026-09-02 02:38:14,572 [INFO] ThirdParty:1030 - CMSIS Pack Vendor :STMicroelectronics eDS-WB_DPC_VIENNA 1.2.0
2026-09-02 02:38:14,572 [INFO] ThirdParty:1030 - CMSIS Pack Vendor :WES I-CUBE-Cesium 1.4.0
2026-09-02 02:38:14,572 [INFO] ThirdParty:1030 - CMSIS Pack Vendor :STMicroelectronics X-CUBE-MEMS1 13.0.0
2026-09-02 02:38:14,572 [INFO] ThirdParty:1030 - CMSIS Pack Vendor :STMicroelectronics eDS-WB_DPC_3PH2L-BIDIR 1.1.1
2026-09-02 02:38:14,572 [INFO] ThirdParty:1030 - CMSIS Pack Vendor :Infineon AIROC-Wi-Fi-Bluetooth-STM32 1.7.1
2026-09-02 02:38:14,573 [INFO] ThirdParty:1030 - CMSIS Pack Vendor :STMicroelectronics PDM2PCM 3.3.0
2026-09-02 02:38:14,573 [INFO] ThirdParty:1030 - CMSIS Pack Vendor :STMicroelectronics X-CUBE-AZRTOS-H7 3.4.0
2026-09-02 02:38:14,573 [INFO] ThirdParty:1030 - CMSIS Pack Vendor :STMicroelectronics X-CUBE-DISPLAY 3.0.0
2026-09-02 02:38:14,573 [INFO] ThirdParty:1030 - CMSIS Pack Vendor :STMicroelectronics X-CUBE-GNSS1 7.1.1
2026-09-02 02:38:14,573 [INFO] ThirdParty:1030 - CMSIS Pack Vendor :STMicroelectronics FP-SNS-MOTENVWB1 1.5.0
2026-09-02 02:38:14,573 [INFO] ThirdParty:1030 - CMSIS Pack Vendor :STMicroelectronics X-CUBE-NFC10 1.0.0
2026-09-02 02:38:14,573 [INFO] ThirdParty:1030 - CMSIS Pack Vendor :STMicroelectronics X-CUBE-FREERTOS 1.3.1
2026-09-02 02:38:14,573 [INFO] ThirdParty:1030 - CMSIS Pack Vendor :STMicroelectronics HAL Drivers 0.0.0
2026-09-02 02:38:14,573 [INFO] ThirdParty:1030 - CMSIS Pack Vendor :STMicroelectronics X-CUBE-ST60 1.1.0
2026-09-02 02:38:14,573 [INFO] ThirdParty:1030 - CMSIS Pack Vendor :emotas I-CUBE-CANOPEN 1.3.0
2026-09-02 02:38:14,573 [INFO] ThirdParty:1030 - CMSIS Pack Vendor :STMicroelectronics MBEDTLS 2.14.1
2026-09-02 02:38:14,573 [INFO] ThirdParty:1030 - CMSIS Pack Vendor :STMicroelectronics X-CUBE-TOUCHGFX 4.26.1
2026-09-02 02:38:14,573 [INFO] ThirdParty:1030 - CMSIS Pack Vendor :STMicroelectronics FP-SNS-STBOX1 2.1.0
2026-09-02 02:38:14,573 [INFO] ThirdParty:1030 - CMSIS Pack Vendor :STMicroelectronics FP-SNS-STAIOTCFT 1.0.0
2026-09-02 02:38:14,573 [INFO] ThirdParty:1030 - CMSIS Pack Vendor :STMicroelectronics FP-SNS-SMARTAG2 1.2.0
2026-09-02 02:38:14,573 [INFO] ThirdParty:1030 - CMSIS Pack Vendor :STMicroelectronics FP-SNS-FLIGHT1 5.1.0
2026-09-02 02:38:14,573 [INFO] ThirdParty:1030 - CMSIS Pack Vendor :STMicroelectronics X-CUBE-AZRTOS-WL 2.0.0
2026-09-02 02:38:14,573 [INFO] ThirdParty:1030 - CMSIS Pack Vendor :STMicroelectronics X-CUBE-DPower 1.3.0
2026-09-02 02:38:14,573 [INFO] ThirdParty:1030 - CMSIS Pack Vendor :STMicroelectronics FP-SNS-MOTENV1 5.0.0
2026-09-02 02:38:14,573 [INFO] ThirdParty:1030 - CMSIS Pack Vendor :STMicroelectronics USB_DEVICE 1.0.0
2026-09-02 02:38:14,573 [INFO] ThirdParty:1030 - CMSIS Pack Vendor :STMicroelectronics X-CUBE-AZRTOS-H7RS 1.2.0
2026-09-02 02:38:14,573 [INFO] ThirdParty:1030 - CMSIS Pack Vendor :STMicroelectronics X-CUBE-AZRTOS-L4 2.0.0
2026-09-02 02:38:14,573 [INFO] ThirdParty:1030 - CMSIS Pack Vendor :STMicroelectronics ThreadX 0.0.2
2026-09-02 02:38:14,573 [INFO] ThirdParty:1030 - CMSIS Pack Vendor :WES I-CUBE-Cesium 1.3.0
2026-09-02 02:38:14,573 [INFO] ThirdParty:1030 - CMSIS Pack Vendor :STMicroelectronics lwIP 2.1.2
2026-09-02 02:38:14,573 [INFO] ThirdParty:1030 - CMSIS Pack Vendor :STMicroelectronics X-CUBE-SFXS2LP1 4.0.0
2026-09-02 02:38:14,573 [INFO] ThirdParty:1030 - CMSIS Pack Vendor :STMicroelectronics X-CUBE-BLE2 3.3.0
2026-09-02 02:38:14,573 [INFO] ThirdParty:1030 - CMSIS Pack Vendor :Avnet-IOTCONNECT X-CUBE-iotc-st67-sdk 1.0.0
2026-09-02 02:38:14,573 [INFO] ThirdParty:1030 - CMSIS Pack Vendor :STMicroelectronics PDM2PCM 3.2.0
2026-09-02 02:38:14,573 [INFO] ThirdParty:1030 - CMSIS Pack Vendor :STMicroelectronics X-CUBE-WB05N 2.1.0
2026-09-02 02:38:14,573 [INFO] ThirdParty:1030 - CMSIS Pack Vendor :STMicroelectronics X-CUBE-NFC9 1.0.0
2026-09-02 02:38:14,573 [INFO] ThirdParty:1030 - CMSIS Pack Vendor :wolfSSL I-CUBE-wolfSSL 5.8.2
2026-09-02 02:38:14,573 [INFO] ThirdParty:1030 - CMSIS Pack Vendor :STMicroelectronics X-CUBE-BLE1 7.1.0
2026-09-02 02:38:14,573 [INFO] ThirdParty:1030 - CMSIS Pack Vendor :wolfSSL I-CUBE-wolfMQTT 1.19.2
2026-09-02 02:38:14,573 [INFO] ThirdParty:1030 - CMSIS Pack Vendor :STMicroelectronics USB_DEVICE 3.0.0
2026-09-02 02:38:14,573 [INFO] ThirdParty:1030 - CMSIS Pack Vendor :STMicroelectronics X-CUBE-EEPRMA1 5.2.0
2026-09-02 02:38:14,573 [INFO] ThirdParty:1030 - CMSIS Pack Vendor :STMicroelectronics X-CUBE-BLEMGR 4.1.0
2026-09-02 02:38:14,573 [INFO] ThirdParty:1030 - CMSIS Pack Vendor :STMicroelectronics X-CUBE-AZRTOS-WB 2.0.0
2026-09-02 02:38:14,573 [INFO] ThirdParty:1030 - CMSIS Pack Vendor :STMicroelectronics X-CUBE-GNSS1 7.0.1
2026-09-02 02:38:14,573 [INFO] ThirdParty:1030 - CMSIS Pack Vendor :STMicroelectronics X-CUBE-TOUCHGFX 4.25.0
2026-09-02 02:38:14,574 [INFO] ThirdParty:1030 - CMSIS Pack Vendor :STMicroelectronics FP-SNS-STAIOTCFT 1.1.0
2026-09-02 02:38:14,574 [INFO] ThirdParty:1030 - CMSIS Pack Vendor :quantropi X-CUBE-qispace-sdk-base 2.1.0
2026-09-02 02:38:14,574 [INFO] ThirdParty:1030 - CMSIS Pack Vendor :STMicroelectronics X-CUBE-STSE01 2.0.0
2026-09-02 02:38:14,574 [INFO] ThirdParty:1030 - CMSIS Pack Vendor :STMicroelectronics X-CUBE-AZRTOS-G0 1.1.0
2026-09-02 02:38:14,574 [INFO] ThirdParty:1030 - CMSIS Pack Vendor :STMicroelectronics X-CUBE-SAFEA1 1.2.2
2026-09-02 02:38:14,574 [INFO] ThirdParty:1030 - CMSIS Pack Vendor :STMicroelectronics X-CUBE-NFC4 3.0.0
2026-09-02 02:38:14,574 [INFO] ThirdParty:1030 - CMSIS Pack Vendor :STMicroelectronics X-CUBE-SUBG2 5.0.0
2026-09-02 02:38:14,574 [INFO] ThirdParty:1030 - CMSIS Pack Vendor :STMicroelectronics X-CUBE-AZRTOS-H7RS 1.1.0
2026-09-02 02:38:14,574 [INFO] ThirdParty:1030 - CMSIS Pack Vendor :STMicroelectronics STM32_WPAN 1.0.0
2026-09-02 02:38:14,574 [INFO] ThirdParty:1030 - CMSIS Pack Vendor :EmbeddedOffice I-CUBE-FS-RTOS 1.0.1
2026-09-02 02:38:14,574 [INFO] ThirdParty:1030 - CMSIS Pack Vendor :STMicroelectronics lwIP 2.0.3
2026-09-02 02:38:14,574 [INFO] ThirdParty:1030 - CMSIS Pack Vendor :Cesanta I-CUBE-Mongoose 7.13.0
2026-09-02 02:38:14,574 [INFO] ThirdParty:1030 - CMSIS Pack Vendor :STMicroelectronics USB_HOST 1.0.0
2026-09-02 02:38:14,574 [INFO] ThirdParty:1030 - CMSIS Pack Vendor :STMicroelectronics X-CUBE-AZRTOS-G4 2.0.0
2026-09-02 02:38:14,574 [INFO] ThirdParty:1030 - CMSIS Pack Vendor :STMicroelectronics X-CUBE-WB05N 2.0.0
2026-09-02 02:38:14,574 [INFO] ThirdParty:1030 - CMSIS Pack Vendor :STMicroelectronics PDM2PCM 3.1.0
2026-09-02 02:38:14,574 [INFO] ThirdParty:1030 - CMSIS Pack Vendor :wolfSSL I-CUBE-wolfTPM 3.8.0
2026-09-02 02:38:14,574 [INFO] ThirdParty:1030 - CMSIS Pack Vendor :wolfSSL I-CUBE-wolfSSH 1.4.20
2026-09-02 02:38:14,574 [INFO] ThirdParty:1030 - CMSIS Pack Vendor :STMicroelectronics X-CUBE-NFC7 2.0.0
2026-09-02 02:38:14,574 [INFO] ThirdParty:1030 - CMSIS Pack Vendor :STMicroelectronics X-CUBE-TCPP 4.2.0
2026-09-02 02:38:14,574 [INFO] ThirdParty:1030 - CMSIS Pack Vendor :RealThread X-CUBE-RT-Thread_Nano 4.1.1
2026-09-02 02:38:14,574 [INFO] ThirdParty:1030 - CMSIS Pack Vendor :STMicroelectronics FP-ATR-SIGFOX1 3.2.0
2026-09-02 02:38:14,574 [INFO] ThirdParty:1030 - CMSIS Pack Vendor :STMicroelectronics X-CUBE-FREERTOS 1.5.0
2026-09-02 02:38:14,574 [INFO] ThirdParty:1030 - CMSIS Pack Vendor :STMicroelectronics MBEDTLS 2.16.2
2026-09-02 02:38:14,574 [INFO] ThirdParty:1030 - CMSIS Pack Vendor :STMicroelectronics X-CUBE-IPS 3.1.0
2026-09-02 02:38:14,574 [INFO] ThirdParty:1030 - CMSIS Pack Vendor :STMicroelectronics X-CUBE-ALS 1.0.2
2026-09-02 02:38:14,574 [INFO] ThirdParty:1030 - CMSIS Pack Vendor :ITTIA_DB I-CUBE-ITTIADB 8.9.0
2026-09-02 02:38:14,574 [INFO] ThirdParty:1030 - CMSIS Pack Vendor :portGmbH I-Cube-SoM-uGOAL 1.1.0
2026-09-02 02:38:14,574 [INFO] ThirdParty:1030 - CMSIS Pack Vendor :STMicroelectronics X-CUBE-NFC6 3.2.0
2026-09-02 02:38:14,574 [INFO] ThirdParty:1030 - CMSIS Pack Vendor :STMicroelectronics X-CUBE-ST67W61 1.0.0
2026-09-02 02:38:14,574 [INFO] ThirdParty:1030 - CMSIS Pack Vendor :STMicroelectronics X-CUBE-AI 10.2.1
2026-09-02 02:38:14,574 [INFO] ThirdParty:1030 - CMSIS Pack Vendor :STMicroelectronics X-CUBE-AI 10.2.0
2026-09-02 02:38:14,574 [INFO] ThirdParty:1030 - CMSIS Pack Vendor :STMicroelectronics ThreadX 1.0.0
2026-09-02 02:38:14,574 [INFO] ThirdParty:1030 - CMSIS Pack Vendor :STMicroelectronics X-CUBE-MEMS1 12.1.0
2026-09-02 02:38:14,574 [INFO] ThirdParty:1030 - CMSIS Pack Vendor :SEGGER I-CUBE-embOS 1.3.1
2026-09-02 02:38:14,574 [INFO] ThirdParty:1030 - CMSIS Pack Vendor :STMicroelectronics X-CUBE-ALGOBUILD 1.4.0
2026-09-02 02:38:14,574 [INFO] ThirdParty:1030 - CMSIS Pack Vendor :STMicroelectronics X-CUBE-MEMS1 11.3.0
2026-09-02 02:38:14,574 [INFO] ThirdParty:1030 - CMSIS Pack Vendor :STMicroelectronics X-CUBE-TOF1 3.4.3
2026-09-02 02:38:14,574 [INFO] ThirdParty:1030 - CMSIS Pack Vendor :STMicroelectronics X-CUBE-NFC13 1.0.0
2026-09-02 02:38:14,605 [INFO] ThirdParty:841 - exiting critical section [change project]
2026-09-02 02:38:15,635 [INFO] PinOutPanel:1589 - setPackage(No Configuration,No Configuration)
2026-09-02 02:38:15,643 [INFO] PinOutPanel:1589 - setPackage(STM32F411VETx,LQFP100)
2026-09-02 02:38:16,303 [INFO] UtilMem:75 - Before build in PCC Used Memory: 912203424 Bytes (1073741824)
2026-09-02 02:38:16,920 [INFO] UtilMem:75 - After build in PCC Used Memory: 956245640 Bytes (1073741824)
2026-09-02 02:38:16,970 [INFO] IPUIPlugin:80 - create IPUIPlugin
2026-09-02 02:38:16,971 [INFO] IPUIPlugin:80 - create IPUIPlugin
2026-09-02 02:38:16,972 [INFO] IPUIPlugin:80 - create IPUIPlugin
2026-09-02 02:38:16,973 [INFO] IPUIPlugin:80 - create IPUIPlugin
2026-09-02 02:38:16,973 [INFO] IPUIPlugin:80 - create IPUIPlugin
2026-09-02 02:38:16,973 [INFO] IPUIPlugin:80 - create IPUIPlugin
2026-09-02 02:38:16,974 [INFO] IPUIPlugin:80 - create IPUIPlugin
2026-09-02 02:38:16,974 [INFO] IPUIPlugin:80 - create IPUIPlugin
2026-09-02 02:38:16,974 [INFO] IPUIPlugin:80 - create IPUIPlugin
2026-09-02 02:38:16,974 [INFO] IPUIPlugin:80 - create IPUIPlugin
2026-09-02 02:38:16,974 [INFO] IPUIPlugin:80 - create IPUIPlugin
2026-09-02 02:38:16,974 [INFO] IPUIPlugin:80 - create IPUIPlugin
2026-09-02 02:38:16,975 [INFO] IPUIPlugin:80 - create IPUIPlugin
2026-09-02 02:38:16,975 [INFO] IPUIPlugin:80 - create IPUIPlugin
2026-09-02 02:38:16,975 [INFO] IPUIPlugin:80 - create IPUIPlugin
2026-09-02 02:38:16,975 [INFO] IPUIPlugin:80 - create IPUIPlugin
2026-09-02 02:38:16,975 [INFO] IPUIPlugin:80 - create IPUIPlugin
2026-09-02 02:38:16,975 [INFO] IPUIPlugin:80 - create IPUIPlugin
2026-09-02 02:38:16,975 [INFO] IPUIPlugin:80 - create IPUIPlugin
2026-09-02 02:38:16,976 [INFO] IPUIPlugin:80 - create IPUIPlugin
2026-09-02 02:38:16,976 [INFO] IPUIPlugin:80 - create IPUIPlugin
2026-09-02 02:38:16,976 [INFO] IPUIPlugin:80 - create IPUIPlugin
2026-09-02 02:38:16,976 [INFO] IPUIPlugin:80 - create IPUIPlugin
2026-09-02 02:38:16,976 [INFO] IPUIPlugin:80 - create IPUIPlugin
2026-09-02 02:38:16,976 [INFO] IPUIPlugin:80 - create IPUIPlugin
2026-09-02 02:38:16,976 [INFO] IPUIPlugin:80 - create IPUIPlugin
2026-09-02 02:38:16,976 [INFO] IPUIPlugin:80 - create IPUIPlugin
2026-09-02 02:38:16,977 [INFO] IPUIPlugin:80 - create IPUIPlugin
2026-09-02 02:38:16,977 [INFO] IPUIPlugin:80 - create IPUIPlugin
2026-09-02 02:38:16,977 [INFO] IPUIPlugin:80 - create IPUIPlugin
2026-09-02 02:38:16,977 [INFO] IPUIPlugin:80 - create IPUIPlugin
2026-09-02 02:38:16,977 [INFO] IPUIPlugin:80 - create IPUIPlugin
2026-09-02 02:38:16,977 [INFO] IPUIPlugin:80 - create IPUIPlugin
2026-09-02 02:38:16,977 [INFO] IPUIPlugin:80 - create IPUIPlugin
2026-09-02 02:38:16,977 [INFO] IPUIPlugin:80 - create IPUIPlugin
2026-09-02 02:38:16,977 [INFO] IPUIPlugin:80 - create IPUIPlugin
2026-09-02 02:38:16,977 [INFO] IPUIPlugin:80 - create IPUIPlugin
2026-09-02 02:38:16,978 [INFO] IPUIPlugin:80 - create IPUIPlugin
2026-09-02 02:38:16,978 [INFO] IPUIPlugin:80 - create IPUIPlugin
2026-09-02 02:38:16,978 [INFO] IPUIPlugin:80 - create IPUIPlugin
2026-09-02 02:38:16,979 [INFO] IPUIPlugin:80 - create IPUIPlugin
2026-09-02 02:38:16,979 [INFO] IPUIPlugin:80 - create IPUIPlugin
2026-09-02 02:38:16,980 [INFO] IPUIPlugin:80 - create IPUIPlugin
2026-09-02 02:38:16,994 [INFO] ApiDbMcu:532 - Load IP Config File for PDM2PCM
2026-09-02 02:38:17,185 [INFO] CADModel:165 - CPN selected for project levelSTM32F411VET6
2026-09-02 02:38:17,185 [INFO] CADModel:114 - Register for checkConnection events
2026-09-02 02:38:17,236 [INFO] OpenFileManager:386 - Restore cursor
2026-09-02 02:51:14,463 [INFO] UtilMem:75 - End SaveConfig() Used Memory: 741108912 Bytes (1073741824)
2026-09-02 02:51:16,185 [INFO] UtilMem:75 - End SaveConfig() Used Memory: 763111648 Bytes (1073741824)
2026-09-02 02:51:19,336 [INFO] UtilMem:75 - End SaveConfig() Used Memory: 835044936 Bytes (1073741824)
2026-09-02 02:51:21,128 [INFO] BlockDiagram:2775 - set Specific Code input for plugin: NVIC
2026-09-02 02:51:21,133 [INFO] BlockDiagram:2775 - set Specific Code input for plugin: TIM1_8
2026-09-02 02:51:21,133 [INFO] BlockDiagram:2775 - set Specific Code input for plugin: SYS
2026-09-02 02:51:21,137 [INFO] BlockDiagram:2775 - set Specific Code input for plugin: GPIO
2026-09-02 02:51:21,138 [INFO] BlockDiagram:2775 - set Specific Code input for plugin: RCC
2026-09-02 02:51:21,141 [INFO] CodeGenerator:892 - code generatio: config db path: /Applications/STM32CubeIDE.app/Contents/Eclipse/plugins/com.st.stm32cube.common.mx_6.15.0.202507011659//db/
2026-09-02 02:51:21,405 [INFO] CodeEngine:265 - oldGeneratedFile, /Users/MAC/STM32CubeIDE/workspace_1.19.0/Demo_Project/MXTmpFiles/license.tmp_save
2026-09-02 02:51:21,860 [INFO] CodeEngine:289 - Generated code: /Users/MAC/STM32CubeIDE/workspace_1.19.0/Demo_Project/MXTmpFiles/license.tmp
2026-09-02 02:51:22,043 [INFO] CodeEngine:265 - oldGeneratedFile, /Users/MAC/STM32CubeIDE/workspace_1.19.0/Demo_Project/MXTmpFiles/gpio.tmp_save
2026-09-02 02:51:22,242 [INFO] CodeEngine:289 - Generated code: /Users/MAC/STM32CubeIDE/workspace_1.19.0/Demo_Project/MXTmpFiles/gpio.tmp
2026-09-02 02:51:22,430 [INFO] CodeEngine:265 - oldGeneratedFile, /Users/MAC/STM32CubeIDE/workspace_1.19.0/Demo_Project/Core/Src/stm32f4xx_it.c_save
2026-09-02 02:51:22,793 [INFO] CodeEngine:289 - Generated code: /Users/MAC/STM32CubeIDE/workspace_1.19.0/Demo_Project/Core/Src/stm32f4xx_it.c
2026-09-02 02:51:22,796 [INFO] CodeEngine:265 - oldGeneratedFile, /Users/MAC/STM32CubeIDE/workspace_1.19.0/Demo_Project/Core/Inc/stm32f4xx_it.h_save
2026-09-02 02:51:22,864 [INFO] CodeEngine:289 - Generated code: /Users/MAC/STM32CubeIDE/workspace_1.19.0/Demo_Project/Core/Inc/stm32f4xx_it.h
2026-09-02 02:51:22,871 [INFO] CodeEngine:265 - oldGeneratedFile, /Users/MAC/STM32CubeIDE/workspace_1.19.0/Demo_Project/Core/Src/stm32f4xx_hal_msp.c_save
2026-09-02 02:51:22,999 [INFO] CodeEngine:289 - Generated code: /Users/MAC/STM32CubeIDE/workspace_1.19.0/Demo_Project/Core/Src/stm32f4xx_hal_msp.c
2026-09-02 02:51:23,003 [INFO] CodeEngine:265 - oldGeneratedFile, /Users/MAC/STM32CubeIDE/workspace_1.19.0/Demo_Project/MXTmpFiles/system.tmp_save
2026-09-02 02:51:23,061 [INFO] CodeEngine:289 - Generated code: /Users/MAC/STM32CubeIDE/workspace_1.19.0/Demo_Project/MXTmpFiles/system.tmp
2026-09-02 02:51:23,068 [INFO] CodeEngine:321 - oldGeneratedFile, /Users/MAC/STM32CubeIDE/workspace_1.19.0/Demo_Project/Core/Inc/stm32f4xx_hal_conf.h_save
2026-09-02 02:51:23,140 [INFO] CodeEngine:345 - Generated code: /Users/MAC/STM32CubeIDE/workspace_1.19.0/Demo_Project/Core/Inc/stm32f4xx_hal_conf.h
2026-09-02 02:51:23,223 [INFO] ApiDbMcu:532 - Load IP Config File for TIM2
2026-09-02 02:51:23,229 [INFO] ApiDbMcu:532 - Load IP Config File for RCC
2026-09-02 02:51:23,230 [WARN] IPConfigManager:3811 - IP not found : TIM
2026-09-02 02:51:23,230 [WARN] CodeGenerator:4259 - IP not found : null
2026-09-02 02:51:23,236 [INFO] CodeEngine:265 - oldGeneratedFile, /Users/MAC/STM32CubeIDE/workspace_1.19.0/Demo_Project/Core/Inc/main.h_save
2026-09-02 02:51:23,343 [INFO] CodeEngine:289 - Generated code: /Users/MAC/STM32CubeIDE/workspace_1.19.0/Demo_Project/Core/Inc/main.h
2026-09-02 02:51:23,347 [INFO] CodeEngine:265 - oldGeneratedFile, /Users/MAC/STM32CubeIDE/workspace_1.19.0/Demo_Project/Core/Src/main.c_save
2026-09-02 02:51:23,527 [INFO] CodeEngine:289 - Generated code: /Users/MAC/STM32CubeIDE/workspace_1.19.0/Demo_Project/Core/Src/main.c
2026-09-02 02:51:23,760 [INFO] ProjectBuilder:3606 - Time for Copy HAL[1] : 80mS.
2026-09-02 02:51:23,765 [INFO] ProjectBuilder:5216 - Project Generator version: 4.7.0-B52
2026-09-02 02:51:23,848 [INFO] ConfigFileManager:1595 - The Die is : DIE431
2026-09-02 02:51:23,858 [INFO] ApiDbMcu:532 - Load IP Config File for FATFS
2026-09-02 02:51:23,868 [INFO] ApiDbMcu:532 - Load IP Config File for FREERTOS
2026-09-02 02:51:23,874 [INFO] ApiDbMcu:532 - Load IP Config File for LIBJPEG
2026-09-02 02:51:23,883 [INFO] ApiDbMcu:532 - Load IP Config File for MBEDTLS
2026-09-02 02:51:23,895 [INFO] ApiDbMcu:532 - Load IP Config File for USB_DEVICE
2026-09-02 02:51:23,900 [INFO] ApiDbMcu:532 - Load IP Config File for USB_HOST
2026-09-02 02:51:28,582 [INFO] ProjectBuilder:5496 - Time for Generating toolchain IDE Files: 4808mS.
2026-09-02 02:51:28,593 [INFO] ProjectBuilder:3463 - Time for Copy CMSIS : 1mS.
2026-09-02 02:51:28,597 [INFO] ProjectBuilder:3463 - Time for Copy CMSIS : 0mS.
2026-09-02 13:38:31,327 [INFO] ADCParametersView:116 -                Rank 1 : false
2026-09-02 13:38:31,570 [INFO] ADCParametersView:116 -                Rank 1 : false
2026-09-02 13:38:31,575 [INFO] ADCParametersView:116 -                Rank 1 : false
2026-09-02 13:38:31,575 [INFO] ADCParametersView:116 -                Rank 1 : false
2026-09-02 13:38:31,576 [INFO] ADCParametersView:116 -                Rank 1 : false
2026-09-02 13:38:31,577 [INFO] ADCParametersView:116 -                Rank 1 : false
2026-09-02 13:38:31,577 [INFO] ADCParametersView:116 -                Rank 1 : false
2026-09-02 13:38:31,578 [INFO] ADCParametersView:116 -                Rank 1 : false
2026-09-02 13:38:31,579 [INFO] ADCParametersView:116 -                Rank 1 : false
2026-09-02 13:38:31,579 [INFO] ADCParametersView:116 -                Rank 1 : false
2026-09-02 13:38:31,579 [INFO] ADCParametersView:116 -                Rank 1 : false
2026-09-02 13:38:31,580 [INFO] ADCParametersView:116 -                Rank 1 : false
2026-09-02 13:38:31,581 [INFO] ADCParametersView:116 -                Rank 1 : false
2026-09-02 13:38:31,584 [INFO] ADCParametersView:116 -                Rank 1 : false
2026-09-02 13:38:31,585 [INFO] ADCParametersView:116 -                Rank 1 : false
2026-09-02 13:38:31,614 [INFO] ADCParametersView:116 -                Rank 1 : false
2026-09-02 13:38:31,906 [INFO] NvicIntPanel:101 - NVIC parent = com.st.microxplorer.plugins.ip.nvic.MultiNvicIntPanel[,0,0,0x0,invalid,layout=javax.swing.BoxLayout,alignmentX=0.0,alignmentY=0.0,border=,flags=9,maximumSize=,minimumSize=,preferredSize=]
2026-09-02 13:38:32,207 [INFO] NvicIntPanel:101 - NVIC parent = com.st.microxplorer.plugins.ip.nvic.MultiNvicIntPanel[,0,0,0x0,invalid,layout=javax.swing.BoxLayout,alignmentX=0.0,alignmentY=0.0,border=,flags=9,maximumSize=,minimumSize=,preferredSize=]
2026-09-02 13:38:32,412 [INFO] NvicIntPanel:101 - NVIC parent = com.st.microxplorer.plugins.ip.nvic.MultiNvicIntPanel[,0,0,0x0,invalid,layout=javax.swing.BoxLayout,alignmentX=0.0,alignmentY=0.0,border=,flags=9,maximumSize=,minimumSize=,preferredSize=]
2026-09-02 13:38:32,501 [INFO] ADCParametersView:116 -                Rank 1 : false
2026-09-02 13:38:32,502 [INFO] ADCParametersView:116 -                Rank 1 : false
2026-09-02 13:38:32,505 [INFO] ADCParametersView:116 -                Rank 1 : false
2026-09-02 13:38:32,508 [INFO] ADCParametersView:116 -                Rank 1 : false
2026-09-02 13:38:32,510 [INFO] ADCParametersView:116 -                Rank 1 : false
2026-09-02 13:38:32,512 [INFO] ADCParametersView:116 -                Rank 1 : false
2026-09-02 13:38:32,515 [INFO] ADCParametersView:116 -                Rank 1 : false
2026-09-02 13:38:32,516 [INFO] ADCParametersView:116 -                Rank 1 : false
2026-09-02 13:38:32,517 [INFO] ADCParametersView:116 -                Rank 1 : false
2026-09-02 13:38:32,517 [INFO] ADCParametersView:116 -                Rank 1 : false
2026-09-02 13:38:32,517 [INFO] ADCParametersView:116 -                Rank 1 : false
2026-09-02 13:38:32,518 [INFO] ADCParametersView:116 -                Rank 1 : false
2026-09-02 13:38:32,518 [INFO] ADCParametersView:116 -                Rank 1 : false
2026-09-02 13:38:32,518 [INFO] ADCParametersView:116 -                Rank 1 : false
2026-09-02 13:38:32,556 [INFO] ADCParametersView:116 -                Rank 1 : false
2026-09-02 13:38:32,616 [INFO] ADCParametersView:116 -                Rank 1 : false
2026-09-02 13:38:32,617 [INFO] ADCParametersView:116 -                Rank 1 : false
2026-09-02 13:38:32,617 [INFO] ADCParametersView:116 -                Rank 1 : false
2026-09-02 13:38:32,619 [INFO] ADCParametersView:116 -                Rank 1 : false
2026-09-02 13:38:32,620 [INFO] ADCParametersView:116 -                Rank 1 : false
2026-09-02 13:38:32,621 [INFO] ADCParametersView:116 -                Rank 1 : false
2026-09-02 13:38:32,621 [INFO] ADCParametersView:116 -                Rank 1 : false
2026-09-02 13:38:32,621 [INFO] ADCParametersView:116 -                Rank 1 : false
2026-09-02 13:38:32,622 [INFO] ADCParametersView:116 -                Rank 1 : false
2026-09-02 13:38:32,622 [INFO] ADCParametersView:116 -                Rank 1 : false
2026-09-02 13:38:32,622 [INFO] ADCParametersView:116 -                Rank 1 : false
2026-09-02 13:38:32,623 [INFO] ADCParametersView:116 -                Rank 1 : false
2026-09-02 13:38:32,623 [INFO] ADCParametersView:116 -                Rank 1 : false
2026-09-02 13:38:32,625 [INFO] ADCParametersView:116 -                Rank 1 : false
2026-09-02 13:38:32,668 [INFO] ADCParametersView:116 -                Rank 1 : false
2026-09-02 13:39:27,285 [INFO] ADCParametersView:116 -                Rank 1 : false
2026-09-02 13:39:27,329 [INFO] ADCParametersView:116 -                Rank 1 : false
2026-09-02 13:39:27,335 [INFO] ADCParametersView:116 -                Rank 1 : false
2026-09-02 13:39:27,336 [INFO] ADCParametersView:116 -                Rank 1 : false
2026-09-02 13:39:27,336 [INFO] ADCParametersView:116 -                Rank 1 : false
2026-09-02 13:39:27,337 [INFO] ADCParametersView:116 -                Rank 1 : false
2026-09-02 13:39:27,337 [INFO] ADCParametersView:116 -                Rank 1 : false
2026-09-02 13:39:27,337 [INFO] ADCParametersView:116 -                Rank 1 : false
2026-09-02 13:39:27,338 [INFO] ADCParametersView:116 -                Rank 1 : false
2026-09-02 13:39:27,338 [INFO] ADCParametersView:116 -                Rank 1 : false
2026-09-02 13:39:27,341 [INFO] ADCParametersView:116 -                Rank 1 : false
2026-09-02 13:39:27,342 [INFO] ADCParametersView:116 -                Rank 1 : false
2026-09-02 13:39:27,342 [INFO] ADCParametersView:116 -                Rank 1 : false
2026-09-02 13:39:27,342 [INFO] ADCParametersView:116 -                Rank 1 : false
2026-09-02 13:39:27,405 [INFO] ADCParametersView:116 -                Rank 1 : false
2026-09-02 13:39:27,567 [INFO] ADCParametersView:116 -                Rank 1 : false
2026-09-02 13:39:27,575 [INFO] ADCParametersView:116 -                Rank 1 : false
2026-09-02 13:39:27,575 [INFO] ADCParametersView:116 -                Rank 1 : false
2026-09-02 13:39:27,576 [INFO] ADCParametersView:116 -                Rank 1 : false
2026-09-02 13:39:27,576 [INFO] ADCParametersView:116 -                Rank 1 : false
2026-09-02 13:39:27,577 [INFO] ADCParametersView:116 -                Rank 1 : false
2026-09-02 13:39:27,577 [INFO] ADCParametersView:116 -                Rank 1 : false
2026-09-02 13:39:27,577 [INFO] ADCParametersView:116 -                Rank 1 : false
2026-09-02 13:39:27,578 [INFO] ADCParametersView:116 -                Rank 1 : false
2026-09-02 13:39:27,578 [INFO] ADCParametersView:116 -                Rank 1 : false
2026-09-02 13:39:27,578 [INFO] ADCParametersView:116 -                Rank 1 : false
2026-09-02 13:39:27,578 [INFO] ADCParametersView:116 -                Rank 1 : false
2026-09-02 13:39:27,579 [INFO] ADCParametersView:116 -                Rank 1 : false
2026-09-02 13:39:27,579 [INFO] ADCParametersView:116 -                Rank 1 : false
2026-09-02 13:39:27,608 [INFO] ADCParametersView:116 -                Rank 1 : false
2026-09-02 13:39:27,863 [INFO] ADCParametersView:116 -                Rank 1 : false
2026-09-02 13:39:27,869 [INFO] ADCParametersView:116 -                Rank 1 : false
2026-09-02 13:39:27,876 [INFO] ADCParametersView:116 -                Rank 1 : false
2026-09-02 13:39:27,878 [INFO] ADCParametersView:116 -                Rank 1 : false
2026-09-02 13:39:27,879 [INFO] ADCParametersView:116 -                Rank 1 : false
2026-09-02 13:39:27,880 [INFO] ADCParametersView:116 -                Rank 1 : false
2026-09-02 13:39:27,880 [INFO] ADCParametersView:116 -                Rank 1 : false
2026-09-02 13:39:27,880 [INFO] ADCParametersView:116 -                Rank 1 : false
2026-09-02 13:39:27,881 [INFO] ADCParametersView:116 -                Rank 1 : false
2026-09-02 13:39:27,881 [INFO] ADCParametersView:116 -                Rank 1 : false
2026-09-02 13:39:27,882 [INFO] ADCParametersView:116 -                Rank 1 : false
2026-09-02 13:39:27,882 [INFO] ADCParametersView:116 -                Rank 1 : false
2026-09-02 13:39:27,882 [INFO] ADCParametersView:116 -                Rank 1 : false
2026-09-02 13:39:27,882 [INFO] ADCParametersView:116 -                Rank 1 : false
2026-09-02 13:39:27,946 [INFO] ADCParametersView:116 -                Rank 1 : false
2026-09-02 13:39:29,240 [INFO] NvicIntPanel:101 - NVIC parent = com.st.microxplorer.plugins.ip.nvic.MultiNvicIntPanel[,0,0,0x0,invalid,layout=javax.swing.BoxLayout,alignmentX=0.0,alignmentY=0.0,border=,flags=9,maximumSize=,minimumSize=,preferredSize=]
2026-09-02 13:39:29,322 [INFO] ADCParametersView:116 -                Rank 1 : false
2026-09-02 13:39:29,331 [INFO] ADCParametersView:116 -                Rank 1 : false
2026-09-02 13:39:29,332 [INFO] ADCParametersView:116 -                Rank 1 : false
2026-09-02 13:39:29,333 [INFO] ADCParametersView:116 -                Rank 1 : false
2026-09-02 13:39:29,333 [INFO] ADCParametersView:116 -                Rank 1 : false
2026-09-02 13:39:29,334 [INFO] ADCParametersView:116 -                Rank 1 : false
2026-09-02 13:39:29,334 [INFO] ADCParametersView:116 -                Rank 1 : false
2026-09-02 13:39:29,334 [INFO] ADCParametersView:116 -                Rank 1 : false
2026-09-02 13:39:29,334 [INFO] ADCParametersView:116 -                Rank 1 : false
2026-09-02 13:39:29,335 [INFO] ADCParametersView:116 -                Rank 1 : false
2026-09-02 13:39:29,335 [INFO] ADCParametersView:116 -                Rank 1 : false
2026-09-02 13:39:29,336 [INFO] ADCParametersView:116 -                Rank 1 : false
2026-09-02 13:39:29,336 [INFO] ADCParametersView:116 -                Rank 1 : false
2026-09-02 13:39:29,336 [INFO] ADCParametersView:116 -                Rank 1 : false
2026-09-02 13:39:29,381 [INFO] ADCParametersView:116 -                Rank 1 : false
2026-09-02 13:40:38,719 [INFO] ADCParametersView:116 -                Rank 1 : false
2026-09-02 13:40:38,776 [INFO] ADCParametersView:116 -                Rank 1 : false
2026-09-02 13:40:38,782 [INFO] ADCParametersView:116 -                Rank 1 : false
2026-09-02 13:40:38,782 [INFO] ADCParametersView:116 -                Rank 1 : false
2026-09-02 13:40:38,782 [INFO] ADCParametersView:116 -                Rank 1 : false
2026-09-02 13:40:38,783 [INFO] ADCParametersView:116 -                Rank 1 : false
2026-09-02 13:40:38,783 [INFO] ADCParametersView:116 -                Rank 1 : false
2026-09-02 13:40:38,783 [INFO] ADCParametersView:116 -                Rank 1 : false
2026-09-02 13:40:38,783 [INFO] ADCParametersView:116 -                Rank 1 : false
2026-09-02 13:40:38,784 [INFO] ADCParametersView:116 -                Rank 1 : false
2026-09-02 13:40:38,784 [INFO] ADCParametersView:116 -                Rank 1 : false
2026-09-02 13:40:38,784 [INFO] ADCParametersView:116 -                Rank 1 : false
2026-09-02 13:40:38,784 [INFO] ADCParametersView:116 -                Rank 1 : false
2026-09-02 13:40:38,784 [INFO] ADCParametersView:116 -                Rank 1 : false
2026-09-02 13:40:39,025 [INFO] ADCParametersView:116 -                Rank 1 : false
2026-09-02 13:40:39,035 [INFO] ADCParametersView:116 -                Rank 1 : false
2026-09-02 13:40:39,039 [INFO] ADCParametersView:116 -                Rank 1 : false
2026-09-02 13:40:39,040 [INFO] ADCParametersView:116 -                Rank 1 : false
2026-09-02 13:40:39,040 [INFO] ADCParametersView:116 -                Rank 1 : false
2026-09-02 13:40:39,041 [INFO] ADCParametersView:116 -                Rank 1 : false
2026-09-02 13:40:39,041 [INFO] ADCParametersView:116 -                Rank 1 : false
2026-09-02 13:40:39,042 [INFO] ADCParametersView:116 -                Rank 1 : false
2026-09-02 13:40:39,043 [INFO] ADCParametersView:116 -                Rank 1 : false
2026-09-02 13:40:39,044 [INFO] ADCParametersView:116 -                Rank 1 : false
2026-09-02 13:40:39,045 [INFO] ADCParametersView:116 -                Rank 1 : false
2026-09-02 13:40:39,046 [INFO] ADCParametersView:116 -                Rank 1 : false
2026-09-02 13:40:39,046 [INFO] ADCParametersView:116 -                Rank 1 : false
2026-09-02 13:40:39,046 [INFO] ADCParametersView:116 -                Rank 1 : false
2026-09-02 13:40:39,050 [INFO] ADCParametersView:116 -                Rank 1 : false
2026-09-02 13:40:39,097 [INFO] ADCParametersView:116 -                Rank 1 : false
2026-09-02 13:40:42,180 [INFO] ADCParametersView:116 -                Rank 1 : false
2026-09-02 13:40:42,184 [INFO] ADCParametersView:116 -                Rank 1 : false
2026-09-02 13:40:42,185 [INFO] ADCParametersView:116 -                Rank 1 : false
2026-09-02 13:40:42,186 [INFO] ADCParametersView:116 -                Rank 1 : false
2026-09-02 13:40:42,186 [INFO] ADCParametersView:116 -                Rank 1 : false
2026-09-02 13:40:42,187 [INFO] ADCParametersView:116 -                Rank 1 : false
2026-09-02 13:40:42,187 [INFO] ADCParametersView:116 -                Rank 1 : false
2026-09-02 13:40:42,187 [INFO] ADCParametersView:116 -                Rank 1 : false
2026-09-02 13:40:42,188 [INFO] ADCParametersView:116 -                Rank 1 : false
2026-09-02 13:40:42,188 [INFO] ADCParametersView:116 -                Rank 1 : false
2026-09-02 13:40:42,189 [INFO] ADCParametersView:116 -                Rank 1 : false
2026-09-02 13:40:42,189 [INFO] ADCParametersView:116 -                Rank 1 : false
2026-09-02 13:40:42,189 [INFO] ADCParametersView:116 -                Rank 1 : false
2026-09-02 13:40:42,189 [INFO] ADCParametersView:116 -                Rank 1 : false
2026-09-02 13:40:42,245 [INFO] ADCParametersView:116 -                Rank 1 : false
2026-09-02 13:40:42,254 [INFO] ADCParametersView:116 -                Rank 1 : false
2026-09-02 13:40:42,258 [INFO] ADCParametersView:116 -                Rank 1 : false
2026-09-02 13:40:42,259 [INFO] ADCParametersView:116 -                Rank 1 : false
2026-09-02 13:40:42,259 [INFO] ADCParametersView:116 -                Rank 1 : false
2026-09-02 13:40:42,260 [INFO] ADCParametersView:116 -                Rank 1 : false
2026-09-02 13:40:42,260 [INFO] ADCParametersView:116 -                Rank 1 : false
2026-09-02 13:40:42,260 [INFO] ADCParametersView:116 -                Rank 1 : false
2026-09-02 13:40:42,261 [INFO] ADCParametersView:116 -                Rank 1 : false
2026-09-02 13:40:42,261 [INFO] ADCParametersView:116 -                Rank 1 : false
2026-09-02 13:40:42,261 [INFO] ADCParametersView:116 -                Rank 1 : false
2026-09-02 13:40:42,261 [INFO] ADCParametersView:116 -                Rank 1 : false
2026-09-02 13:40:42,262 [INFO] ADCParametersView:116 -                Rank 1 : false
2026-09-02 13:40:42,262 [INFO] ADCParametersView:116 -                Rank 1 : false
2026-09-02 13:40:42,262 [INFO] ADCParametersView:116 -                Rank 1 : false
2026-09-02 13:40:42,303 [INFO] ADCParametersView:116 -                Rank 1 : false
2026-09-02 13:40:50,412 [INFO] UtilMem:75 - End SaveConfig() Used Memory: 898665984 Bytes (1073741824)
2026-09-02 13:40:55,438 [INFO] UtilMem:75 - End SaveConfig() Used Memory: 705707664 Bytes (1073741824)
2026-09-02 13:41:00,153 [INFO] UtilMem:75 - End SaveConfig() Used Memory: 797982352 Bytes (1073741824)
2026-09-02 13:41:01,040 [INFO] BlockDiagram:2775 - set Specific Code input for plugin: NVIC
2026-09-02 13:41:01,041 [INFO] BlockDiagram:2775 - set Specific Code input for plugin: TIM1_8
2026-09-02 13:41:01,041 [INFO] BlockDiagram:2775 - set Specific Code input for plugin: SYS
2026-09-02 13:41:01,042 [INFO] BlockDiagram:2775 - set Specific Code input for plugin: GPIO
2026-09-02 13:41:01,042 [INFO] BlockDiagram:2775 - set Specific Code input for plugin: ADC
2026-09-02 13:41:01,042 [INFO] BlockDiagram:2775 - set Specific Code input for plugin: RCC
2026-09-02 13:41:01,043 [INFO] CodeGenerator:892 - code generatio: config db path: /Applications/STM32CubeIDE.app/Contents/Eclipse/plugins/com.st.stm32cube.common.mx_6.15.0.202507011659//db/
2026-09-02 13:41:01,260 [INFO] CodeEngine:265 - oldGeneratedFile, /Users/MAC/STM32CubeIDE/workspace_1.19.0/Demo_Project/MXTmpFiles/license.tmp_save
2026-09-02 13:41:01,871 [INFO] CodeEngine:289 - Generated code: /Users/MAC/STM32CubeIDE/workspace_1.19.0/Demo_Project/MXTmpFiles/license.tmp
2026-09-02 13:41:02,085 [INFO] CodeEngine:265 - oldGeneratedFile, /Users/MAC/STM32CubeIDE/workspace_1.19.0/Demo_Project/MXTmpFiles/gpio.tmp_save
2026-09-02 13:41:02,433 [INFO] CodeEngine:289 - Generated code: /Users/MAC/STM32CubeIDE/workspace_1.19.0/Demo_Project/MXTmpFiles/gpio.tmp
2026-09-02 13:41:02,899 [INFO] CodeEngine:265 - oldGeneratedFile, /Users/MAC/STM32CubeIDE/workspace_1.19.0/Demo_Project/Core/Src/stm32f4xx_it.c_save
2026-09-02 13:41:03,410 [INFO] CodeEngine:289 - Generated code: /Users/MAC/STM32CubeIDE/workspace_1.19.0/Demo_Project/Core/Src/stm32f4xx_it.c
2026-09-02 13:41:03,414 [INFO] CodeEngine:265 - oldGeneratedFile, /Users/MAC/STM32CubeIDE/workspace_1.19.0/Demo_Project/Core/Inc/stm32f4xx_it.h_save
2026-09-02 13:41:03,533 [INFO] CodeEngine:289 - Generated code: /Users/MAC/STM32CubeIDE/workspace_1.19.0/Demo_Project/Core/Inc/stm32f4xx_it.h
2026-09-02 13:41:03,545 [INFO] CodeEngine:265 - oldGeneratedFile, /Users/MAC/STM32CubeIDE/workspace_1.19.0/Demo_Project/Core/Src/stm32f4xx_hal_msp.c_save
2026-09-02 13:41:03,812 [INFO] CodeEngine:289 - Generated code: /Users/MAC/STM32CubeIDE/workspace_1.19.0/Demo_Project/Core/Src/stm32f4xx_hal_msp.c
2026-09-02 13:41:03,816 [INFO] CodeEngine:265 - oldGeneratedFile, /Users/MAC/STM32CubeIDE/workspace_1.19.0/Demo_Project/MXTmpFiles/system.tmp_save
2026-09-02 13:41:03,926 [INFO] CodeEngine:289 - Generated code: /Users/MAC/STM32CubeIDE/workspace_1.19.0/Demo_Project/MXTmpFiles/system.tmp
2026-09-02 13:41:03,934 [INFO] CodeEngine:321 - oldGeneratedFile, /Users/MAC/STM32CubeIDE/workspace_1.19.0/Demo_Project/Core/Inc/stm32f4xx_hal_conf.h_save
2026-09-02 13:41:04,056 [INFO] CodeEngine:345 - Generated code: /Users/MAC/STM32CubeIDE/workspace_1.19.0/Demo_Project/Core/Inc/stm32f4xx_hal_conf.h
2026-09-02 13:41:04,185 [INFO] ApiDbMcu:532 - Load IP Config File for ADC1
2026-09-02 13:41:04,187 [WARN] IPConfigManager:3811 - IP not found : TIM
2026-09-02 13:41:04,187 [WARN] CodeGenerator:4259 - IP not found : null
2026-09-02 13:41:04,195 [INFO] CodeEngine:265 - oldGeneratedFile, /Users/MAC/STM32CubeIDE/workspace_1.19.0/Demo_Project/Core/Inc/main.h_save
2026-09-02 13:41:04,446 [INFO] CodeEngine:289 - Generated code: /Users/MAC/STM32CubeIDE/workspace_1.19.0/Demo_Project/Core/Inc/main.h
2026-09-02 13:41:04,451 [INFO] CodeEngine:265 - oldGeneratedFile, /Users/MAC/STM32CubeIDE/workspace_1.19.0/Demo_Project/Core/Src/main.c_save
2026-09-02 13:41:04,789 [INFO] CodeEngine:289 - Generated code: /Users/MAC/STM32CubeIDE/workspace_1.19.0/Demo_Project/Core/Src/main.c
2026-09-02 13:41:05,285 [INFO] ProjectBuilder:3606 - Time for Copy HAL[1] : 114mS.
2026-09-02 13:41:05,292 [INFO] ProjectBuilder:5216 - Project Generator version: 4.7.0-B52
2026-09-02 13:41:05,819 [INFO] ConfigFileManager:1595 - The Die is : DIE431
2026-09-02 13:41:16,058 [INFO] ProjectBuilder:5496 - Time for Generating toolchain IDE Files: 10727mS.
2026-09-02 13:41:16,104 [INFO] ProjectBuilder:3463 - Time for Copy CMSIS : 5mS.
2026-09-02 13:41:16,120 [INFO] ProjectBuilder:3463 - Time for Copy CMSIS : 0mS.
2026-09-02 16:42:01,186 [INFO] ADCParametersView:116 -                Rank 1 : false
2026-09-02 16:42:01,243 [INFO] ADCParametersView:116 -                Rank 1 : false
2026-09-02 16:42:01,246 [INFO] ADCParametersView:116 -                Rank 1 : false
2026-09-02 16:42:01,248 [INFO] ADCParametersView:116 -                Rank 1 : false
2026-09-02 16:42:01,252 [INFO] ADCParametersView:116 -                Rank 1 : false
2026-09-02 16:42:01,253 [INFO] ADCParametersView:116 -                Rank 1 : false
2026-09-02 16:42:01,257 [INFO] ADCParametersView:116 -                Rank 1 : false
2026-09-02 16:42:01,259 [INFO] ADCParametersView:116 -                Rank 1 : false
2026-09-02 16:42:01,261 [INFO] ADCParametersView:116 -                Rank 1 : false
2026-09-02 16:42:01,262 [INFO] ADCParametersView:116 -                Rank 1 : false
2026-09-02 16:42:01,263 [INFO] ADCParametersView:116 -                Rank 1 : false
2026-09-02 16:42:01,264 [INFO] ADCParametersView:116 -                Rank 1 : false
2026-09-02 16:42:01,264 [INFO] ADCParametersView:116 -                Rank 1 : false
2026-09-02 16:42:01,264 [INFO] ADCParametersView:116 -                Rank 1 : false
2026-09-02 16:42:01,486 [INFO] ADCParametersView:116 -                Rank 1 : false
2026-09-02 16:42:01,756 [INFO] ADCParametersView:116 -                Rank 1 : false
2026-09-02 16:42:01,762 [INFO] ADCParametersView:116 -                Rank 1 : false
2026-09-02 16:42:01,762 [INFO] ADCParametersView:116 -                Rank 1 : false
2026-09-02 16:42:01,763 [INFO] ADCParametersView:116 -                Rank 1 : false
2026-09-02 16:42:01,764 [INFO] ADCParametersView:116 -                Rank 1 : false
2026-09-02 16:42:01,764 [INFO] ADCParametersView:116 -                Rank 1 : false
2026-09-02 16:42:01,765 [INFO] ADCParametersView:116 -                Rank 1 : false
2026-09-02 16:42:01,766 [INFO] ADCParametersView:116 -                Rank 1 : false
2026-09-02 16:42:01,766 [INFO] ADCParametersView:116 -                Rank 1 : false
2026-09-02 16:42:01,766 [INFO] ADCParametersView:116 -                Rank 1 : false
2026-09-02 16:42:01,767 [INFO] ADCParametersView:116 -                Rank 1 : false
2026-09-02 16:42:01,768 [INFO] ADCParametersView:116 -                Rank 1 : false
2026-09-02 16:42:01,769 [INFO] ADCParametersView:116 -                Rank 1 : false
2026-09-02 16:42:01,769 [INFO] ADCParametersView:116 -                Rank 1 : false
2026-09-02 16:42:01,912 [INFO] ADCParametersView:116 -                Rank 1 : false
2026-09-02 16:42:02,994 [INFO] ADCParametersView:116 -                Rank 1 : false
2026-09-02 16:42:03,026 [INFO] ADCParametersView:116 -                Rank 1 : false
2026-09-02 16:42:03,027 [INFO] ADCParametersView:116 -                Rank 1 : false
2026-09-02 16:42:03,028 [INFO] ADCParametersView:116 -                Rank 1 : false
2026-09-02 16:42:03,028 [INFO] ADCParametersView:116 -                Rank 1 : false
2026-09-02 16:42:03,028 [INFO] ADCParametersView:116 -                Rank 1 : false
2026-09-02 16:42:03,028 [INFO] ADCParametersView:116 -                Rank 1 : false
2026-09-02 16:42:03,029 [INFO] ADCParametersView:116 -                Rank 1 : false
2026-09-02 16:42:03,029 [INFO] ADCParametersView:116 -                Rank 1 : false
2026-09-02 16:42:03,029 [INFO] ADCParametersView:116 -                Rank 1 : false
2026-09-02 16:42:03,029 [INFO] ADCParametersView:116 -                Rank 1 : false
2026-09-02 16:42:03,030 [INFO] ADCParametersView:116 -                Rank 1 : false
2026-09-02 16:42:03,031 [INFO] ADCParametersView:116 -                Rank 1 : false
2026-09-02 16:42:03,033 [INFO] ADCParametersView:116 -                Rank 1 : false
2026-09-02 16:42:03,152 [INFO] ADCParametersView:116 -                Rank 1 : false
2026-09-02 16:42:03,332 [INFO] ADCParametersView:116 -                Rank 1 : false
2026-09-02 16:42:03,336 [INFO] ADCParametersView:116 -                Rank 1 : false
2026-09-02 16:42:03,337 [INFO] ADCParametersView:116 -                Rank 1 : false
2026-09-02 16:42:03,337 [INFO] ADCParametersView:116 -                Rank 1 : false
2026-09-02 16:42:03,337 [INFO] ADCParametersView:116 -                Rank 1 : false
2026-09-02 16:42:03,337 [INFO] ADCParametersView:116 -                Rank 1 : false
2026-09-02 16:42:03,338 [INFO] ADCParametersView:116 -                Rank 1 : false
2026-09-02 16:42:03,338 [INFO] ADCParametersView:116 -                Rank 1 : false
2026-09-02 16:42:03,339 [INFO] ADCParametersView:116 -                Rank 1 : false
2026-09-02 16:42:03,339 [INFO] ADCParametersView:116 -                Rank 1 : false
2026-09-02 16:42:03,339 [INFO] ADCParametersView:116 -                Rank 1 : false
2026-09-02 16:42:03,340 [INFO] ADCParametersView:116 -                Rank 1 : false
2026-09-02 16:42:03,340 [INFO] ADCParametersView:116 -                Rank 1 : false
2026-09-02 16:42:03,341 [INFO] ADCParametersView:116 -                Rank 1 : false
2026-09-02 16:42:03,471 [INFO] ADCParametersView:116 -                Rank 1 : false
2026-09-02 16:42:07,172 [INFO] ADCParametersView:116 -                Rank 1 : false
2026-09-02 16:42:07,258 [INFO] ADCParametersView:116 -                Rank 1 : false
2026-09-02 16:42:07,260 [INFO] ADCParametersView:116 -                Rank 1 : false
2026-09-02 16:42:07,260 [INFO] ADCParametersView:116 -                Rank 1 : false
2026-09-02 16:42:07,261 [INFO] ADCParametersView:116 -                Rank 1 : false
2026-09-02 16:42:07,262 [INFO] ADCParametersView:116 -                Rank 1 : false
2026-09-02 16:42:07,263 [INFO] ADCParametersView:116 -                Rank 1 : false
2026-09-02 16:42:07,264 [INFO] ADCParametersView:116 -                Rank 1 : false
2026-09-02 16:42:07,264 [INFO] ADCParametersView:116 -                Rank 1 : false
2026-09-02 16:42:07,265 [INFO] ADCParametersView:116 -                Rank 1 : false
2026-09-02 16:42:07,265 [INFO] ADCParametersView:116 -                Rank 1 : false
2026-09-02 16:42:07,267 [INFO] ADCParametersView:116 -                Rank 1 : false
2026-09-02 16:42:07,268 [INFO] ADCParametersView:116 -                Rank 1 : false
2026-09-02 16:42:07,270 [INFO] ADCParametersView:116 -                Rank 1 : false
2026-09-02 16:42:07,397 [INFO] ADCParametersView:116 -                Rank 1 : false
2026-09-02 16:42:07,582 [INFO] ADCParametersView:116 -                Rank 1 : false
2026-09-02 16:42:07,591 [INFO] ADCParametersView:116 -                Rank 1 : false
2026-09-02 16:42:07,592 [INFO] ADCParametersView:116 -                Rank 1 : false
2026-09-02 16:42:07,592 [INFO] ADCParametersView:116 -                Rank 1 : false
2026-09-02 16:42:07,592 [INFO] ADCParametersView:116 -                Rank 1 : false
2026-09-02 16:42:07,592 [INFO] ADCParametersView:116 -                Rank 1 : false
2026-09-02 16:42:07,592 [INFO] ADCParametersView:116 -                Rank 1 : false
2026-09-02 16:42:07,593 [INFO] ADCParametersView:116 -                Rank 1 : false
2026-09-02 16:42:07,593 [INFO] ADCParametersView:116 -                Rank 1 : false
2026-09-02 16:42:07,593 [INFO] ADCParametersView:116 -                Rank 1 : false
2026-09-02 16:42:07,593 [INFO] ADCParametersView:116 -                Rank 1 : false
2026-09-02 16:42:07,593 [INFO] ADCParametersView:116 -                Rank 1 : false
2026-09-02 16:42:07,593 [INFO] ADCParametersView:116 -                Rank 1 : false
2026-09-02 16:42:07,593 [INFO] ADCParametersView:116 -                Rank 1 : false
2026-09-02 16:42:07,628 [INFO] ADCParametersView:116 -                Rank 1 : false
2026-09-02 16:42:07,771 [INFO] ADCParametersView:116 -                Rank 1 : false
2026-09-02 16:42:07,775 [INFO] ADCParametersView:116 -                Rank 1 : false
2026-09-02 16:42:07,776 [INFO] ADCParametersView:116 -                Rank 1 : false
2026-09-02 16:42:07,776 [INFO] ADCParametersView:116 -                Rank 1 : false
2026-09-02 16:42:07,776 [INFO] ADCParametersView:116 -                Rank 1 : false
2026-09-02 16:42:07,776 [INFO] ADCParametersView:116 -                Rank 1 : false
2026-09-02 16:42:07,777 [INFO] ADCParametersView:116 -                Rank 1 : false
2026-09-02 16:42:07,777 [INFO] ADCParametersView:116 -                Rank 1 : false
2026-09-02 16:42:07,778 [INFO] ADCParametersView:116 -                Rank 1 : false
2026-09-02 16:42:07,779 [INFO] ADCParametersView:116 -                Rank 1 : false
2026-09-02 16:42:07,779 [INFO] ADCParametersView:116 -                Rank 1 : false
2026-09-02 16:42:07,780 [INFO] ADCParametersView:116 -                Rank 1 : false
2026-09-02 16:42:07,780 [INFO] ADCParametersView:116 -                Rank 1 : false
2026-09-02 16:42:07,782 [INFO] ADCParametersView:116 -                Rank 1 : false
2026-09-02 16:42:07,804 [INFO] ADCParametersView:116 -                Rank 1 : false
2026-09-02 16:42:07,873 [INFO] ADCParametersView:116 -                Rank 1 : false
2026-09-02 16:42:07,878 [INFO] ADCParametersView:116 -                Rank 1 : false
2026-09-02 16:42:07,879 [INFO] ADCParametersView:116 -                Rank 1 : false
2026-09-02 16:42:07,880 [INFO] ADCParametersView:116 -                Rank 1 : false
2026-09-02 16:42:07,880 [INFO] ADCParametersView:116 -                Rank 1 : false
2026-09-02 16:42:07,880 [INFO] ADCParametersView:116 -                Rank 1 : false
2026-09-02 16:42:07,889 [INFO] ADCParametersView:116 -                Rank 1 : false
2026-09-02 16:42:07,891 [INFO] ADCParametersView:116 -                Rank 1 : false
2026-09-02 16:42:07,891 [INFO] ADCParametersView:116 -                Rank 1 : false
2026-09-02 16:42:07,891 [INFO] ADCParametersView:116 -                Rank 1 : false
2026-09-02 16:42:07,892 [INFO] ADCParametersView:116 -                Rank 1 : false
2026-09-02 16:42:07,892 [INFO] ADCParametersView:116 -                Rank 1 : false
2026-09-02 16:42:07,892 [INFO] ADCParametersView:116 -                Rank 1 : false
2026-09-02 16:42:07,892 [INFO] ADCParametersView:116 -                Rank 1 : false
2026-09-02 16:42:07,920 [INFO] ADCParametersView:116 -                Rank 1 : false
2026-09-02 16:42:08,245 [INFO] ADCParametersView:116 -                Rank 1 : false
2026-09-02 16:42:08,256 [INFO] ADCParametersView:116 -                Rank 1 : false
2026-09-02 16:42:08,257 [INFO] ADCParametersView:116 -                Rank 1 : false
2026-09-02 16:42:08,258 [INFO] ADCParametersView:116 -                Rank 1 : false
2026-09-02 16:42:08,258 [INFO] ADCParametersView:116 -                Rank 1 : false
2026-09-02 16:42:08,258 [INFO] ADCParametersView:116 -                Rank 1 : false
2026-09-02 16:42:08,259 [INFO] ADCParametersView:116 -                Rank 1 : false
2026-09-02 16:42:08,259 [INFO] ADCParametersView:116 -                Rank 1 : false
2026-09-02 16:42:08,261 [INFO] ADCParametersView:116 -                Rank 1 : false
2026-09-02 16:42:08,262 [INFO] ADCParametersView:116 -                Rank 1 : false
2026-09-02 16:42:08,263 [INFO] ADCParametersView:116 -                Rank 1 : false
2026-09-02 16:42:08,263 [INFO] ADCParametersView:116 -                Rank 1 : false
2026-09-02 16:42:08,263 [INFO] ADCParametersView:116 -                Rank 1 : false
2026-09-02 16:42:08,263 [INFO] ADCParametersView:116 -                Rank 1 : false
2026-09-02 16:42:08,285 [INFO] ADCParametersView:116 -                Rank 1 : false
2026-09-02 16:42:08,334 [INFO] ADCParametersView:116 -                Rank 1 : false
2026-09-02 16:42:08,336 [INFO] ADCParametersView:116 -                Rank 1 : false
2026-09-02 16:42:08,336 [INFO] ADCParametersView:116 -                Rank 1 : false
2026-09-02 16:42:08,337 [INFO] ADCParametersView:116 -                Rank 1 : false
2026-09-02 16:42:08,337 [INFO] ADCParametersView:116 -                Rank 1 : false
2026-09-02 16:42:08,337 [INFO] ADCParametersView:116 -                Rank 1 : false
2026-09-02 16:42:08,337 [INFO] ADCParametersView:116 -                Rank 1 : false
2026-09-02 16:42:08,337 [INFO] ADCParametersView:116 -                Rank 1 : false
2026-09-02 16:42:08,338 [INFO] ADCParametersView:116 -                Rank 1 : false
2026-09-02 16:42:08,338 [INFO] ADCParametersView:116 -                Rank 1 : false
2026-09-02 16:42:08,338 [INFO] ADCParametersView:116 -                Rank 1 : false
2026-09-02 16:42:08,338 [INFO] ADCParametersView:116 -                Rank 1 : false
2026-09-02 16:42:08,338 [INFO] ADCParametersView:116 -                Rank 1 : false
2026-09-02 16:42:08,338 [INFO] ADCParametersView:116 -                Rank 1 : false
2026-09-02 16:42:08,362 [INFO] ADCParametersView:116 -                Rank 1 : false
2026-09-02 16:42:17,536 [INFO] ADCParametersView:116 -                Rank 1 : false
2026-09-02 16:42:17,604 [INFO] ADCParametersView:116 -                Rank 1 : false
2026-09-02 16:42:17,608 [INFO] ADCParametersView:116 -                Rank 1 : false
2026-09-02 16:42:17,608 [INFO] ADCParametersView:116 -                Rank 1 : false
2026-09-02 16:42:17,608 [INFO] ADCParametersView:116 -                Rank 1 : false
2026-09-02 16:42:17,609 [INFO] ADCParametersView:116 -                Rank 1 : false
2026-09-02 16:42:17,609 [INFO] ADCParametersView:116 -                Rank 1 : false
2026-09-02 16:42:17,609 [INFO] ADCParametersView:116 -                Rank 1 : false
2026-09-02 16:42:17,609 [INFO] ADCParametersView:116 -                Rank 1 : false
2026-09-02 16:42:17,609 [INFO] ADCParametersView:116 -                Rank 1 : false
2026-09-02 16:42:17,610 [INFO] ADCParametersView:116 -                Rank 1 : false
2026-09-02 16:42:17,610 [INFO] ADCParametersView:116 -                Rank 1 : false
2026-09-02 16:42:17,610 [INFO] ADCParametersView:116 -                Rank 1 : false
2026-09-02 16:42:17,610 [INFO] ADCParametersView:116 -                Rank 1 : false
2026-09-02 16:42:17,786 [INFO] ADCParametersView:116 -                Rank 1 : false
2026-09-02 16:42:18,006 [INFO] ADCParametersView:116 -                Rank 1 : false
2026-09-02 16:42:18,009 [INFO] ADCParametersView:116 -                Rank 1 : false
2026-09-02 16:42:18,009 [INFO] ADCParametersView:116 -                Rank 1 : false
2026-09-02 16:42:18,009 [INFO] ADCParametersView:116 -                Rank 1 : false
2026-09-02 16:42:18,010 [INFO] ADCParametersView:116 -                Rank 1 : false
2026-09-02 16:42:18,011 [INFO] ADCParametersView:116 -                Rank 1 : false
2026-09-02 16:42:18,011 [INFO] ADCParametersView:116 -                Rank 1 : false
2026-09-02 16:42:18,011 [INFO] ADCParametersView:116 -                Rank 1 : false
2026-09-02 16:42:18,011 [INFO] ADCParametersView:116 -                Rank 1 : false
2026-09-02 16:42:18,012 [INFO] ADCParametersView:116 -                Rank 1 : false
2026-09-02 16:42:18,013 [INFO] ADCParametersView:116 -                Rank 1 : false
2026-09-02 16:42:18,013 [INFO] ADCParametersView:116 -                Rank 1 : false
2026-09-02 16:42:18,013 [INFO] ADCParametersView:116 -                Rank 1 : false
2026-09-02 16:42:18,014 [INFO] ADCParametersView:116 -                Rank 1 : false
2026-09-02 16:42:18,087 [INFO] ADCParametersView:116 -                Rank 1 : false
2026-09-02 16:42:18,628 [INFO] ADCParametersView:116 -                Rank 1 : false
2026-09-02 16:42:18,640 [INFO] ADCParametersView:116 -                Rank 1 : false
2026-09-02 16:42:18,641 [INFO] ADCParametersView:116 -                Rank 1 : false
2026-09-02 16:42:18,641 [INFO] ADCParametersView:116 -                Rank 1 : false
2026-09-02 16:42:18,642 [INFO] ADCParametersView:116 -                Rank 1 : false
2026-09-02 16:42:18,642 [INFO] ADCParametersView:116 -                Rank 1 : false
2026-09-02 16:42:18,643 [INFO] ADCParametersView:116 -                Rank 1 : false
2026-09-02 16:42:18,644 [INFO] ADCParametersView:116 -                Rank 1 : false
2026-09-02 16:42:18,644 [INFO] ADCParametersView:116 -                Rank 1 : false
2026-09-02 16:42:18,646 [INFO] ADCParametersView:116 -                Rank 1 : false
2026-09-02 16:42:18,646 [INFO] ADCParametersView:116 -                Rank 1 : false
2026-09-02 16:42:18,649 [INFO] ADCParametersView:116 -                Rank 1 : false
2026-09-02 16:42:18,650 [INFO] ADCParametersView:116 -                Rank 1 : false
2026-09-02 16:42:18,652 [INFO] ADCParametersView:116 -                Rank 1 : false
2026-09-02 16:42:18,720 [INFO] ADCParametersView:116 -                Rank 1 : false
2026-09-02 16:42:18,828 [INFO] ADCParametersView:116 -                Rank 1 : false
2026-09-02 16:42:18,832 [INFO] ADCParametersView:116 -                Rank 1 : false
2026-09-02 16:42:18,833 [INFO] ADCParametersView:116 -                Rank 1 : false
2026-09-02 16:42:18,833 [INFO] ADCParametersView:116 -                Rank 1 : false
2026-09-02 16:42:18,833 [INFO] ADCParametersView:116 -                Rank 1 : false
2026-09-02 16:42:18,834 [INFO] ADCParametersView:116 -                Rank 1 : false
2026-09-02 16:42:18,834 [INFO] ADCParametersView:116 -                Rank 1 : false
2026-09-02 16:42:18,835 [INFO] ADCParametersView:116 -                Rank 1 : false
2026-09-02 16:42:18,835 [INFO] ADCParametersView:116 -                Rank 1 : false
2026-09-02 16:42:18,837 [INFO] ADCParametersView:116 -                Rank 1 : false
2026-09-02 16:42:18,838 [INFO] ADCParametersView:116 -                Rank 1 : false
2026-09-02 16:42:18,839 [INFO] ADCParametersView:116 -                Rank 1 : false
2026-09-02 16:42:18,840 [INFO] ADCParametersView:116 -                Rank 1 : false
2026-09-02 16:42:18,840 [INFO] ADCParametersView:116 -                Rank 1 : false
2026-09-02 16:42:18,910 [INFO] ADCParametersView:116 -                Rank 1 : false
2026-09-02 16:42:42,709 [INFO] ADCParametersView:116 -                Rank 1 : false
2026-09-02 16:42:42,776 [INFO] ADCParametersView:116 -                Rank 1 : false
2026-09-02 16:42:42,780 [INFO] ADCParametersView:116 -                Rank 1 : false
2026-09-02 16:42:42,783 [INFO] ADCParametersView:116 -                Rank 1 : false
2026-09-02 16:42:42,785 [INFO] ADCParametersView:116 -                Rank 1 : false
2026-09-02 16:42:42,786 [INFO] ADCParametersView:116 -                Rank 1 : false
2026-09-02 16:42:42,787 [INFO] ADCParametersView:116 -                Rank 1 : false
2026-09-02 16:42:42,790 [INFO] ADCParametersView:116 -                Rank 1 : false
2026-09-02 16:42:42,790 [INFO] ADCParametersView:116 -                Rank 1 : false
2026-09-02 16:42:42,791 [INFO] ADCParametersView:116 -                Rank 1 : false
2026-09-02 16:42:42,791 [INFO] ADCParametersView:116 -                Rank 1 : false
2026-09-02 16:42:42,793 [INFO] ADCParametersView:116 -                Rank 1 : false
2026-09-02 16:42:42,794 [INFO] ADCParametersView:116 -                Rank 1 : false
2026-09-02 16:42:42,795 [INFO] ADCParametersView:116 -                Rank 1 : false
2026-09-02 16:42:42,996 [INFO] ADCParametersView:116 -                Rank 1 : false
2026-09-02 16:42:43,308 [INFO] ADCParametersView:116 -                Rank 1 : false
2026-09-02 16:42:43,323 [INFO] ADCParametersView:116 -                Rank 1 : false
2026-09-02 16:42:43,324 [INFO] ADCParametersView:116 -                Rank 1 : false
2026-09-02 16:42:43,325 [INFO] ADCParametersView:116 -                Rank 1 : false
2026-09-02 16:42:43,327 [INFO] ADCParametersView:116 -                Rank 1 : false
2026-09-02 16:42:43,328 [INFO] ADCParametersView:116 -                Rank 1 : false
2026-09-02 16:42:43,328 [INFO] ADCParametersView:116 -                Rank 1 : false
2026-09-02 16:42:43,329 [INFO] ADCParametersView:116 -                Rank 1 : false
2026-09-02 16:42:43,329 [INFO] ADCParametersView:116 -                Rank 1 : false
2026-09-02 16:42:43,330 [INFO] ADCParametersView:116 -                Rank 1 : false
2026-09-02 16:42:43,330 [INFO] ADCParametersView:116 -                Rank 1 : false
2026-09-02 16:42:43,331 [INFO] ADCParametersView:116 -                Rank 1 : false
2026-09-02 16:42:43,331 [INFO] ADCParametersView:116 -                Rank 1 : false
2026-09-02 16:42:43,332 [INFO] ADCParametersView:116 -                Rank 1 : false
2026-09-02 16:42:43,480 [INFO] ADCParametersView:116 -                Rank 1 : false
2026-09-02 16:42:44,577 [INFO] ADCParametersView:116 -                Rank 1 : false
2026-09-02 16:42:44,593 [INFO] ADCParametersView:116 -                Rank 1 : false
2026-09-02 16:42:44,595 [INFO] ADCParametersView:116 -                Rank 1 : false
2026-09-02 16:42:44,596 [INFO] ADCParametersView:116 -                Rank 1 : false
2026-09-02 16:42:44,596 [INFO] ADCParametersView:116 -                Rank 1 : false
2026-09-02 16:42:44,597 [INFO] ADCParametersView:116 -                Rank 1 : false
2026-09-02 16:42:44,597 [INFO] ADCParametersView:116 -                Rank 1 : false
2026-09-02 16:42:44,599 [INFO] ADCParametersView:116 -                Rank 1 : false
2026-09-02 16:42:44,599 [INFO] ADCParametersView:116 -                Rank 1 : false
2026-09-02 16:42:44,600 [INFO] ADCParametersView:116 -                Rank 1 : false
2026-09-02 16:42:44,600 [INFO] ADCParametersView:116 -                Rank 1 : false
2026-09-02 16:42:44,601 [INFO] ADCParametersView:116 -                Rank 1 : false
2026-09-02 16:42:44,601 [INFO] ADCParametersView:116 -                Rank 1 : false
2026-09-02 16:42:44,602 [INFO] ADCParametersView:116 -                Rank 1 : false
2026-09-02 16:42:44,722 [INFO] ADCParametersView:116 -                Rank 1 : false
2026-09-02 16:42:44,900 [INFO] ADCParametersView:116 -                Rank 1 : false
2026-09-02 16:42:44,912 [INFO] ADCParametersView:116 -                Rank 1 : false
2026-09-02 16:42:44,912 [INFO] ADCParametersView:116 -                Rank 1 : false
2026-09-02 16:42:44,912 [INFO] ADCParametersView:116 -                Rank 1 : false
2026-09-02 16:42:44,913 [INFO] ADCParametersView:116 -                Rank 1 : false
2026-09-02 16:42:44,913 [INFO] ADCParametersView:116 -                Rank 1 : false
2026-09-02 16:42:44,914 [INFO] ADCParametersView:116 -                Rank 1 : false
2026-09-02 16:42:44,914 [INFO] ADCParametersView:116 -                Rank 1 : false
2026-09-02 16:42:44,915 [INFO] ADCParametersView:116 -                Rank 1 : false
2026-09-02 16:42:44,915 [INFO] ADCParametersView:116 -                Rank 1 : false
2026-09-02 16:42:44,916 [INFO] ADCParametersView:116 -                Rank 1 : false
2026-09-02 16:42:44,916 [INFO] ADCParametersView:116 -                Rank 1 : false
2026-09-02 16:42:44,917 [INFO] ADCParametersView:116 -                Rank 1 : false
2026-09-02 16:42:44,917 [INFO] ADCParametersView:116 -                Rank 1 : false
2026-09-02 16:42:45,040 [INFO] ADCParametersView:116 -                Rank 1 : false
2026-09-02 16:42:49,864 [INFO] ADCParametersView:116 -                Rank 1 : false
2026-09-02 16:42:49,974 [INFO] ADCParametersView:116 -                Rank 1 : false
2026-09-02 16:42:49,976 [INFO] ADCParametersView:116 -                Rank 1 : false
2026-09-02 16:42:49,976 [INFO] ADCParametersView:116 -                Rank 1 : false
2026-09-02 16:42:49,977 [INFO] ADCParametersView:116 -                Rank 1 : false
2026-09-02 16:42:49,978 [INFO] ADCParametersView:116 -                Rank 1 : false
2026-09-02 16:42:49,980 [INFO] ADCParametersView:116 -                Rank 1 : false
2026-09-02 16:42:49,982 [INFO] ADCParametersView:116 -                Rank 1 : false
2026-09-02 16:42:49,985 [INFO] ADCParametersView:116 -                Rank 1 : false
2026-09-02 16:42:49,987 [INFO] ADCParametersView:116 -                Rank 1 : false
2026-09-02 16:42:49,990 [INFO] ADCParametersView:116 -                Rank 1 : false
2026-09-02 16:42:49,993 [INFO] ADCParametersView:116 -                Rank 1 : false
2026-09-02 16:42:49,995 [INFO] ADCParametersView:116 -                Rank 1 : false
2026-09-02 16:42:49,997 [INFO] ADCParametersView:116 -                Rank 1 : false
2026-09-02 16:42:50,143 [INFO] ADCParametersView:116 -                Rank 1 : false
2026-09-02 16:42:50,306 [INFO] ADCParametersView:116 -                Rank 1 : false
2026-09-02 16:42:50,312 [INFO] ADCParametersView:116 -                Rank 1 : false
2026-09-02 16:42:50,313 [INFO] ADCParametersView:116 -                Rank 1 : false
2026-09-02 16:42:50,314 [INFO] ADCParametersView:116 -                Rank 1 : false
2026-09-02 16:42:50,314 [INFO] ADCParametersView:116 -                Rank 1 : false
2026-09-02 16:42:50,314 [INFO] ADCParametersView:116 -                Rank 1 : false
2026-09-02 16:42:50,314 [INFO] ADCParametersView:116 -                Rank 1 : false
2026-09-02 16:42:50,315 [INFO] ADCParametersView:116 -                Rank 1 : false
2026-09-02 16:42:50,315 [INFO] ADCParametersView:116 -                Rank 1 : false
2026-09-02 16:42:50,315 [INFO] ADCParametersView:116 -                Rank 1 : false
2026-09-02 16:42:50,315 [INFO] ADCParametersView:116 -                Rank 1 : false
2026-09-02 16:42:50,315 [INFO] ADCParametersView:116 -                Rank 1 : false
2026-09-02 16:42:50,316 [INFO] ADCParametersView:116 -                Rank 1 : false
2026-09-02 16:42:50,316 [INFO] ADCParametersView:116 -                Rank 1 : false
2026-09-02 16:42:50,354 [INFO] ADCParametersView:116 -                Rank 1 : false
2026-09-02 16:42:50,498 [INFO] ADCParametersView:116 -                Rank 1 : false
2026-09-02 16:42:50,512 [INFO] ADCParametersView:116 -                Rank 1 : false
2026-09-02 16:42:50,513 [INFO] ADCParametersView:116 -                Rank 1 : false
2026-09-02 16:42:50,514 [INFO] ADCParametersView:116 -                Rank 1 : false
2026-09-02 16:42:50,514 [INFO] ADCParametersView:116 -                Rank 1 : false
2026-09-02 16:42:50,514 [INFO] ADCParametersView:116 -                Rank 1 : false
2026-09-02 16:42:50,515 [INFO] ADCParametersView:116 -                Rank 1 : false
2026-09-02 16:42:50,515 [INFO] ADCParametersView:116 -                Rank 1 : false
2026-09-02 16:42:50,515 [INFO] ADCParametersView:116 -                Rank 1 : false
2026-09-02 16:42:50,515 [INFO] ADCParametersView:116 -                Rank 1 : false
2026-09-02 16:42:50,515 [INFO] ADCParametersView:116 -                Rank 1 : false
2026-09-02 16:42:50,515 [INFO] ADCParametersView:116 -                Rank 1 : false
2026-09-02 16:42:50,516 [INFO] ADCParametersView:116 -                Rank 1 : false
2026-09-02 16:42:50,516 [INFO] ADCParametersView:116 -                Rank 1 : false
2026-09-02 16:42:50,554 [INFO] ADCParametersView:116 -                Rank 1 : false
2026-09-02 16:42:50,634 [INFO] ADCParametersView:116 -                Rank 1 : false
2026-09-02 16:42:50,637 [INFO] ADCParametersView:116 -                Rank 1 : false
2026-09-02 16:42:50,638 [INFO] ADCParametersView:116 -                Rank 1 : false
2026-09-02 16:42:50,638 [INFO] ADCParametersView:116 -                Rank 1 : false
2026-09-02 16:42:50,638 [INFO] ADCParametersView:116 -                Rank 1 : false
2026-09-02 16:42:50,638 [INFO] ADCParametersView:116 -                Rank 1 : false
2026-09-02 16:42:50,638 [INFO] ADCParametersView:116 -                Rank 1 : false
2026-09-02 16:42:50,639 [INFO] ADCParametersView:116 -                Rank 1 : false
2026-09-02 16:42:50,639 [INFO] ADCParametersView:116 -                Rank 1 : false
2026-09-02 16:42:50,639 [INFO] ADCParametersView:116 -                Rank 1 : false
2026-09-02 16:42:50,639 [INFO] ADCParametersView:116 -                Rank 1 : false
2026-09-02 16:42:50,639 [INFO] ADCParametersView:116 -                Rank 1 : false
2026-09-02 16:42:50,640 [INFO] ADCParametersView:116 -                Rank 1 : false
2026-09-02 16:42:50,640 [INFO] ADCParametersView:116 -                Rank 1 : false
2026-09-02 16:42:50,665 [INFO] ADCParametersView:116 -                Rank 1 : false
2026-09-02 16:42:51,070 [INFO] ADCParametersView:116 -                Rank 1 : false
2026-09-02 16:42:51,075 [INFO] ADCParametersView:116 -                Rank 1 : false
2026-09-02 16:42:51,079 [INFO] ADCParametersView:116 -                Rank 1 : false
2026-09-02 16:42:51,080 [INFO] ADCParametersView:116 -                Rank 1 : false
2026-09-02 16:42:51,082 [INFO] ADCParametersView:116 -                Rank 1 : false
2026-09-02 16:42:51,083 [INFO] ADCParametersView:116 -                Rank 1 : false
2026-09-02 16:42:51,083 [INFO] ADCParametersView:116 -                Rank 1 : false
2026-09-02 16:42:51,084 [INFO] ADCParametersView:116 -                Rank 1 : false
2026-09-02 16:42:51,084 [INFO] ADCParametersView:116 -                Rank 1 : false
2026-09-02 16:42:51,085 [INFO] ADCParametersView:116 -                Rank 1 : false
2026-09-02 16:42:51,085 [INFO] ADCParametersView:116 -                Rank 1 : false
2026-09-02 16:42:51,085 [INFO] ADCParametersView:116 -                Rank 1 : false
2026-09-02 16:42:51,085 [INFO] ADCParametersView:116 -                Rank 1 : false
2026-09-02 16:42:51,085 [INFO] ADCParametersView:116 -                Rank 1 : false
2026-09-02 16:42:51,108 [INFO] ADCParametersView:116 -                Rank 1 : false
2026-09-02 16:42:51,166 [INFO] ADCParametersView:116 -                Rank 1 : false
2026-09-02 16:42:51,168 [INFO] ADCParametersView:116 -                Rank 1 : false
2026-09-02 16:42:51,168 [INFO] ADCParametersView:116 -                Rank 1 : false
2026-09-02 16:42:51,168 [INFO] ADCParametersView:116 -                Rank 1 : false
2026-09-02 16:42:51,168 [INFO] ADCParametersView:116 -                Rank 1 : false
2026-09-02 16:42:51,169 [INFO] ADCParametersView:116 -                Rank 1 : false
2026-09-02 16:42:51,169 [INFO] ADCParametersView:116 -                Rank 1 : false
2026-09-02 16:42:51,169 [INFO] ADCParametersView:116 -                Rank 1 : false
2026-09-02 16:42:51,169 [INFO] ADCParametersView:116 -                Rank 1 : false
2026-09-02 16:42:51,169 [INFO] ADCParametersView:116 -                Rank 1 : false
2026-09-02 16:42:51,169 [INFO] ADCParametersView:116 -                Rank 1 : false
2026-09-02 16:42:51,169 [INFO] ADCParametersView:116 -                Rank 1 : false
2026-09-02 16:42:51,169 [INFO] ADCParametersView:116 -                Rank 1 : false
2026-09-02 16:42:51,170 [INFO] ADCParametersView:116 -                Rank 1 : false
2026-09-02 16:42:51,190 [INFO] ADCParametersView:116 -                Rank 1 : false
2026-09-02 16:42:59,580 [INFO] ADCParametersView:116 -                Rank 1 : false
2026-09-02 16:42:59,678 [INFO] ADCParametersView:116 -                Rank 1 : false
2026-09-02 16:42:59,682 [INFO] ADCParametersView:116 -                Rank 1 : false
2026-09-02 16:42:59,682 [INFO] ADCParametersView:116 -                Rank 1 : false
2026-09-02 16:42:59,682 [INFO] ADCParametersView:116 -                Rank 1 : false
2026-09-02 16:42:59,682 [INFO] ADCParametersView:116 -                Rank 1 : false
2026-09-02 16:42:59,683 [INFO] ADCParametersView:116 -                Rank 1 : false
2026-09-02 16:42:59,683 [INFO] ADCParametersView:116 -                Rank 1 : false
2026-09-02 16:42:59,683 [INFO] ADCParametersView:116 -                Rank 1 : false
2026-09-02 16:42:59,684 [INFO] ADCParametersView:116 -                Rank 1 : false
2026-09-02 16:42:59,684 [INFO] ADCParametersView:116 -                Rank 1 : false
2026-09-02 16:42:59,684 [INFO] ADCParametersView:116 -                Rank 1 : false
2026-09-02 16:42:59,684 [INFO] ADCParametersView:116 -                Rank 1 : false
2026-09-02 16:42:59,684 [INFO] ADCParametersView:116 -                Rank 1 : false
2026-09-02 16:42:59,834 [INFO] ADCParametersView:116 -                Rank 1 : false
2026-09-02 16:42:59,964 [INFO] ADCParametersView:116 -                Rank 1 : false
2026-09-02 16:42:59,969 [INFO] ADCParametersView:116 -                Rank 1 : false
2026-09-02 16:42:59,969 [INFO] ADCParametersView:116 -                Rank 1 : false
2026-09-02 16:42:59,969 [INFO] ADCParametersView:116 -                Rank 1 : false
2026-09-02 16:42:59,970 [INFO] ADCParametersView:116 -                Rank 1 : false
2026-09-02 16:42:59,970 [INFO] ADCParametersView:116 -                Rank 1 : false
2026-09-02 16:42:59,970 [INFO] ADCParametersView:116 -                Rank 1 : false
2026-09-02 16:42:59,970 [INFO] ADCParametersView:116 -                Rank 1 : false
2026-09-02 16:42:59,970 [INFO] ADCParametersView:116 -                Rank 1 : false
2026-09-02 16:42:59,970 [INFO] ADCParametersView:116 -                Rank 1 : false
2026-09-02 16:42:59,970 [INFO] ADCParametersView:116 -                Rank 1 : false
2026-09-02 16:42:59,971 [INFO] ADCParametersView:116 -                Rank 1 : false
2026-09-02 16:42:59,971 [INFO] ADCParametersView:116 -                Rank 1 : false
2026-09-02 16:42:59,971 [INFO] ADCParametersView:116 -                Rank 1 : false
2026-09-02 16:42:59,991 [INFO] ADCParametersView:116 -                Rank 1 : false
2026-09-02 16:43:00,277 [INFO] ADCParametersView:116 -                Rank 1 : false
2026-09-02 16:43:00,282 [INFO] ADCParametersView:116 -                Rank 1 : false
2026-09-02 16:43:00,282 [INFO] ADCParametersView:116 -                Rank 1 : false
2026-09-02 16:43:00,283 [INFO] ADCParametersView:116 -                Rank 1 : false
2026-09-02 16:43:00,283 [INFO] ADCParametersView:116 -                Rank 1 : false
2026-09-02 16:43:00,283 [INFO] ADCParametersView:116 -                Rank 1 : false
2026-09-02 16:43:00,283 [INFO] ADCParametersView:116 -                Rank 1 : false
2026-09-02 16:43:00,283 [INFO] ADCParametersView:116 -                Rank 1 : false
2026-09-02 16:43:00,283 [INFO] ADCParametersView:116 -                Rank 1 : false
2026-09-02 16:43:00,283 [INFO] ADCParametersView:116 -                Rank 1 : false
2026-09-02 16:43:00,284 [INFO] ADCParametersView:116 -                Rank 1 : false
2026-09-02 16:43:00,284 [INFO] ADCParametersView:116 -                Rank 1 : false
2026-09-02 16:43:00,284 [INFO] ADCParametersView:116 -                Rank 1 : false
2026-09-02 16:43:00,284 [INFO] ADCParametersView:116 -                Rank 1 : false
2026-09-02 16:43:00,344 [INFO] ADCParametersView:116 -                Rank 1 : false
2026-09-02 16:43:00,410 [INFO] ADCParametersView:116 -                Rank 1 : false
2026-09-02 16:43:00,414 [INFO] ADCParametersView:116 -                Rank 1 : false
2026-09-02 16:43:00,415 [INFO] ADCParametersView:116 -                Rank 1 : false
2026-09-02 16:43:00,416 [INFO] ADCParametersView:116 -                Rank 1 : false
2026-09-02 16:43:00,416 [INFO] ADCParametersView:116 -                Rank 1 : false
2026-09-02 16:43:00,416 [INFO] ADCParametersView:116 -                Rank 1 : false
2026-09-02 16:43:00,416 [INFO] ADCParametersView:116 -                Rank 1 : false
2026-09-02 16:43:00,416 [INFO] ADCParametersView:116 -                Rank 1 : false
2026-09-02 16:43:00,417 [INFO] ADCParametersView:116 -                Rank 1 : false
2026-09-02 16:43:00,417 [INFO] ADCParametersView:116 -                Rank 1 : false
2026-09-02 16:43:00,417 [INFO] ADCParametersView:116 -                Rank 1 : false
2026-09-02 16:43:00,417 [INFO] ADCParametersView:116 -                Rank 1 : false
2026-09-02 16:43:00,417 [INFO] ADCParametersView:116 -                Rank 1 : false
2026-09-02 16:43:00,417 [INFO] ADCParametersView:116 -                Rank 1 : false
2026-09-02 16:43:00,443 [INFO] ADCParametersView:116 -                Rank 1 : false
2026-09-02 16:46:45,395 [INFO] UtilMem:75 - End SaveConfig() Used Memory: 839880200 Bytes (1073741824)
2026-09-02 16:46:49,179 [INFO] UtilMem:75 - End SaveConfig() Used Memory: 939603816 Bytes (1073741824)
2026-09-02 16:46:54,605 [INFO] UtilMem:75 - End SaveConfig() Used Memory: 706805336 Bytes (1073741824)
2026-09-02 16:46:56,103 [INFO] BlockDiagram:2775 - set Specific Code input for plugin: NVIC
2026-09-02 16:46:56,112 [INFO] BlockDiagram:2775 - set Specific Code input for plugin: TIM1_8
2026-09-02 16:46:56,115 [INFO] BlockDiagram:2775 - set Specific Code input for plugin: SYS
2026-09-02 16:46:56,116 [INFO] BlockDiagram:2775 - set Specific Code input for plugin: GPIO
2026-09-02 16:46:56,116 [INFO] BlockDiagram:2775 - set Specific Code input for plugin: ADC
2026-09-02 16:46:56,116 [INFO] BlockDiagram:2775 - set Specific Code input for plugin: RCC
2026-09-02 16:46:56,119 [INFO] CodeGenerator:892 - code generatio: config db path: /Applications/STM32CubeIDE.app/Contents/Eclipse/plugins/com.st.stm32cube.common.mx_6.15.0.202507011659//db/
2026-09-02 16:46:56,354 [INFO] CodeEngine:265 - oldGeneratedFile, /Users/MAC/STM32CubeIDE/workspace_1.19.0/Demo_Project/MXTmpFiles/license.tmp_save
2026-09-02 16:46:56,887 [INFO] CodeEngine:289 - Generated code: /Users/MAC/STM32CubeIDE/workspace_1.19.0/Demo_Project/MXTmpFiles/license.tmp
2026-09-02 16:46:57,061 [INFO] CodeEngine:265 - oldGeneratedFile, /Users/MAC/STM32CubeIDE/workspace_1.19.0/Demo_Project/MXTmpFiles/gpio.tmp_save
2026-09-02 16:46:57,319 [INFO] CodeEngine:289 - Generated code: /Users/MAC/STM32CubeIDE/workspace_1.19.0/Demo_Project/MXTmpFiles/gpio.tmp
2026-09-02 16:46:57,871 [INFO] CodeEngine:265 - oldGeneratedFile, /Users/MAC/STM32CubeIDE/workspace_1.19.0/Demo_Project/Core/Src/stm32f4xx_it.c_save
2026-09-02 16:46:58,187 [INFO] CodeEngine:289 - Generated code: /Users/MAC/STM32CubeIDE/workspace_1.19.0/Demo_Project/Core/Src/stm32f4xx_it.c
2026-09-02 16:46:58,190 [INFO] CodeEngine:265 - oldGeneratedFile, /Users/MAC/STM32CubeIDE/workspace_1.19.0/Demo_Project/Core/Inc/stm32f4xx_it.h_save
2026-09-02 16:46:58,256 [INFO] CodeEngine:289 - Generated code: /Users/MAC/STM32CubeIDE/workspace_1.19.0/Demo_Project/Core/Inc/stm32f4xx_it.h
2026-09-02 16:46:58,270 [INFO] CodeEngine:265 - oldGeneratedFile, /Users/MAC/STM32CubeIDE/workspace_1.19.0/Demo_Project/Core/Src/stm32f4xx_hal_msp.c_save
2026-09-02 16:46:58,412 [INFO] CodeEngine:289 - Generated code: /Users/MAC/STM32CubeIDE/workspace_1.19.0/Demo_Project/Core/Src/stm32f4xx_hal_msp.c
2026-09-02 16:46:58,414 [INFO] CodeEngine:265 - oldGeneratedFile, /Users/MAC/STM32CubeIDE/workspace_1.19.0/Demo_Project/MXTmpFiles/system.tmp_save
2026-09-02 16:46:58,472 [INFO] CodeEngine:289 - Generated code: /Users/MAC/STM32CubeIDE/workspace_1.19.0/Demo_Project/MXTmpFiles/system.tmp
2026-09-02 16:46:58,480 [INFO] CodeEngine:321 - oldGeneratedFile, /Users/MAC/STM32CubeIDE/workspace_1.19.0/Demo_Project/Core/Inc/stm32f4xx_hal_conf.h_save
2026-09-02 16:46:58,550 [INFO] CodeEngine:345 - Generated code: /Users/MAC/STM32CubeIDE/workspace_1.19.0/Demo_Project/Core/Inc/stm32f4xx_hal_conf.h
2026-09-02 16:46:58,605 [WARN] IPConfigManager:3811 - IP not found : TIM
2026-09-02 16:46:58,607 [WARN] CodeGenerator:4259 - IP not found : null
2026-09-02 16:46:58,611 [INFO] CodeEngine:265 - oldGeneratedFile, /Users/MAC/STM32CubeIDE/workspace_1.19.0/Demo_Project/Core/Inc/main.h_save
2026-09-02 16:46:58,726 [INFO] CodeEngine:289 - Generated code: /Users/MAC/STM32CubeIDE/workspace_1.19.0/Demo_Project/Core/Inc/main.h
2026-09-02 16:46:58,729 [INFO] CodeEngine:265 - oldGeneratedFile, /Users/MAC/STM32CubeIDE/workspace_1.19.0/Demo_Project/Core/Src/main.c_save
2026-09-02 16:46:58,881 [INFO] CodeEngine:289 - Generated code: /Users/MAC/STM32CubeIDE/workspace_1.19.0/Demo_Project/Core/Src/main.c
2026-09-02 16:46:59,401 [INFO] ProjectBuilder:3606 - Time for Copy HAL[1] : 112mS.
2026-09-02 16:46:59,435 [INFO] ProjectBuilder:5216 - Project Generator version: 4.7.0-B52
2026-09-02 16:47:00,108 [INFO] ConfigFileManager:1595 - The Die is : DIE431
2026-09-02 16:47:04,060 [INFO] ProjectBuilder:5496 - Time for Generating toolchain IDE Files: 4624mS.
2026-09-02 16:47:04,069 [INFO] ProjectBuilder:3463 - Time for Copy CMSIS : 3mS.
2026-09-02 16:47:04,073 [INFO] ProjectBuilder:3463 - Time for Copy CMSIS : 0mS.
2026-09-02 19:14:37,408 [INFO] Gpio:278 - dependency for GPIO [ADC1, TIM2]
2026-09-02 19:15:12,810 [INFO] UtilMem:75 - End SaveConfig() Used Memory: 897709728 Bytes (1073741824)
2026-09-02 19:15:16,893 [INFO] UtilMem:75 - End SaveConfig() Used Memory: 943847072 Bytes (1073741824)
2026-09-02 19:15:26,487 [INFO] UtilMem:75 - End SaveConfig() Used Memory: 791788328 Bytes (1073741824)
2026-09-02 19:15:27,458 [INFO] BlockDiagram:2775 - set Specific Code input for plugin: NVIC
2026-09-02 19:15:27,459 [INFO] BlockDiagram:2775 - set Specific Code input for plugin: TIM1_8
2026-09-02 19:15:27,459 [INFO] BlockDiagram:2775 - set Specific Code input for plugin: SYS
2026-09-02 19:15:27,461 [INFO] BlockDiagram:2775 - set Specific Code input for plugin: GPIO
2026-09-02 19:15:27,461 [INFO] BlockDiagram:2775 - set Specific Code input for plugin: ADC
2026-09-02 19:15:27,461 [INFO] BlockDiagram:2775 - set Specific Code input for plugin: RCC
2026-09-02 19:15:27,464 [INFO] CodeGenerator:892 - code generatio: config db path: /Applications/STM32CubeIDE.app/Contents/Eclipse/plugins/com.st.stm32cube.common.mx_6.15.0.202507011659//db/
2026-09-02 19:15:27,723 [INFO] CodeEngine:265 - oldGeneratedFile, /Users/MAC/STM32CubeIDE/workspace_1.19.0/Demo_Project/MXTmpFiles/license.tmp_save
2026-09-02 19:15:28,349 [INFO] CodeEngine:289 - Generated code: /Users/MAC/STM32CubeIDE/workspace_1.19.0/Demo_Project/MXTmpFiles/license.tmp
2026-09-02 19:15:28,625 [INFO] CodeEngine:265 - oldGeneratedFile, /Users/MAC/STM32CubeIDE/workspace_1.19.0/Demo_Project/MXTmpFiles/gpio.tmp_save
2026-09-02 19:15:29,004 [INFO] CodeEngine:289 - Generated code: /Users/MAC/STM32CubeIDE/workspace_1.19.0/Demo_Project/MXTmpFiles/gpio.tmp
2026-09-02 19:15:29,854 [INFO] CodeEngine:265 - oldGeneratedFile, /Users/MAC/STM32CubeIDE/workspace_1.19.0/Demo_Project/Core/Src/stm32f4xx_it.c_save
2026-09-02 19:15:30,278 [INFO] CodeEngine:289 - Generated code: /Users/MAC/STM32CubeIDE/workspace_1.19.0/Demo_Project/Core/Src/stm32f4xx_it.c
2026-09-02 19:15:30,284 [INFO] CodeEngine:265 - oldGeneratedFile, /Users/MAC/STM32CubeIDE/workspace_1.19.0/Demo_Project/Core/Inc/stm32f4xx_it.h_save
2026-09-02 19:15:30,407 [INFO] CodeEngine:289 - Generated code: /Users/MAC/STM32CubeIDE/workspace_1.19.0/Demo_Project/Core/Inc/stm32f4xx_it.h
2026-09-02 19:15:30,427 [INFO] CodeEngine:265 - oldGeneratedFile, /Users/MAC/STM32CubeIDE/workspace_1.19.0/Demo_Project/Core/Src/stm32f4xx_hal_msp.c_save
2026-09-02 19:15:30,674 [INFO] CodeEngine:289 - Generated code: /Users/MAC/STM32CubeIDE/workspace_1.19.0/Demo_Project/Core/Src/stm32f4xx_hal_msp.c
2026-09-02 19:15:30,681 [INFO] CodeEngine:265 - oldGeneratedFile, /Users/MAC/STM32CubeIDE/workspace_1.19.0/Demo_Project/MXTmpFiles/system.tmp_save
2026-09-02 19:15:30,810 [INFO] CodeEngine:289 - Generated code: /Users/MAC/STM32CubeIDE/workspace_1.19.0/Demo_Project/MXTmpFiles/system.tmp
2026-09-02 19:15:30,824 [INFO] CodeEngine:321 - oldGeneratedFile, /Users/MAC/STM32CubeIDE/workspace_1.19.0/Demo_Project/Core/Inc/stm32f4xx_hal_conf.h_save
2026-09-02 19:15:30,957 [INFO] CodeEngine:345 - Generated code: /Users/MAC/STM32CubeIDE/workspace_1.19.0/Demo_Project/Core/Inc/stm32f4xx_hal_conf.h
2026-09-02 19:15:31,051 [WARN] IPConfigManager:3811 - IP not found : TIM
2026-09-02 19:15:31,053 [WARN] CodeGenerator:4259 - IP not found : null
2026-09-02 19:15:31,060 [INFO] CodeEngine:265 - oldGeneratedFile, /Users/MAC/STM32CubeIDE/workspace_1.19.0/Demo_Project/Core/Inc/main.h_save
2026-09-02 19:15:31,247 [INFO] CodeEngine:289 - Generated code: /Users/MAC/STM32CubeIDE/workspace_1.19.0/Demo_Project/Core/Inc/main.h
2026-09-02 19:15:31,252 [INFO] CodeEngine:265 - oldGeneratedFile, /Users/MAC/STM32CubeIDE/workspace_1.19.0/Demo_Project/Core/Src/main.c_save
2026-09-02 19:15:31,524 [INFO] CodeEngine:289 - Generated code: /Users/MAC/STM32CubeIDE/workspace_1.19.0/Demo_Project/Core/Src/main.c
2026-09-02 19:15:32,690 [INFO] ProjectBuilder:3606 - Time for Copy HAL[1] : 478mS.
2026-09-02 19:15:32,790 [INFO] ProjectBuilder:5216 - Project Generator version: 4.7.0-B52
2026-09-02 19:15:33,256 [INFO] ConfigFileManager:1595 - The Die is : DIE431
2026-09-02 19:15:38,397 [INFO] ProjectBuilder:5496 - Time for Generating toolchain IDE Files: 5608mS.
2026-09-02 19:15:38,399 [INFO] ProjectBuilder:3463 - Time for Copy CMSIS : 1mS.
2026-09-02 19:15:38,401 [INFO] ProjectBuilder:3463 - Time for Copy CMSIS : 0mS.
2026-09-02 19:43:17,690 [INFO] Gpio:278 - dependency for GPIO [ADC1, TIM2]
2026-09-02 19:43:19,599 [INFO] Gpio:278 - dependency for GPIO [ADC1, TIM2]
2026-09-02 19:43:33,491 [INFO] UtilMem:75 - End SaveConfig() Used Memory: 888531680 Bytes (1073741824)
2026-09-02 19:43:36,818 [INFO] UtilMem:75 - End SaveConfig() Used Memory: 930315496 Bytes (1073741824)
2026-09-02 19:43:41,003 [INFO] UtilMem:75 - End SaveConfig() Used Memory: 804840920 Bytes (1073741824)
2026-09-02 19:43:43,016 [INFO] BlockDiagram:2775 - set Specific Code input for plugin: NVIC
2026-09-02 19:43:43,023 [INFO] BlockDiagram:2775 - set Specific Code input for plugin: TIM1_8
2026-09-02 19:43:43,024 [INFO] BlockDiagram:2775 - set Specific Code input for plugin: SYS
2026-09-02 19:43:43,038 [INFO] BlockDiagram:2775 - set Specific Code input for plugin: GPIO
2026-09-02 19:43:43,038 [INFO] BlockDiagram:2775 - set Specific Code input for plugin: ADC
2026-09-02 19:43:43,039 [INFO] BlockDiagram:2775 - set Specific Code input for plugin: RCC
2026-09-02 19:43:43,045 [INFO] CodeGenerator:892 - code generatio: config db path: /Applications/STM32CubeIDE.app/Contents/Eclipse/plugins/com.st.stm32cube.common.mx_6.15.0.202507011659//db/
2026-09-02 19:43:43,411 [INFO] CodeEngine:265 - oldGeneratedFile, /Users/MAC/STM32CubeIDE/workspace_1.19.0/Demo_Project/MXTmpFiles/license.tmp_save
2026-09-02 19:43:44,047 [INFO] CodeEngine:289 - Generated code: /Users/MAC/STM32CubeIDE/workspace_1.19.0/Demo_Project/MXTmpFiles/license.tmp
2026-09-02 19:43:44,340 [INFO] CodeEngine:265 - oldGeneratedFile, /Users/MAC/STM32CubeIDE/workspace_1.19.0/Demo_Project/MXTmpFiles/gpio.tmp_save
2026-09-02 19:43:44,756 [INFO] CodeEngine:289 - Generated code: /Users/MAC/STM32CubeIDE/workspace_1.19.0/Demo_Project/MXTmpFiles/gpio.tmp
2026-09-02 19:43:45,596 [INFO] CodeEngine:265 - oldGeneratedFile, /Users/MAC/STM32CubeIDE/workspace_1.19.0/Demo_Project/Core/Src/stm32f4xx_it.c_save
2026-09-02 19:43:46,150 [INFO] CodeEngine:289 - Generated code: /Users/MAC/STM32CubeIDE/workspace_1.19.0/Demo_Project/Core/Src/stm32f4xx_it.c
2026-09-02 19:43:46,159 [INFO] CodeEngine:265 - oldGeneratedFile, /Users/MAC/STM32CubeIDE/workspace_1.19.0/Demo_Project/Core/Inc/stm32f4xx_it.h_save
2026-09-02 19:43:46,313 [INFO] CodeEngine:289 - Generated code: /Users/MAC/STM32CubeIDE/workspace_1.19.0/Demo_Project/Core/Inc/stm32f4xx_it.h
2026-09-02 19:43:46,327 [INFO] CodeEngine:265 - oldGeneratedFile, /Users/MAC/STM32CubeIDE/workspace_1.19.0/Demo_Project/Core/Src/stm32f4xx_hal_msp.c_save
2026-09-02 19:43:46,590 [INFO] CodeEngine:289 - Generated code: /Users/MAC/STM32CubeIDE/workspace_1.19.0/Demo_Project/Core/Src/stm32f4xx_hal_msp.c
2026-09-02 19:43:46,598 [INFO] CodeEngine:265 - oldGeneratedFile, /Users/MAC/STM32CubeIDE/workspace_1.19.0/Demo_Project/MXTmpFiles/system.tmp_save
2026-09-02 19:43:46,708 [INFO] CodeEngine:289 - Generated code: /Users/MAC/STM32CubeIDE/workspace_1.19.0/Demo_Project/MXTmpFiles/system.tmp
2026-09-02 19:43:46,730 [INFO] CodeEngine:321 - oldGeneratedFile, /Users/MAC/STM32CubeIDE/workspace_1.19.0/Demo_Project/Core/Inc/stm32f4xx_hal_conf.h_save
2026-09-02 19:43:46,857 [INFO] CodeEngine:345 - Generated code: /Users/MAC/STM32CubeIDE/workspace_1.19.0/Demo_Project/Core/Inc/stm32f4xx_hal_conf.h
2026-09-02 19:43:47,007 [WARN] IPConfigManager:3811 - IP not found : TIM
2026-09-02 19:43:47,009 [WARN] CodeGenerator:4259 - IP not found : null
2026-09-02 19:43:47,017 [INFO] CodeEngine:265 - oldGeneratedFile, /Users/MAC/STM32CubeIDE/workspace_1.19.0/Demo_Project/Core/Inc/main.h_save
2026-09-02 19:43:47,241 [INFO] CodeEngine:289 - Generated code: /Users/MAC/STM32CubeIDE/workspace_1.19.0/Demo_Project/Core/Inc/main.h
2026-09-02 19:43:47,249 [INFO] CodeEngine:265 - oldGeneratedFile, /Users/MAC/STM32CubeIDE/workspace_1.19.0/Demo_Project/Core/Src/main.c_save
2026-09-02 19:43:47,618 [INFO] CodeEngine:289 - Generated code: /Users/MAC/STM32CubeIDE/workspace_1.19.0/Demo_Project/Core/Src/main.c
2026-09-02 19:43:47,999 [INFO] ProjectBuilder:3606 - Time for Copy HAL[1] : 99mS.
2026-09-02 19:43:48,005 [INFO] ProjectBuilder:5216 - Project Generator version: 4.7.0-B52
2026-09-02 19:43:48,211 [INFO] ConfigFileManager:1595 - The Die is : DIE431
2026-09-02 19:43:55,614 [INFO] ProjectBuilder:5496 - Time for Generating toolchain IDE Files: 7592mS.
2026-09-02 19:43:55,628 [INFO] ProjectBuilder:3463 - Time for Copy CMSIS : 2mS.
2026-09-02 19:43:55,634 [INFO] ProjectBuilder:3463 - Time for Copy CMSIS : 0mS.
2026-09-02 19:44:09,884 [INFO] UtilMem:75 - End SaveConfig() Used Memory: 887769816 Bytes (1073741824)
2026-09-02 19:44:11,934 [INFO] UtilMem:75 - End SaveConfig() Used Memory: 725240536 Bytes (1073741824)
2026-09-02 19:44:13,081 [INFO] UtilMem:75 - End SaveConfig() Used Memory: 797190152 Bytes (1073741824)
2026-09-02 19:44:13,715 [INFO] BlockDiagram:2775 - set Specific Code input for plugin: NVIC
2026-09-02 19:44:13,715 [INFO] BlockDiagram:2775 - set Specific Code input for plugin: TIM1_8
2026-09-02 19:44:13,716 [INFO] BlockDiagram:2775 - set Specific Code input for plugin: SYS
2026-09-02 19:44:13,716 [INFO] BlockDiagram:2775 - set Specific Code input for plugin: GPIO
2026-09-02 19:44:13,716 [INFO] BlockDiagram:2775 - set Specific Code input for plugin: ADC
2026-09-02 19:44:13,716 [INFO] BlockDiagram:2775 - set Specific Code input for plugin: RCC
2026-09-02 19:44:13,717 [INFO] CodeGenerator:892 - code generatio: config db path: /Applications/STM32CubeIDE.app/Contents/Eclipse/plugins/com.st.stm32cube.common.mx_6.15.0.202507011659//db/
2026-09-02 19:44:13,905 [INFO] CodeEngine:265 - oldGeneratedFile, /Users/MAC/STM32CubeIDE/workspace_1.19.0/Demo_Project/MXTmpFiles/license.tmp_save
2026-09-02 19:44:14,223 [INFO] CodeEngine:289 - Generated code: /Users/MAC/STM32CubeIDE/workspace_1.19.0/Demo_Project/MXTmpFiles/license.tmp
2026-09-02 19:44:14,377 [INFO] CodeEngine:265 - oldGeneratedFile, /Users/MAC/STM32CubeIDE/workspace_1.19.0/Demo_Project/MXTmpFiles/gpio.tmp_save
2026-09-02 19:44:14,593 [INFO] CodeEngine:289 - Generated code: /Users/MAC/STM32CubeIDE/workspace_1.19.0/Demo_Project/MXTmpFiles/gpio.tmp
2026-09-02 19:44:14,936 [INFO] CodeEngine:265 - oldGeneratedFile, /Users/MAC/STM32CubeIDE/workspace_1.19.0/Demo_Project/Core/Src/stm32f4xx_it.c_save
2026-09-02 19:44:15,118 [INFO] CodeEngine:289 - Generated code: /Users/MAC/STM32CubeIDE/workspace_1.19.0/Demo_Project/Core/Src/stm32f4xx_it.c
2026-09-02 19:44:15,121 [INFO] CodeEngine:265 - oldGeneratedFile, /Users/MAC/STM32CubeIDE/workspace_1.19.0/Demo_Project/Core/Inc/stm32f4xx_it.h_save
2026-09-02 19:44:15,211 [INFO] CodeEngine:289 - Generated code: /Users/MAC/STM32CubeIDE/workspace_1.19.0/Demo_Project/Core/Inc/stm32f4xx_it.h
2026-09-02 19:44:15,219 [INFO] CodeEngine:265 - oldGeneratedFile, /Users/MAC/STM32CubeIDE/workspace_1.19.0/Demo_Project/Core/Src/stm32f4xx_hal_msp.c_save
2026-09-02 19:44:15,380 [INFO] CodeEngine:289 - Generated code: /Users/MAC/STM32CubeIDE/workspace_1.19.0/Demo_Project/Core/Src/stm32f4xx_hal_msp.c
2026-09-02 19:44:15,383 [INFO] CodeEngine:265 - oldGeneratedFile, /Users/MAC/STM32CubeIDE/workspace_1.19.0/Demo_Project/MXTmpFiles/system.tmp_save
2026-09-02 19:44:15,472 [INFO] CodeEngine:289 - Generated code: /Users/MAC/STM32CubeIDE/workspace_1.19.0/Demo_Project/MXTmpFiles/system.tmp
2026-09-02 19:44:15,479 [INFO] CodeEngine:321 - oldGeneratedFile, /Users/MAC/STM32CubeIDE/workspace_1.19.0/Demo_Project/Core/Inc/stm32f4xx_hal_conf.h_save
2026-09-02 19:44:15,605 [INFO] CodeEngine:345 - Generated code: /Users/MAC/STM32CubeIDE/workspace_1.19.0/Demo_Project/Core/Inc/stm32f4xx_hal_conf.h
2026-09-02 19:44:15,686 [WARN] IPConfigManager:3811 - IP not found : TIM
2026-09-02 19:44:15,687 [WARN] CodeGenerator:4259 - IP not found : null
2026-09-02 19:44:15,694 [INFO] CodeEngine:265 - oldGeneratedFile, /Users/MAC/STM32CubeIDE/workspace_1.19.0/Demo_Project/Core/Inc/main.h_save
2026-09-02 19:44:15,807 [INFO] CodeEngine:289 - Generated code: /Users/MAC/STM32CubeIDE/workspace_1.19.0/Demo_Project/Core/Inc/main.h
2026-09-02 19:44:15,812 [INFO] CodeEngine:265 - oldGeneratedFile, /Users/MAC/STM32CubeIDE/workspace_1.19.0/Demo_Project/Core/Src/main.c_save
2026-09-02 19:44:15,990 [INFO] CodeEngine:289 - Generated code: /Users/MAC/STM32CubeIDE/workspace_1.19.0/Demo_Project/Core/Src/main.c
2026-09-02 19:44:17,046 [INFO] ProjectBuilder:3606 - Time for Copy HAL[1] : 346mS.
2026-09-02 19:44:17,101 [INFO] ProjectBuilder:5216 - Project Generator version: 4.7.0-B52
2026-09-02 19:44:17,571 [INFO] ConfigFileManager:1595 - The Die is : DIE431
2026-09-02 19:44:21,705 [INFO] ProjectBuilder:5496 - Time for Generating toolchain IDE Files: 4605mS.
2026-09-02 19:44:21,708 [INFO] ProjectBuilder:3463 - Time for Copy CMSIS : 1mS.
2026-09-02 19:44:21,710 [INFO] ProjectBuilder:3463 - Time for Copy CMSIS : 0mS.
2026-09-02 20:47:00,947 [ERROR] LogOutputStream:75 - [STDERR_REDIRECT] 
2026-09-02 20:47:20,618 [INFO] Activator:176 - 


2026-09-02 20:47:20,621 [INFO] Activator:177 - !SESSION log4j initialized
2026-09-02 20:47:26,717 [ERROR] LogOutputStream:75 - [STDERR_REDIRECT] 
2026-09-02 20:47:27,347 [INFO] LogOutputStream:77 - [STDOUT_REDIRECT] 
2026-09-02 20:47:30,520 [INFO] LogOutputStream:77 - [STDOUT_REDIRECT] 
2026-09-02 20:47:31,920 [INFO] ApplicationProperties:184 - Using Application install path: /Applications/STM32CubeIDE.app/Contents/Eclipse/plugins/com.st.stm32cube.common.mx_6.15.0.202507011659
2026-09-02 20:47:31,936 [INFO] DbMcusXml:78 - Set database path to: /Applications/STM32CubeIDE.app/Contents/Eclipse/plugins/com.st.stm32cube.common.mx_6.15.0.202507011659//db//mcu/
2026-09-02 20:47:31,936 [INFO] ApiDb:274 - Set plugin database path to: /Applications/STM32CubeIDE.app/Contents/Eclipse/plugins/com.st.stm32cube.common.mx_6.15.0.202507011659//db//plugins/boardmanager/
2026-09-02 20:47:31,937 [WARN] ApiDb:259 - Overriding images path with different value:  => /Applications/STM32CubeIDE.app/Contents/Eclipse/plugins/com.st.stm32cube.common.mx_6.15.0.202507011659//db//plugins/mcufinder/images/
2026-09-02 20:47:31,948 [INFO] ApiDb:250 - Set database path to: /Users/MAC/.stmcufinder/plugins/mcufinder//mcu/
2026-09-02 20:47:31,949 [INFO] DbMcusAds:125 - Set database path to: /Users/MAC/.stmcufinder/plugins/mcufinder//mcu/
2026-09-02 20:47:31,950 [INFO] CrossReferenceDbSqlite:203 - Set database path to: /Users/MAC/.stmcufinder/plugins/mcufinder//mcu/cs/
2026-09-02 20:47:32,099 [INFO] RulesReader:64 - Compatibility file has been processed (317 Rules)
2026-09-02 20:47:32,167 [INFO] DbMcusXml:78 - Set database path to: /Applications/STM32CubeIDE.app/Contents/Eclipse/plugins/com.st.stm32cube.common.mx_6.15.0.202507011659//db//mcu/
2026-09-02 20:47:32,167 [INFO] ApiDb:274 - Set plugin database path to: /Applications/STM32CubeIDE.app/Contents/Eclipse/plugins/com.st.stm32cube.common.mx_6.15.0.202507011659//db//plugins/boardmanager/
2026-09-02 20:47:32,167 [INFO] ApiDb:261 - Set plugin images path to: /Applications/STM32CubeIDE.app/Contents/Eclipse/plugins/com.st.stm32cube.common.mx_6.15.0.202507011659//db//plugins/mcufinder/images/
2026-09-02 20:47:32,168 [WARN] DbFile:41 - Overriding database path with different value: /Users/MAC/.stmcufinder/plugins/mcufinder/ => /Users/MAC/.stmcufinder/plugins/mcufinder
2026-09-02 20:47:32,168 [INFO] ApiDb:250 - Set database path to: /Users/MAC/.stmcufinder/plugins/mcufinder//mcu/
2026-09-02 20:47:32,168 [WARN] DbFile:41 - Overriding database path with different value: /Users/MAC/.stmcufinder/plugins/mcufinder/ => /Users/MAC/.stmcufinder/plugins/mcufinder
2026-09-02 20:47:32,168 [INFO] DbMcusAds:125 - Set database path to: /Users/MAC/.stmcufinder/plugins/mcufinder//mcu/
2026-09-02 20:47:32,168 [WARN] DbFile:41 - Overriding database path with different value: /Users/MAC/.stmcufinder/plugins/mcufinder/ => /Users/MAC/.stmcufinder/plugins/mcufinder
2026-09-02 20:47:32,168 [WARN] DbFile:41 - Overriding database path with different value: /Users/MAC/.stmcufinder/plugins/mcufinder/ => /Users/MAC/.stmcufinder/plugins/mcufinder
2026-09-02 20:47:32,169 [INFO] CrossReferenceDbSqlite:203 - Set database path to: /Users/MAC/.stmcufinder/plugins/mcufinder//mcu/cs/
2026-09-02 20:47:32,269 [INFO] MainPanel:274 - HeapMemory: 268435456
2026-09-02 20:47:32,872 [INFO] DbMcusXml:78 - Set database path to: /Applications/STM32CubeIDE.app/Contents/Eclipse/plugins/com.st.stm32cube.common.mx_6.15.0.202507011659//db//mcu/
2026-09-02 20:47:32,872 [INFO] ApiDb:274 - Set plugin database path to: /Applications/STM32CubeIDE.app/Contents/Eclipse/plugins/com.st.stm32cube.common.mx_6.15.0.202507011659//db//plugins/boardmanager/
2026-09-02 20:47:32,873 [INFO] ApiDb:261 - Set plugin images path to: /Applications/STM32CubeIDE.app/Contents/Eclipse/plugins/com.st.stm32cube.common.mx_6.15.0.202507011659//db//plugins/mcufinder/images/
2026-09-02 20:47:32,873 [WARN] DbFile:41 - Overriding database path with different value: /Users/MAC/.stmcufinder/plugins/mcufinder/ => /Users/MAC/.stmcufinder/plugins/mcufinder
2026-09-02 20:47:32,873 [INFO] ApiDb:250 - Set database path to: /Users/MAC/.stmcufinder/plugins/mcufinder//mcu/
2026-09-02 20:47:32,873 [WARN] DbFile:41 - Overriding database path with different value: /Users/MAC/.stmcufinder/plugins/mcufinder/ => /Users/MAC/.stmcufinder/plugins/mcufinder
2026-09-02 20:47:32,873 [INFO] DbMcusAds:125 - Set database path to: /Users/MAC/.stmcufinder/plugins/mcufinder//mcu/
2026-09-02 20:47:32,873 [WARN] DbFile:41 - Overriding database path with different value: /Users/MAC/.stmcufinder/plugins/mcufinder/ => /Users/MAC/.stmcufinder/plugins/mcufinder
2026-09-02 20:47:32,873 [WARN] DbFile:41 - Overriding database path with different value: /Users/MAC/.stmcufinder/plugins/mcufinder/ => /Users/MAC/.stmcufinder/plugins/mcufinder
2026-09-02 20:47:32,874 [INFO] CrossReferenceDbSqlite:203 - Set database path to: /Users/MAC/.stmcufinder/plugins/mcufinder//mcu/cs/
2026-09-02 20:47:32,894 [INFO] ApplicationProperties:184 - Using Application install path: /Applications/STM32CubeIDE.app/Contents/Eclipse/plugins/com.st.stm32cube.common.mx_6.15.0.202507011659
2026-09-02 20:47:32,895 [INFO] PluginManage:196 - Search for loadable plugins [exclusion list=, ]
2026-09-02 20:47:32,897 [INFO] PluginManage:310 - Check plugin analytics
2026-09-02 20:47:33,216 [INFO] AnalyticsPlugin:253 - Accepted Software Licenses: 
2026-09-02 20:47:33,216 [INFO] AnalyticsPlugin:255 - Accepted CMSIS Pack Licenses: 
2026-09-02 20:47:33,216 [INFO] AnalyticsPlugin:257 - Accepted Firmware Licenses: FW.F1.1.8.7,FW.F4.1.28.0
2026-09-02 20:47:33,229 [INFO] PluginManage:359 - Loaded plugin analytics (category:tool,tabindex:-1)
2026-09-02 20:47:33,231 [INFO] PluginManage:310 - Check plugin cadmodel
2026-09-02 20:47:33,246 [INFO] CADModel:105 - Init CAD model plugin
2026-09-02 20:47:33,246 [INFO] PluginManage:359 - Loaded plugin cadmodel (category:power,tabindex:5)
2026-09-02 20:47:33,247 [INFO] PluginManage:310 - Check plugin clock
2026-09-02 20:47:33,258 [INFO] PluginManage:359 - Loaded plugin clock (category:base,tabindex:2)
2026-09-02 20:47:33,258 [INFO] PluginManage:310 - Check plugin ddr
2026-09-02 20:47:33,260 [INFO] PluginManage:359 - Loaded plugin ddr (category:tool,tabindex:6)
2026-09-02 20:47:33,260 [INFO] PluginManage:310 - Check plugin filemanager
2026-09-02 20:47:33,437 [INFO] PluginManage:359 - Loaded plugin filemanager (category:base,tabindex:10)
2026-09-02 20:47:33,438 [INFO] PluginManage:310 - Check plugin ipmanager
2026-09-02 20:47:33,449 [INFO] PluginManage:359 - Loaded plugin ipmanager (category:base,tabindex:5)
2026-09-02 20:47:33,449 [INFO] PluginManage:310 - Check plugin lpbam
2026-09-02 20:47:33,463 [INFO] PluginManage:359 - Loaded plugin lpbam (category:base,tabindex:0)
2026-09-02 20:47:33,463 [INFO] PluginManage:310 - Check plugin memorymap
2026-09-02 20:47:33,477 [INFO] PluginManage:359 - Loaded plugin memorymap (category:base,tabindex:4)
2026-09-02 20:47:33,478 [INFO] PluginManage:310 - Check plugin pinoutandconfiguration
2026-09-02 20:47:33,488 [INFO] PluginManage:359 - Loaded plugin pinoutandconfiguration (category:base,tabindex:1)
2026-09-02 20:47:33,489 [INFO] PluginManage:310 - Check plugin pinoutconfig
2026-09-02 20:47:33,595 [WARN] SupportedApi:132 - Cannot load RTOS API schema: s4s-elt-must-match.1: The content of 'definitions' must match (annotation?, (simpleType | complexType)?, (unique | key | keyref)*)). A problem was found starting at: attribute.
2026-09-02 20:47:33,773 [INFO] PluginManage:359 - Loaded plugin pinoutconfig (category:base,tabindex:0)
2026-09-02 20:47:33,773 [INFO] PluginManage:310 - Check plugin power
2026-09-02 20:47:33,785 [INFO] PluginManage:359 - Loaded plugin power (category:power,tabindex:4)
2026-09-02 20:47:33,785 [INFO] PluginManage:310 - Check plugin projectmanager
2026-09-02 20:47:33,820 [INFO] PluginManage:359 - Loaded plugin projectmanager (category:projectmanager,tabindex:4)
2026-09-02 20:47:33,820 [INFO] PluginManage:310 - Check plugin rif
2026-09-02 20:47:33,829 [INFO] PluginManage:359 - Loaded plugin rif (category:base,tabindex:3)
2026-09-02 20:47:33,830 [INFO] PluginManage:310 - Check plugin thirdparty
2026-09-02 20:47:34,020 [INFO] PluginManage:359 - Loaded plugin thirdparty (category:base,tabindex:-1)
2026-09-02 20:47:34,020 [WARN] IntegrityCheckThread:84 - waiting for thirdparty lock release [integrity check]
2026-09-02 20:47:34,021 [INFO] PluginManage:310 - Check plugin tools
2026-09-02 20:47:34,022 [INFO] IntegrityCheckThread:86 - entering critical section [integrity check]
2026-09-02 20:47:34,022 [INFO] ThirdPartyUpdaterWithRetryManager:70 - Updater plugin not ready yet. [1/15]
2026-09-02 20:47:34,023 [INFO] PluginManage:359 - Loaded plugin tools (category:base,tabindex:7)
2026-09-02 20:47:34,024 [INFO] PluginManage:310 - Check plugin tutovideos
2026-09-02 20:47:34,231 [INFO] PluginManage:359 - Loaded plugin tutovideos (category:base,tabindex:-1)
2026-09-02 20:47:34,232 [INFO] PluginManage:310 - Check plugin updater
2026-09-02 20:47:34,268 [INFO] PluginManage:359 - Loaded plugin updater (category:base,tabindex:12)
2026-09-02 20:47:34,269 [INFO] PluginManage:310 - Check plugin userauth
2026-09-02 20:47:34,275 [INFO] UserAuth:118 - Init User Auth plugin
2026-09-02 20:47:34,276 [INFO] PluginManage:359 - Loaded plugin userauth (category:base,tabindex:14)
2026-09-02 20:47:34,278 [INFO] PluginManage:283 - PluginManage : Loaded plugins [18]
2026-09-02 20:47:34,542 [INFO] PinOutPanel:1589 - setPackage(No Configuration,No Configuration)
2026-09-02 20:47:34,632 [INFO] CADModel:165 - CPN selected for project level
2026-09-02 20:47:34,632 [INFO] CADModel:114 - Register for checkConnection events
2026-09-02 20:47:34,644 [INFO] IPUIPlugin:80 - create IPUIPlugin
2026-09-02 20:47:34,644 [INFO] PluginManager:220 - loadIPPluginJar : add mdma
2026-09-02 20:47:34,650 [INFO] IPUIPlugin:80 - create IPUIPlugin
2026-09-02 20:47:34,650 [INFO] PluginManager:220 - loadIPPluginJar : add freertos
2026-09-02 20:47:34,655 [INFO] IPUIPlugin:80 - create IPUIPlugin
2026-09-02 20:47:34,655 [INFO] PluginManager:220 - loadIPPluginJar : add gic
2026-09-02 20:47:34,665 [INFO] IPUIPlugin:80 - create IPUIPlugin
2026-09-02 20:47:34,666 [INFO] PluginManager:220 - loadIPPluginJar : add adc
2026-09-02 20:47:34,667 [INFO] IPUIPlugin:80 - create IPUIPlugin
2026-09-02 20:47:34,667 [INFO] PluginManager:220 - loadIPPluginJar : add gtzc
2026-09-02 20:47:34,668 [INFO] IPUIPlugin:80 - create IPUIPlugin
2026-09-02 20:47:34,668 [INFO] PluginManager:220 - loadIPPluginJar : add quadspi
2026-09-02 20:47:34,670 [INFO] IPUIPlugin:80 - create IPUIPlugin
2026-09-02 20:47:34,670 [INFO] PluginManager:220 - loadIPPluginJar : add aes
2026-09-02 20:47:34,672 [INFO] IPUIPlugin:80 - create IPUIPlugin
2026-09-02 20:47:34,672 [INFO] PluginManager:220 - loadIPPluginJar : add pdm2pcm
2026-09-02 20:47:34,673 [INFO] IPUIPlugin:80 - create IPUIPlugin
2026-09-02 20:47:34,673 [INFO] PluginManager:220 - loadIPPluginJar : add hash
2026-09-02 20:47:34,674 [INFO] IPUIPlugin:80 - create IPUIPlugin
2026-09-02 20:47:34,674 [INFO] PluginManager:220 - loadIPPluginJar : add tim
2026-09-02 20:47:34,675 [INFO] IPUIPlugin:80 - create IPUIPlugin
2026-09-02 20:47:34,676 [INFO] PluginManager:220 - loadIPPluginJar : add tsc
2026-09-02 20:47:34,677 [INFO] IPUIPlugin:80 - create IPUIPlugin
2026-09-02 20:47:34,678 [INFO] PluginManager:220 - loadIPPluginJar : add extmemmanager
2026-09-02 20:47:34,680 [INFO] IPUIPlugin:80 - create IPUIPlugin
2026-09-02 20:47:34,681 [INFO] PluginManager:220 - loadIPPluginJar : add ts
2026-09-02 20:47:34,682 [INFO] IPUIPlugin:80 - create IPUIPlugin
2026-09-02 20:47:34,682 [INFO] PluginManager:220 - loadIPPluginJar : add radio
2026-09-02 20:47:34,684 [INFO] IPUIPlugin:80 - create IPUIPlugin
2026-09-02 20:47:34,684 [INFO] PluginManager:220 - loadIPPluginJar : add can
2026-09-02 20:47:34,685 [INFO] IPUIPlugin:80 - create IPUIPlugin
2026-09-02 20:47:34,685 [INFO] PluginManager:220 - loadIPPluginJar : add dma3
2026-09-02 20:47:34,687 [INFO] IPUIPlugin:80 - create IPUIPlugin
2026-09-02 20:47:34,687 [INFO] PluginManager:220 - loadIPPluginJar : add dfsdm
2026-09-02 20:47:34,688 [INFO] IPUIPlugin:80 - create IPUIPlugin
2026-09-02 20:47:34,688 [INFO] PluginManager:220 - loadIPPluginJar : add spi
2026-09-02 20:47:34,689 [INFO] IPUIPlugin:80 - create IPUIPlugin
2026-09-02 20:47:34,690 [INFO] PluginManager:220 - loadIPPluginJar : add gfxmmu
2026-09-02 20:47:34,691 [INFO] IPUIPlugin:80 - create IPUIPlugin
2026-09-02 20:47:34,691 [INFO] PluginManager:220 - loadIPPluginJar : add genericplugin
2026-09-02 20:47:34,692 [INFO] IPUIPlugin:80 - create IPUIPlugin
2026-09-02 20:47:34,692 [INFO] PluginManager:220 - loadIPPluginJar : add cryp
2026-09-02 20:47:34,695 [INFO] IPUIPlugin:80 - create IPUIPlugin
2026-09-02 20:47:34,696 [INFO] PluginManager:220 - loadIPPluginJar : add gpio
2026-09-02 20:47:34,698 [INFO] IPUIPlugin:80 - create IPUIPlugin
2026-09-02 20:47:34,698 [INFO] PluginManager:220 - loadIPPluginJar : add ddr_ctrl_phy
2026-09-02 20:47:34,699 [INFO] IPUIPlugin:80 - create IPUIPlugin
2026-09-02 20:47:34,699 [INFO] PluginManager:220 - loadIPPluginJar : add comp
2026-09-02 20:47:34,703 [INFO] IPUIPlugin:80 - create IPUIPlugin
2026-09-02 20:47:34,704 [INFO] PluginManager:220 - loadIPPluginJar : add tracer_emb
2026-09-02 20:47:34,708 [INFO] IPUIPlugin:80 - create IPUIPlugin
2026-09-02 20:47:34,708 [INFO] PluginManager:220 - loadIPPluginJar : add openamp
2026-09-02 20:47:34,711 [INFO] IPUIPlugin:80 - create IPUIPlugin
2026-09-02 20:47:34,712 [INFO] PluginManager:220 - loadIPPluginJar : add stm32_wpan
2026-09-02 20:47:34,716 [INFO] IPUIPlugin:80 - create IPUIPlugin
2026-09-02 20:47:34,720 [INFO] PluginManager:220 - loadIPPluginJar : add plateformsettings
2026-09-02 20:47:34,722 [INFO] IPUIPlugin:80 - create IPUIPlugin
2026-09-02 20:47:34,722 [INFO] PluginManager:220 - loadIPPluginJar : add ipddr
2026-09-02 20:47:34,724 [INFO] IPUIPlugin:80 - create IPUIPlugin
2026-09-02 20:47:34,724 [INFO] PluginManager:220 - loadIPPluginJar : add usart
2026-09-02 20:47:34,725 [INFO] IPUIPlugin:80 - create IPUIPlugin
2026-09-02 20:47:34,725 [INFO] PluginManager:220 - loadIPPluginJar : add ltdc
2026-09-02 20:47:34,726 [INFO] IPUIPlugin:80 - create IPUIPlugin
2026-09-02 20:47:34,727 [INFO] PluginManager:220 - loadIPPluginJar : add nvic
2026-09-02 20:47:34,727 [INFO] IPUIPlugin:80 - create IPUIPlugin
2026-09-02 20:47:34,727 [INFO] PluginManager:220 - loadIPPluginJar : add fatfs
2026-09-02 20:47:34,732 [INFO] IPUIPlugin:80 - create IPUIPlugin
2026-09-02 20:47:34,732 [INFO] PluginManager:220 - loadIPPluginJar : add linkedlist
2026-09-02 20:47:34,736 [INFO] IPUIPlugin:80 - create IPUIPlugin
2026-09-02 20:47:34,736 [INFO] PluginManager:220 - loadIPPluginJar : add dma
2026-09-02 20:47:34,739 [INFO] IPUIPlugin:80 - create IPUIPlugin
2026-09-02 20:47:34,739 [INFO] PluginManager:220 - loadIPPluginJar : add fmc
2026-09-02 20:47:34,741 [INFO] IPUIPlugin:80 - create IPUIPlugin
2026-09-02 20:47:34,741 [INFO] PluginManager:220 - loadIPPluginJar : add i2s
2026-09-02 20:47:34,742 [INFO] IPUIPlugin:80 - create IPUIPlugin
2026-09-02 20:47:34,742 [INFO] PluginManager:220 - loadIPPluginJar : add ucpd
2026-09-02 20:47:34,743 [INFO] IPUIPlugin:80 - create IPUIPlugin
2026-09-02 20:47:34,743 [INFO] PluginManager:220 - loadIPPluginJar : add lorawan
2026-09-02 20:47:34,745 [INFO] IPUIPlugin:80 - create IPUIPlugin
2026-09-02 20:47:34,746 [INFO] PluginManager:220 - loadIPPluginJar : add opamp
2026-09-02 20:47:34,747 [INFO] IPUIPlugin:80 - create IPUIPlugin
2026-09-02 20:47:34,747 [INFO] PluginManager:220 - loadIPPluginJar : add i3c
2026-09-02 20:47:34,749 [INFO] IPUIPlugin:80 - create IPUIPlugin
2026-09-02 20:47:34,749 [INFO] PluginManager:220 - loadIPPluginJar : add touchsensing
2026-09-02 20:47:34,750 [INFO] IPUIPlugin:80 - create IPUIPlugin
2026-09-02 20:47:34,750 [INFO] PluginManager:220 - loadIPPluginJar : add i2c
2026-09-02 20:47:34,753 [INFO] IPUIPlugin:80 - create IPUIPlugin
2026-09-02 20:47:34,753 [INFO] PluginManager:220 - loadIPPluginJar : add resmgrutility
2026-09-02 20:47:34,754 [INFO] IPUIPlugin:80 - create IPUIPlugin
2026-09-02 20:47:34,754 [INFO] PluginManager:220 - loadIPPluginJar : add sai
2026-09-02 20:47:34,756 [INFO] IPUIPlugin:80 - create IPUIPlugin
2026-09-02 20:47:34,756 [INFO] PluginManager:220 - loadIPPluginJar : add usbx
2026-09-02 20:47:34,898 [FATAL] Updater:351 - Updater called before beeing initialized
2026-09-02 20:47:35,018 [INFO] RulesReader:64 - Compatibility file has been processed (317 Rules)
2026-09-02 20:47:35,076 [INFO] RulesReader:64 - Compatibility file has been processed (317 Rules)
2026-09-02 20:47:35,095 [INFO] CADModel:165 - CPN selected for project level
2026-09-02 20:47:35,096 [INFO] CADModel:114 - Register for checkConnection events
2026-09-02 20:47:35,096 [FATAL] Updater:351 - Updater called before beeing initialized
2026-09-02 20:47:35,096 [ERROR] CADModel:125 - Updater not yet initialized, retry later 
2026-09-02 20:47:35,368 [FATAL] Updater:351 - Updater called before beeing initialized
2026-09-02 20:47:35,369 [INFO] CADModel:165 - CPN selected for project level
2026-09-02 20:47:35,369 [INFO] CADModel:114 - Register for checkConnection events
2026-09-02 20:47:35,369 [FATAL] Updater:351 - Updater called before beeing initialized
2026-09-02 20:47:35,369 [ERROR] CADModel:125 - Updater not yet initialized, retry later 
2026-09-02 20:47:35,372 [FATAL] Updater:351 - Updater called before beeing initialized
2026-09-02 20:47:35,560 [FATAL] Updater:351 - Updater called before beeing initialized
2026-09-02 20:47:35,566 [INFO] DbMcusAds:53 - JSON generation date=Wed Jul 15 16:44:54 ICT 2026 (1784108694001)
2026-09-02 20:47:35,566 [FATAL] Updater:351 - Updater called before beeing initialized
2026-09-02 20:47:35,629 [WARN] DetailPanel:346 - Failed to get advertising image, set to default
2026-09-02 20:47:35,715 [FATAL] Updater:351 - Updater called before beeing initialized
2026-09-02 20:47:35,719 [FATAL] Updater:351 - Updater called before beeing initialized
2026-09-02 20:47:35,719 [FATAL] Updater:351 - Updater called before beeing initialized
2026-09-02 20:47:35,720 [WARN] DetailPanel:346 - Failed to get advertising image, set to default
2026-09-02 20:47:35,723 [FATAL] Updater:351 - Updater called before beeing initialized
2026-09-02 20:47:35,784 [ERROR] Updater:1198 - MainUpdater not yet initialized. External WinMGr cannot be set.
2026-09-02 20:47:35,852 [INFO] Updater:1134 - Updater Version found : 6.15.0
2026-09-02 20:47:35,868 [INFO] ApplicationProperties:184 - Using Application install path: /Applications/STM32CubeIDE.app/Contents/Eclipse/plugins/com.st.stm32cube.common.mx_6.15.0.202507011659
2026-09-02 20:47:36,338 [INFO] MainUpdater:2872 - connection check result : 10
2026-09-02 20:47:36,339 [INFO] MainUpdater:289 - Updater Check For Update Now.
2026-09-02 20:47:36,339 [INFO] MicroXplorer:498 - Change Database Version : DB.6.0.150
2026-09-02 20:47:36,347 [INFO] McuFinderGlobals:63 - Set McuFinder mode to 2 (CubeIDE integrated)
2026-09-02 20:47:36,350 [INFO] UserAuth:487 - Internet connection configuration mode: 1
2026-09-02 20:47:36,373 [INFO] JxBrowserEngine:152 - Initiate JxBrowser Engine with user profile folder
2026-09-02 20:47:36,692 [INFO] CheckServerUpdateThread:120 - End of CheckServer Thread
2026-09-02 20:47:37,332 [WARN] PackLoader:240 - Cannot read IP mode file for STMicroelectronics.X-CUBE-AZRTOS-H7.3.5.0
2026-09-02 20:47:37,387 [WARN] PackLoader:240 - Cannot read IP mode file for STMicroelectronics.FP-SNS-MOTENVWB1.1.4.0
2026-09-02 20:47:37,418 [WARN] PackLoader:240 - Cannot read IP mode file for STMicroelectronics.FP-ATR-ASTRA1.2.0.3
2026-09-02 20:47:37,432 [WARN] PackLoader:240 - Cannot read IP mode file for STMicroelectronics.FP-ATR-ASTRA1.2.0.2
2026-09-02 20:47:37,442 [ERROR] Engine:466 - /Users/MAC/.stm32cubemx/thirdparties/pdsc/STMicroelectronics.X-CUBE-SMBUS.2.1.1.pdsc: PDSC version is not supported
2026-09-02 20:47:37,448 [WARN] PackLoader:240 - Cannot read IP mode file for STMicroelectronics.X-CUBE-SMBUS.2.1.0
2026-09-02 20:47:37,454 [WARN] PackLoader:240 - Cannot read IP mode file for STMicroelectronics.X-CUBE-ST60.1.0.0
2026-09-02 20:47:37,514 [WARN] PackLoader:240 - Cannot read IP mode file for STMicroelectronics.X-CUBE-AZRTOS-F7.1.1.0
2026-09-02 20:47:37,552 [WARN] PackLoader:240 - Cannot read IP mode file for STMicroelectronics.X-CUBE-FREERTOS.1.6.0
2026-09-02 20:47:37,561 [WARN] PackLoader:240 - Cannot read IP mode file for STMicroelectronics.FP-SNS-MOTENV1.5.1.0
2026-09-02 20:47:37,627 [WARN] PackLoader:240 - Cannot read IP mode file for STMicroelectronics.X-CUBE-AZRTOS-H7RS.1.3.0
2026-09-02 20:47:37,744 [WARN] PackLoader:240 - Cannot read IP mode file for WES.I-CUBE-Cesium.1.4.0
2026-09-02 20:47:37,817 [WARN] PackLoader:240 - Cannot read IP mode file for Infineon.AIROC-Wi-Fi-Bluetooth-STM32.1.7.1
2026-09-02 20:47:37,899 [WARN] PackLoader:240 - Cannot read IP mode file for STMicroelectronics.X-CUBE-AZRTOS-H7.3.4.0
2026-09-02 20:47:37,929 [WARN] PackLoader:240 - Cannot read IP mode file for STMicroelectronics.X-CUBE-DISPLAY.3.0.0
2026-09-02 20:47:37,951 [WARN] PackLoader:240 - Cannot read IP mode file for STMicroelectronics.X-CUBE-GNSS1.7.1.1
2026-09-02 20:47:37,967 [WARN] PackLoader:240 - Cannot read IP mode file for STMicroelectronics.FP-SNS-MOTENVWB1.1.5.0
2026-09-02 20:47:37,983 [WARN] PackLoader:240 - Cannot read IP mode file for STMicroelectronics.X-CUBE-NFC10.1.0.0
2026-09-02 20:47:37,994 [WARN] PackLoader:240 - Cannot read IP mode file for STMicroelectronics.X-CUBE-ST60.1.1.0
2026-09-02 20:47:38,002 [WARN] PackLoader:240 - Cannot read IP mode file for emotas.I-CUBE-CANOPEN.1.3.0
2026-09-02 20:47:38,007 [ERROR] Engine:466 - /Users/MAC/.stm32cubemx/thirdparties/pdsc/STMicroelectronics.X-CUBE-WBA.1.1.0.pdsc: PDSC version is not supported
2026-09-02 20:47:38,016 [WARN] PackLoader:240 - Cannot read IP mode file for STMicroelectronics.FP-SNS-STBOX1.2.1.0
2026-09-02 20:47:38,027 [WARN] PackLoader:240 - Cannot read IP mode file for STMicroelectronics.FP-SNS-SMARTAG2.1.2.0
2026-09-02 20:47:38,033 [WARN] PackLoader:240 - Cannot read IP mode file for STMicroelectronics.FP-SNS-FLIGHT1.5.1.0
2026-09-02 20:47:38,052 [INFO] LogOutputStream:77 - [STDOUT_REDIRECT] 1 : Invalid condition id : UX_CORESTACK_Condition cause : null
2026-09-02 20:47:38,058 [INFO] LogOutputStream:77 - [STDOUT_REDIRECT] 1 : Invalid condition id : UX_CORESTACK_Condition cause : null
2026-09-02 20:47:38,059 [INFO] LogOutputStream:77 - [STDOUT_REDIRECT] 1 : Invalid condition id : UX_CORESTACK_Condition cause : null
2026-09-02 20:47:38,059 [INFO] LogOutputStream:77 - [STDOUT_REDIRECT] 1 : Invalid condition id : UX_CORESTACK_Condition cause : null
2026-09-02 20:47:38,059 [INFO] LogOutputStream:77 - [STDOUT_REDIRECT] 1 : Invalid condition id : UX_CORESTACK_Condition cause : null
2026-09-02 20:47:38,067 [WARN] PackLoader:240 - Cannot read IP mode file for STMicroelectronics.X-CUBE-AZRTOS-WL.2.0.0
2026-09-02 20:47:38,078 [WARN] PackLoader:240 - Cannot read IP mode file for STMicroelectronics.FP-SNS-MOTENV1.5.0.0
2026-09-02 20:47:38,110 [WARN] PackLoader:240 - Cannot read IP mode file for STMicroelectronics.X-CUBE-AZRTOS-H7RS.1.2.0
2026-09-02 20:47:38,129 [WARN] PackLoader:240 - Cannot read IP mode file for WES.I-CUBE-Cesium.1.3.0
2026-09-02 20:47:38,138 [WARN] PackLoader:240 - Cannot read IP mode file for STMicroelectronics.X-CUBE-BLE2.3.3.0
2026-09-02 20:47:38,175 [WARN] PackLoader:240 - Cannot read IP mode file for STMicroelectronics.X-CUBE-NFC9.1.0.0
2026-09-02 20:47:38,190 [WARN] PackLoader:240 - Cannot read IP mode file for wolfSSL.I-CUBE-wolfSSL.5.8.2
2026-09-02 20:47:38,216 [WARN] PackLoader:240 - Cannot read IP mode file for STMicroelectronics.X-CUBE-BLE1.7.1.0
2026-09-02 20:47:38,221 [WARN] PackLoader:240 - Cannot read IP mode file for wolfSSL.I-CUBE-wolfMQTT.1.19.2
2026-09-02 20:47:38,225 [WARN] PackLoader:240 - Cannot read IP mode file for STMicroelectronics.X-CUBE-EEPRMA1.5.2.0
2026-09-02 20:47:38,235 [WARN] PackLoader:240 - Cannot read IP mode file for STMicroelectronics.FP-SNS-STAIOTCFT.1.1.0
2026-09-02 20:47:38,256 [WARN] PackLoader:240 - Cannot read IP mode file for STMicroelectronics.X-CUBE-AZRTOS-G0.1.1.0
2026-09-02 20:47:38,275 [WARN] PackLoader:240 - Cannot read IP mode file for STMicroelectronics.X-CUBE-SAFEA1.1.2.2
2026-09-02 20:47:38,286 [WARN] PackLoader:240 - Cannot read IP mode file for STMicroelectronics.X-CUBE-NFC4.3.0.0
2026-09-02 20:47:38,299 [WARN] PackLoader:240 - Cannot read IP mode file for EmbeddedOffice.I-CUBE-FS-RTOS.1.0.1
2026-09-02 20:47:38,307 [WARN] PackLoader:240 - Cannot read IP mode file for STMicroelectronics.X-CUBE-WB05N.2.0.0
2026-09-02 20:47:38,316 [WARN] PackLoader:240 - Cannot read IP mode file for wolfSSL.I-CUBE-wolfTPM.3.8.0
2026-09-02 20:47:38,323 [WARN] PackLoader:240 - Cannot read IP mode file for STMicroelectronics.X-CUBE-TCPP.4.2.0
2026-09-02 20:47:38,332 [WARN] PackLoader:240 - Cannot read IP mode file for RealThread.X-CUBE-RT-Thread_Nano.4.1.1
2026-09-02 20:47:38,334 [WARN] PackLoader:240 - Cannot read IP mode file for STMicroelectronics.FP-ATR-SIGFOX1.3.2.0
2026-09-02 20:47:38,342 [WARN] PackLoader:240 - Cannot read IP mode file for STMicroelectronics.X-CUBE-FREERTOS.1.5.0
2026-09-02 20:47:38,350 [WARN] PackLoader:240 - Cannot read IP mode file for ITTIA_DB.I-CUBE-ITTIADB.8.9.0
2026-09-02 20:47:38,364 [WARN] PackLoader:240 - Cannot read IP mode file for STMicroelectronics.X-CUBE-NFC6.3.2.0
2026-09-02 20:47:38,375 [WARN] PackLoader:240 - Cannot read IP mode file for STMicroelectronics.X-CUBE-ST67W61.1.0.0
2026-09-02 20:47:38,386 [WARN] PackLoader:240 - Cannot read IP mode file for STMicroelectronics.X-CUBE-AI.10.2.1
2026-09-02 20:47:38,390 [WARN] PackLoader:240 - Cannot read IP mode file for STMicroelectronics.X-CUBE-AI.10.2.0
2026-09-02 20:47:38,863 [WARN] PackLoader:240 - Cannot read IP mode file for STMicroelectronics.X-CUBE-MEMS1.12.1.0
2026-09-02 20:47:39,081 [WARN] PackLoader:240 - Cannot read IP mode file for SEGGER.I-CUBE-embOS.1.3.1
2026-09-02 20:47:39,174 [WARN] PackLoader:240 - Cannot read IP mode file for STMicroelectronics.X-CUBE-ALGOBUILD.1.4.0
2026-09-02 20:47:39,280 [WARN] PackLoader:240 - Cannot read IP mode file for STMicroelectronics.X-CUBE-MEMS1.11.3.0
2026-09-02 20:47:39,386 [ERROR] Engine:466 - /Users/MAC/.stm32cubemx/thirdparties/pdsc/STMicroelectronics.FP-SNS-STAIOTCFT.2.0.0.pdsc: PDSC version is not supported
2026-09-02 20:47:39,400 [WARN] PackLoader:240 - Cannot read IP mode file for STMicroelectronics.X-CUBE-NFC13.1.0.0
2026-09-02 20:47:39,411 [WARN] PackLoader:240 - Cannot read IP mode file for STMicroelectronics.X-CUBE-PM33A1.1.0.0
2026-09-02 20:47:39,450 [WARN] PackLoader:240 - Cannot read IP mode file for STMicroelectronics.X-CUBE-AZRTOS-F4.1.1.0
2026-09-02 20:47:39,467 [WARN] PackLoader:240 - Cannot read IP mode file for Avnet-IotConnect.X-CUBE-IoTC-DA16k-PMOD.1.0.0
2026-09-02 20:47:39,474 [WARN] PackLoader:240 - Cannot read IP mode file for STMicroelectronics.X-CUBE-ISPU.2.1.0
2026-09-02 20:47:39,486 [WARN] PackLoader:240 - Cannot read IP mode file for STMicroelectronics.X-CUBE-IPS.3.2.0
2026-09-02 20:47:39,499 [WARN] PackLoader:240 - Cannot read IP mode file for STMicroelectronics.eDS-WB_DPC_TT-BIDIR.2.1.1
2026-09-02 20:47:39,507 [WARN] PackLoader:240 - Cannot read IP mode file for STMicroelectronics.X-CUBE-NFC12.1.0.0
2026-09-02 20:47:39,533 [WARN] PackLoader:240 - Cannot read IP mode file for STMicroelectronics.X-CUBE-AZRTOS-L5.2.0.0
2026-09-02 20:47:39,552 [WARN] PackLoader:240 - Cannot read IP mode file for STMicroelectronics.X-CUBE-NFC6.3.1.0
2026-09-02 20:47:39,564 [WARN] PackLoader:240 - Cannot read IP mode file for STMicroelectronics.X-CUBE-ALGOBUILD.1.5.0
2026-09-02 20:47:39,569 [WARN] PackLoader:240 - Cannot read IP mode file for STMicroelectronics.eDS-WB_DPC_VIENNA.1.2.0
2026-09-02 20:47:39,631 [WARN] PackLoader:240 - Cannot read IP mode file for STMicroelectronics.X-CUBE-MEMS1.13.0.0
2026-09-02 20:47:39,692 [WARN] PackLoader:240 - Cannot read IP mode file for STMicroelectronics.eDS-WB_DPC_3PH2L-BIDIR.1.1.1
2026-09-02 20:47:39,697 [ERROR] Engine:466 - /Users/MAC/.stm32cubemx/thirdparties/pdsc/STMicroelectronics.X-CUBE-ST67W61.1.3.0.pdsc: PDSC version is not supported
2026-09-02 20:47:39,702 [WARN] PackLoader:240 - Cannot read IP mode file for STMicroelectronics.X-CUBE-FREERTOS.1.3.1
2026-09-02 20:47:39,709 [WARN] PackLoader:240 - Cannot read IP mode file for STMicroelectronics.X-CUBE-TOUCHGFX.4.26.1
2026-09-02 20:47:39,714 [WARN] PackLoader:240 - Cannot read IP mode file for STMicroelectronics.FP-SNS-STAIOTCFT.1.0.0
2026-09-02 20:47:39,945 [WARN] PackLoader:240 - Cannot read IP mode file for STMicroelectronics.X-CUBE-DPower.1.3.0
2026-09-02 20:47:40,022 [WARN] ConditionMgr:438 - getConditionDescription Invalid condition id : LAN8742 Phy interface Condition cause : null
2026-09-02 20:47:40,026 [WARN] PackLoader:240 - Cannot read IP mode file for STMicroelectronics.X-CUBE-AZRTOS-L4.2.0.0
2026-09-02 20:47:40,029 [WARN] ConditionMgr:1044 - genDependencies : Invalid condition id : LAN8742 Phy interface Condition cause : null
2026-09-02 20:47:40,030 [WARN] ConditionMgr:1044 - genDependencies : Invalid condition id : LAN8742 Phy interface Condition cause : null
2026-09-02 20:47:40,031 [WARN] ConditionMgr:1044 - genDependencies : Invalid condition id : LAN8742 Phy interface Condition cause : null
2026-09-02 20:47:40,051 [WARN] PackLoader:240 - Cannot read IP mode file for STMicroelectronics.X-CUBE-SFXS2LP1.4.0.0
2026-09-02 20:47:40,064 [WARN] PackLoader:240 - Cannot read IP mode file for STMicroelectronics.X-CUBE-WB05N.2.1.0
2026-09-02 20:47:40,080 [WARN] PackLoader:240 - Cannot read IP mode file for STMicroelectronics.X-CUBE-BLEMGR.4.1.0
2026-09-02 20:47:40,101 [WARN] ConditionMgr:438 - getConditionDescription Invalid condition id : UX DEVICE CLASS RTOS Condition cause : null
2026-09-02 20:47:40,101 [WARN] ConditionMgr:438 - getConditionDescription Invalid condition id : UX DEVICE CLASS RTOS Condition cause : null
2026-09-02 20:47:40,105 [WARN] PackLoader:240 - Cannot read IP mode file for STMicroelectronics.X-CUBE-AZRTOS-WB.2.0.0
2026-09-02 20:47:40,106 [WARN] ConditionMgr:1044 - genDependencies : Invalid condition id : UX DEVICE CLASS RTOS Condition cause : null
2026-09-02 20:47:40,106 [WARN] ConditionMgr:1044 - genDependencies : Invalid condition id : UX DEVICE CLASS RTOS Condition cause : null
2026-09-02 20:47:40,107 [WARN] ConditionMgr:1044 - genDependencies : Invalid condition id : UX DEVICE CLASS RTOS Condition cause : null
2026-09-02 20:47:40,107 [WARN] ConditionMgr:1044 - genDependencies : Invalid condition id : UX DEVICE CLASS RTOS Condition cause : null
2026-09-02 20:47:40,108 [WARN] ConditionMgr:1044 - genDependencies : Invalid condition id : UX DEVICE CLASS RTOS Condition cause : null
2026-09-02 20:47:40,145 [WARN] PackLoader:240 - Cannot read IP mode file for STMicroelectronics.X-CUBE-GNSS1.7.0.1
2026-09-02 20:47:40,157 [WARN] PackLoader:240 - Cannot read IP mode file for STMicroelectronics.X-CUBE-TOUCHGFX.4.25.0
2026-09-02 20:47:40,159 [WARN] ConditionMgr:438 - getConditionDescription Invalid condition id : Cortex-A Device cause : null
2026-09-02 20:47:40,191 [WARN] ConditionMgr:1044 - genDependencies : Invalid condition id : Cortex-A Device cause : null
2026-09-02 20:47:40,191 [WARN] ConditionMgr:1044 - genDependencies : Invalid condition id : Cortex-A Device cause : null
2026-09-02 20:47:40,192 [WARN] ConditionMgr:1044 - genDependencies : Invalid condition id : Cortex-A Device cause : null
2026-09-02 20:47:40,200 [WARN] PackLoader:240 - Cannot read IP mode file for STMicroelectronics.X-CUBE-STSE01.2.0.0
2026-09-02 20:47:40,222 [WARN] PackLoader:240 - Cannot read IP mode file for STMicroelectronics.X-CUBE-SUBG2.5.0.0
2026-09-02 20:47:40,253 [WARN] PackLoader:240 - Cannot read IP mode file for STMicroelectronics.X-CUBE-AZRTOS-H7RS.1.1.0
2026-09-02 20:47:40,260 [WARN] PackLoader:240 - Cannot read IP mode file for Cesanta.I-CUBE-Mongoose.7.13.0
2026-09-02 20:47:40,275 [WARN] PackLoader:240 - Cannot read IP mode file for STMicroelectronics.X-CUBE-AZRTOS-G4.2.0.0
2026-09-02 20:47:40,280 [WARN] PackLoader:240 - Cannot read IP mode file for wolfSSL.I-CUBE-wolfSSH.1.4.20
2026-09-02 20:47:40,282 [WARN] PackLoader:240 - Cannot read IP mode file for STMicroelectronics.X-CUBE-NFC7.2.0.0
2026-09-02 20:47:40,293 [WARN] PackLoader:240 - Cannot read IP mode file for STMicroelectronics.X-CUBE-IPS.3.1.0
2026-09-02 20:47:40,300 [ERROR] Engine:466 - /Users/MAC/.stm32cubemx/thirdparties/pdsc/STMicroelectronics.X-CUBE-BLEMGR.4.2.0.pdsc: PDSC version is not supported
2026-09-02 20:47:40,303 [WARN] PackLoader:240 - Cannot read IP mode file for STMicroelectronics.X-CUBE-ALS.1.0.2
2026-09-02 20:47:40,307 [WARN] PackLoader:240 - Cannot read IP mode file for portGmbH.I-Cube-SoM-uGOAL.1.1.0
2026-09-02 20:47:40,319 [WARN] PackLoader:240 - Cannot read IP mode file for STMicroelectronics.X-CUBE-TOF1.3.4.3
2026-09-02 20:47:40,348 [INFO] ThirdParty:978 - Integrity check success = true
2026-09-02 20:47:40,348 [INFO] IntegrityCheckThread:100 - exiting critical section [integrity check]
2026-09-02 20:47:40,348 [INFO] IntegrityCheckThread:103 - End integrity checks thread
2026-09-02 20:47:43,697 [INFO] WebApp:169 - Instantiating new browser for Auth
2026-09-02 20:47:47,846 [INFO] WebApp:463 - Apply proxy settings
2026-09-02 20:47:47,874 [INFO] WebApp:508 - Chromium authenticates against Manually configured proxy
2026-09-02 20:47:47,896 [INFO] WebApp:516 - Username used for proxy authentication: 
2026-09-02 20:47:47,955 [INFO] WebApp:900 - Register for checkConnection events
2026-09-02 20:47:47,956 [INFO] WebApp:463 - Apply proxy settings
2026-09-02 20:47:47,959 [INFO] WebApp:508 - Chromium authenticates against Manually configured proxy
2026-09-02 20:47:47,960 [INFO] WebApp:516 - Username used for proxy authentication: 
2026-09-02 20:47:48,179 [INFO] WebApp:225 - Starting web application
2026-09-02 20:47:48,179 [INFO] WebApp:593 - Web application path used /Applications/STM32CubeIDE.app/Contents/Eclipse/plugins/com.st.stm32cube.common.mx_6.15.0.202507011659/db/plugins/mcufinder/reactClient1/index.html
2026-09-02 20:47:48,909 [INFO] WebApp:191 - Connection restablished
2026-09-02 20:47:49,018 [INFO] UserAuth:487 - Internet connection configuration mode: 1
2026-09-02 20:55:48,654 [INFO] McuFinderGlobals:63 - Set McuFinder mode to 2 (CubeIDE integrated)
2026-09-02 20:55:48,672 [INFO] MainUpdater:2872 - connection check result : 10
2026-09-02 20:55:48,674 [INFO] MainUpdater:2872 - connection check result : 10
2026-09-02 20:55:49,447 [INFO] MicroXplorer:468 - Change Database Path : 
2026-09-02 20:55:49,449 [INFO] MicroXplorer:498 - Change Database Version : DB.6.0.150
2026-09-02 20:55:49,464 [WARN] ThirdParty:871 - waiting for thirdparty lock release [close project]
2026-09-02 20:55:49,464 [INFO] ThirdParty:873 - entering critical section [close project]
2026-09-02 20:55:49,470 [INFO] ThirdParty:883 - exiting critical section [close project]
2026-09-02 20:55:49,480 [INFO] PinOutPanel:1589 - setPackage(No Configuration,No Configuration)
2026-09-02 20:55:49,492 [INFO] UtilMem:75 - Begin LoadConfig() Used Memory: 753806096 Bytes (1073741824)
2026-09-02 20:55:49,499 [INFO] MicroXplorer:468 - Change Database Path : 
2026-09-02 20:55:49,500 [INFO] MicroXplorer:498 - Change Database Version : DB.6.0.150
2026-09-02 20:55:49,500 [INFO] OpenFileManager:355 - Change cursor
2026-09-02 20:55:49,660 [INFO] Mcu:2029 - Initializing MCU STM32F411V(C-E)Tx STM32F411VETx STM32F411VET6
2026-09-02 20:55:52,156 [INFO] Context:786 - Trying to add GPIOservice into a context  which must be forbidden
2026-09-02 20:55:52,914 [INFO] ImportTextPane:234 - (OptionalMessage_ERROR) Pin47 (VP_RIF_VS_RIF1) cannot be retrieved for this MCU
2026-09-02 20:55:53,103 [INFO] RtosManager:558 - Registered RTOS mode: class=CMSIS, group=RTOS, mode=CMSIS_V1, owner=FREERTOS
2026-09-02 20:55:53,104 [INFO] RtosManager:558 - Registered RTOS mode: class=CMSIS, group=RTOS2, mode=CMSIS_V2, owner=FREERTOS
2026-09-02 20:55:53,104 [INFO] RtosManager:558 - Registered RTOS mode: class=RTOS, group=Core, mode=CMSIS_V1, owner=FREERTOS
2026-09-02 20:55:53,104 [INFO] RtosManager:558 - Registered RTOS mode: class=RTOS, group=Core, mode=CMSIS_V2, owner=FREERTOS
2026-09-02 20:55:53,104 [WARN] ModelIntegratedComponent:184 - Missing modes for component STMicroelectronics:FreeRTOS:0.0.1:STMicroelectronics:RTOS:FreeRTOS:Core:::10.2.0:
2026-09-02 20:55:53,183 [WARN] ModelIntegratedComponent:63 - No mode defined for component null
2026-09-02 20:55:53,183 [WARN] ModelIntegratedComponent:63 - No mode defined for component null
2026-09-02 20:55:53,183 [WARN] ModelIntegratedComponent:63 - No mode defined for component null
2026-09-02 20:55:53,183 [WARN] ModelIntegratedComponent:63 - No mode defined for component null
2026-09-02 20:55:53,183 [WARN] ModelIntegratedComponent:63 - No mode defined for component null
2026-09-02 20:55:53,183 [WARN] ModelIntegratedComponent:63 - No mode defined for component null
2026-09-02 20:55:53,184 [WARN] ModelIntegratedComponent:63 - No mode defined for component null
2026-09-02 20:55:53,184 [WARN] ModelIntegratedComponent:63 - No mode defined for component null
2026-09-02 20:55:53,184 [WARN] ModelIntegratedComponent:63 - No mode defined for component null
2026-09-02 20:55:53,184 [WARN] ModelIntegratedComponent:63 - No mode defined for component null
2026-09-02 20:55:53,184 [WARN] ModelIntegratedComponent:63 - No mode defined for component null
2026-09-02 20:55:53,184 [WARN] ModelIntegratedComponent:63 - No mode defined for component null
2026-09-02 20:55:53,185 [WARN] ModelIntegratedComponent:63 - No mode defined for component null
2026-09-02 20:55:53,185 [WARN] ModelIntegratedComponent:63 - No mode defined for component null
2026-09-02 20:55:53,185 [WARN] ModelIntegratedComponent:63 - No mode defined for component null
2026-09-02 20:55:53,185 [WARN] ModelIntegratedComponent:63 - No mode defined for component null
2026-09-02 20:55:53,185 [WARN] ModelIntegratedComponent:63 - No mode defined for component null
2026-09-02 20:55:53,185 [WARN] ModelIntegratedComponent:63 - No mode defined for component null
2026-09-02 20:55:53,185 [WARN] ModelIntegratedComponent:63 - No mode defined for component null
2026-09-02 20:55:53,185 [WARN] ModelIntegratedComponent:63 - No mode defined for component null
2026-09-02 20:55:53,185 [WARN] ModelIntegratedComponent:63 - No mode defined for component null
2026-09-02 20:55:53,185 [WARN] ModelIntegratedComponent:63 - No mode defined for component null
2026-09-02 20:55:53,185 [WARN] ModelIntegratedComponent:63 - No mode defined for component null
2026-09-02 20:55:53,185 [WARN] ModelIntegratedComponent:63 - No mode defined for component null
2026-09-02 20:55:53,185 [WARN] ModelIntegratedComponent:63 - No mode defined for component null
2026-09-02 20:55:53,185 [WARN] ModelIntegratedComponent:63 - No mode defined for component null
2026-09-02 20:55:53,186 [WARN] ModelIntegratedComponent:63 - No mode defined for component null
2026-09-02 20:55:53,186 [WARN] ModelIntegratedComponent:63 - No mode defined for component null
2026-09-02 20:55:53,186 [WARN] ModelIntegratedComponent:63 - No mode defined for component null
2026-09-02 20:55:53,186 [WARN] ModelIntegratedComponent:63 - No mode defined for component null
2026-09-02 20:55:53,186 [WARN] ModelIntegratedComponent:63 - No mode defined for component null
2026-09-02 20:55:53,186 [WARN] ModelIntegratedComponent:63 - No mode defined for component null
2026-09-02 20:55:53,186 [WARN] ModelIntegratedComponent:63 - No mode defined for component null
2026-09-02 20:55:53,186 [WARN] ModelIntegratedComponent:63 - No mode defined for component null
2026-09-02 20:55:53,186 [WARN] ModelIntegratedComponent:63 - No mode defined for component null
2026-09-02 20:55:53,187 [WARN] ModelPack:524 - Component already loaded: STMicroelectronics:HAL Drivers:0.0.0:STMicroelectronics:Device:STMicro_Driver:XSPI:HAL::0.0.1:HAL_XSPI
2026-09-02 20:55:53,192 [WARN] ModelIntegratedComponent:182 - Modes not found for component STMicroelectronics:USB_DEVICE:1.0.0:STMicroelectronics:USB::USB Device:Audio HS::1.0:USB_DEVICE_1_0_RESTRICTED_HS
2026-09-02 20:55:53,193 [WARN] ModelIntegratedComponent:188 - Modes not found for component STMicroelectronics:USB_DEVICE:1.0.0:STMicroelectronics:USB::USB Device:Audio HS::1.0:USB_DEVICE_1_0_RESTRICTED_HS
2026-09-02 20:55:53,193 [WARN] ModelIntegratedComponent:182 - Modes not found for component STMicroelectronics:USB_DEVICE:1.0.0:STMicroelectronics:USB::USB Device:CDC HS::1.0:USB_DEVICE_1_0_RESTRICTED_HS
2026-09-02 20:55:53,193 [WARN] ModelIntegratedComponent:188 - Modes not found for component STMicroelectronics:USB_DEVICE:1.0.0:STMicroelectronics:USB::USB Device:CDC HS::1.0:USB_DEVICE_1_0_RESTRICTED_HS
2026-09-02 20:55:53,193 [WARN] ModelIntegratedComponent:182 - Modes not found for component STMicroelectronics:USB_DEVICE:1.0.0:STMicroelectronics:USB::USB Device:DFU HS::1.0:USB_DEVICE_1_0_RESTRICTED_HS
2026-09-02 20:55:53,193 [WARN] ModelIntegratedComponent:188 - Modes not found for component STMicroelectronics:USB_DEVICE:1.0.0:STMicroelectronics:USB::USB Device:DFU HS::1.0:USB_DEVICE_1_0_RESTRICTED_HS
2026-09-02 20:55:53,194 [WARN] ModelIntegratedComponent:182 - Modes not found for component STMicroelectronics:USB_DEVICE:1.0.0:STMicroelectronics:USB::USB Device:HID HS::1.0:USB_DEVICE_1_0_RESTRICTED_HS
2026-09-02 20:55:53,194 [WARN] ModelIntegratedComponent:188 - Modes not found for component STMicroelectronics:USB_DEVICE:1.0.0:STMicroelectronics:USB::USB Device:HID HS::1.0:USB_DEVICE_1_0_RESTRICTED_HS
2026-09-02 20:55:53,194 [WARN] ModelIntegratedComponent:182 - Modes not found for component STMicroelectronics:USB_DEVICE:1.0.0:STMicroelectronics:USB::USB Device:Custom HID HS::1.0:USB_DEVICE_1_0_RESTRICTED_HS
2026-09-02 20:55:53,194 [WARN] ModelIntegratedComponent:188 - Modes not found for component STMicroelectronics:USB_DEVICE:1.0.0:STMicroelectronics:USB::USB Device:Custom HID HS::1.0:USB_DEVICE_1_0_RESTRICTED_HS
2026-09-02 20:55:53,194 [WARN] ModelIntegratedComponent:182 - Modes not found for component STMicroelectronics:USB_DEVICE:1.0.0:STMicroelectronics:USB::USB Device:MSC HS::1.0:USB_DEVICE_1_0_RESTRICTED_HS
2026-09-02 20:55:53,194 [WARN] ModelIntegratedComponent:188 - Modes not found for component STMicroelectronics:USB_DEVICE:1.0.0:STMicroelectronics:USB::USB Device:MSC HS::1.0:USB_DEVICE_1_0_RESTRICTED_HS
2026-09-02 20:55:53,226 [WARN] ModelIntegratedComponent:182 - Modes not found for component STMicroelectronics:USB_HOST:1.0.0:STMicroelectronics:USB::USB Host:Audio HS::1.0:USB_HOST_1_0_RESTRICTED_HS
2026-09-02 20:55:53,227 [WARN] ModelIntegratedComponent:188 - Modes not found for component STMicroelectronics:USB_HOST:1.0.0:STMicroelectronics:USB::USB Host:Audio HS::1.0:USB_HOST_1_0_RESTRICTED_HS
2026-09-02 20:55:53,227 [WARN] ModelIntegratedComponent:182 - Modes not found for component STMicroelectronics:USB_HOST:1.0.0:STMicroelectronics:USB::USB Host:CDC HS::1.0:USB_HOST_1_0_RESTRICTED_HS
2026-09-02 20:55:53,227 [WARN] ModelIntegratedComponent:188 - Modes not found for component STMicroelectronics:USB_HOST:1.0.0:STMicroelectronics:USB::USB Host:CDC HS::1.0:USB_HOST_1_0_RESTRICTED_HS
2026-09-02 20:55:53,227 [WARN] ModelIntegratedComponent:182 - Modes not found for component STMicroelectronics:USB_HOST:1.0.0:STMicroelectronics:USB::USB Host:MSC HS::1.0:USB_HOST_1_0_RESTRICTED_HS
2026-09-02 20:55:53,227 [WARN] ModelIntegratedComponent:188 - Modes not found for component STMicroelectronics:USB_HOST:1.0.0:STMicroelectronics:USB::USB Host:MSC HS::1.0:USB_HOST_1_0_RESTRICTED_HS
2026-09-02 20:55:53,227 [WARN] ModelIntegratedComponent:182 - Modes not found for component STMicroelectronics:USB_HOST:1.0.0:STMicroelectronics:USB::USB Host:HID HS::1.0:USB_HOST_1_0_RESTRICTED_HS
2026-09-02 20:55:53,227 [WARN] ModelIntegratedComponent:188 - Modes not found for component STMicroelectronics:USB_HOST:1.0.0:STMicroelectronics:USB::USB Host:HID HS::1.0:USB_HOST_1_0_RESTRICTED_HS
2026-09-02 20:55:53,227 [WARN] ModelIntegratedComponent:182 - Modes not found for component STMicroelectronics:USB_HOST:1.0.0:STMicroelectronics:USB::USB Host:MTP HS::1.0:USB_HOST_1_0_RESTRICTED_HS
2026-09-02 20:55:53,227 [WARN] ModelIntegratedComponent:188 - Modes not found for component STMicroelectronics:USB_HOST:1.0.0:STMicroelectronics:USB::USB Host:MTP HS::1.0:USB_HOST_1_0_RESTRICTED_HS
2026-09-02 20:55:53,396 [INFO] ThirdPartyModel:298 - Start build external matchings
2026-09-02 20:55:53,955 [INFO] ThirdPartyModel:316 - End build external matchings
2026-09-02 20:55:55,684 [INFO] ApiDb:581 - Connected to CubeFinder SQLite database (/Users/MAC/.stmcufinder/plugins/mcufinder/mcu/cube-finder-db.db)
2026-09-02 20:55:55,745 [INFO] ApiDb:668 - CubeFinder database Data Model version=2.1
2026-09-02 20:55:55,745 [INFO] ApiDb:669 - CubeFinder database Configuration version=3.0.42
2026-09-02 20:55:55,753 [INFO] ApiDb:670 - CubeFinder database generation date=2026-08-04 (1785840812)
2026-09-02 20:55:55,753 [INFO] ApiDb:671 - CubeFinder database FW Pack versions=[FP-ATR-ASTRA1_V2.0.0, FP-SNS-FLIGHT1_V5.1.0, FP-SNS-MOTENV1_V5.1.0, FP-SNS-MOTENVWB1_V1.5.0, FP-SNS-SMARTAG2_V1.2.0, FP-SNS-STBOX1_V2.1.0, STM32Cube_FW_C0_V1.4.1, STM32Cube_FW_F4_V1.28.3, STM32Cube_FW_F7_V1.17.4, STM32Cube_FW_G0_V1.6.3, STM32Cube_FW_G4_V1.6.2, STM32Cube_FW_H5_V1.7.0, STM32Cube_FW_H7RS_V1.3.0, STM32Cube_FW_H7_V1.13.0, STM32Cube_FW_L0_V1.12.2, STM32Cube_FW_L4_V1.18.2, STM32Cube_FW_L5_V1.6.0, STM32Cube_FW_N6_V1.4.0, STM32Cube_FW_U0_V1.3.0, STM32Cube_FW_U3_V1.4.0, STM32Cube_FW_U5_V1.9.0, STM32Cube_FW_WB0_V1.5.0, STM32Cube_FW_WBA_V1.10.0, STM32Cube_FW_WB_V1.24.0, STM32Cube_FW_WL3_V1.5.0, STM32Cube_FW_WL_V1.6.0, X-CUBE-ALGOBUILD_V1.5.0, X-CUBE-ALS_V1.0.2, X-CUBE-AZRTOS-F4_V1.1.0, X-CUBE-AZRTOS-F7_V1.1.0, X-CUBE-AZRTOS-G0_V1.1.0, X-CUBE-AZRTOS-G4_V2.0.0, X-CUBE-AZRTOS-H7RS_V1.3.0, X-CUBE-AZRTOS-H7_V3.5.0, X-CUBE-AZRTOS-L4_V2.0.0, X-CUBE-AZRTOS-L5_V2.0.0, X-CUBE-AZRTOS-WB_V2.0.0, X-CUBE-AZRTOS-WL_V2.0.0, X-CUBE-BLE1_V7.1.0, X-CUBE-BLE2_V3.3.0, X-CUBE-BLEMGR_V4.2.0, X-CUBE-EEPRMA1_V5.2.0, X-CUBE-FREERTOS_V1.6.0, X-CUBE-GNSS1_V7.1.1, X-CUBE-MEMS1_V13.0.0, X-CUBE-NFC4_V3.0.0, X-CUBE-NFC7_V2.0.0, X-CUBE-SFXS2LP1_V4.0.0, X-CUBE-ST67W61_V1.3.0, X-CUBE-SUBG2_V5.0.0, X-CUBE-TOF1_V3.4.3]
2026-09-02 20:55:55,847 [INFO] DbBoardsSqlite:226 - include board P-NUCLEO-WB55-NUCLEO as a kit item of type 'Nucleo-64'
2026-09-02 20:55:55,847 [INFO] DbBoardsSqlite:226 - include board P-NUCLEO-WB55-USBDONGLE as a kit item of type 'Nucleo USB Dongle'
2026-09-02 20:55:55,848 [INFO] DbBoardsSqlite:226 - include board STEVAL-IDP005V1 as a kit item of type 'Evaluation Board'
2026-09-02 20:55:55,848 [INFO] DbBoardsSqlite:226 - include board STEVAL-IDP005V2 as a kit item of type 'Evaluation Board'
2026-09-02 20:55:56,001 [INFO] ApiDb:240 - Found 880 in-development CPN: [B-G473E-ZEST1S, B-WB1M-WPAN1, B-WBA5M-WPAN, B-WL5M-SUBG1, NUCLEO-C031C6, NUCLEO-C051C8, NUCLEO-C071RB, NUCLEO-C092RC, NUCLEO-H503RB, NUCLEO-H533RE, NUCLEO-H563ZI, NUCLEO-H7S3L8, NUCLEO-N657X0-Q, NUCLEO-U031R8, NUCLEO-U083RC, NUCLEO-U385RG-Q, NUCLEO-U545RE-Q, NUCLEO-U5A5ZJ-Q, NUCLEO-WB05KZ, NUCLEO-WB07CC, NUCLEO-WB09KE, NUCLEO-WBA52CG, NUCLEO-WBA55CG, NUCLEO-WL33CC1, NUCLEO-WL33CC2, STEVAL-PROTEUS1, STEVAL-SMARTAG2, STEVAL-STWINBX1, STM320518-EVAL, STM32C0116-DK, STM32C011D6Y3TR, STM32C011D6Y6TR, STM32C011F4P3, STM32C011F4P6, STM32C011F4U3, STM32C011F4U6TR, STM32C011F6P3, STM32C011F6P6, STM32C011F6U3, STM32C011F6U6TR, STM32C011J4M3, STM32C011J4M6, STM32C011J6M3, STM32C011J6M6, STM32C0316-DK, STM32C031C4T3, STM32C031C4T6, STM32C031C4U3, STM32C031C4U6, STM32C031C6T3, STM32C031C6T6, STM32C031C6U3, STM32C031C6U6, STM32C031F4P3, STM32C031F4P6, STM32C031F6P3, STM32C031F6P6, STM32C031G4U3, STM32C031G4U6, STM32C031G6U3, STM32C031G6U6, STM32C031K4T3, STM32C031K4T6, STM32C031K4U3, STM32C031K4U6, STM32C031K6T3, STM32C031K6T6, STM32C031K6U3, STM32C031K6U6, STM32C051C6T6, STM32C051C6U6, STM32C051C8T6, STM32C051C8U6, STM32C051D8Y6TR, STM32C051F6P6, STM32C051F8P6, STM32C051G6U6, STM32C051G8U6, STM32C051K6T6, STM32C051K6U6, STM32C051K8T6, STM32C071C8T6, STM32C071C8T6N, STM32C071C8U6, STM32C071C8U6N, STM32C071CBT6, STM32C071CBT6N, STM32C071CBU6, STM32C071CBU6N, STM32C071F8P6, STM32C071F8P6N, STM32C071FBP6, STM32C071FBP6N, STM32C071FBY6TR, STM32C071G8U6, STM32C071G8U6N, STM32C071GBU6, STM32C071GBU6N, STM32C071K8T6, STM32C071K8T6N, STM32C071K8U6, STM32C071K8U6N, STM32C071KBT6, STM32C071KBT6N, STM32C071KBU6, STM32C071KBU6N, STM32C071R8T6, STM32C071R8T6N, STM32C071RBI6N, STM32C071RBT6, STM32C071RBT6N, STM32C091CBT6, STM32C091CBU6, STM32C091CCT6, STM32C091CCU6, STM32C091ECY6TR, STM32C091FBP6, STM32C091FCP6, STM32C091GBU6, STM32C091GCU6, STM32C091KBT6, STM32C091KBU6, STM32C091KCT6, STM32C091KCU6, STM32C091RBT6, STM32C091RCI6, STM32C091RCT6, STM32C092CBT6, STM32C092CBU6, STM32C092CCT6, STM32C092CCU6, STM32C092ECY6TR, STM32C092FBP6, STM32C092FCP6, STM32C092GBU6, STM32C092GCU6, STM32C092KBT6, STM32C092KBU6, STM32C092KCT6, STM32C092KCU6, STM32C092RBT6, STM32C092RCI6, STM32C092RCT6, STM32G071K8TXN, STM32G071K8UXN, STM32G081GBU6N, STM32G081KBT6N, STM32G081KBUXN, STM32G0B1CCT6N, STM32G0B1KCT6, STM32G0B1NEY6TR, STM32G0B1RCT6N, STM32G0C1CCT6, STM32G0C1CCT6N, STM32G0C1CCU6N, STM32G0C1CET6N, STM32G0C1CEU6N, STM32G0C1KCT6, STM32G0C1NEY6TR, STM32G0C1RCI6N, STM32G0C1RCT6N, STM32G0C1REI6N, STM32G0C1RET6N, STM32G0C1VCI6, STM32G0C1VEI6, STM32G411C6T3, STM32G411C6T6, STM32G411C6U3, STM32G411C6U6, STM32G411C8T3, STM32G411C8T6, STM32G411C8U3, STM32G411C8U6, STM32G411CBT3, STM32G411CBT6, STM32G411CBU3, STM32G411CBU6, STM32G411K6T3, STM32G411K6T6, STM32G411K6U3, STM32G411K6U6, STM32G411K8T3, STM32G411K8T6, STM32G411K8U3, STM32G411K8U6, STM32G411KBT3, STM32G411KBT6, STM32G411KBU3, STM32G411KBU6, STM32G411M6T3, STM32G411M6T6, STM32G411M8T3, STM32G411M8T6, STM32G411MBT3, STM32G411MBT6, STM32G411R6T3, STM32G411R6T6, STM32G411R8T3, STM32G411R8T6, STM32G411RBT3, STM32G411RBT6, STM32G414CBT3, STM32G414CBT6, STM32G414CBU3, STM32G414CBU6, STM32G414CCT3, STM32G414CCT6, STM32G414CCU3, STM32G414CCU6, STM32G414MBT3, STM32G414MBT6, STM32G414MCT3, STM32G414MCT6, STM32G414RBT3, STM32G414RBT6, STM32G414RCT3, STM32G414RCT6, STM32G414VBT3, STM32G414VBT6, STM32G414VCT3, STM32G414VCT6, STM32G431CBT3Z, STM32G431RBT3Z, STM32G471CCT6, STM32G471CCU6, STM32G471CET3, STM32G471CET6, STM32G471CEU3, STM32G471CEU6, STM32G471MCT6, STM32G471MET3, STM32G471MET6, STM32G471MEY6TR, STM32G471QCT6, STM32G471QET3, STM32G471RCT6, STM32G471RET3, STM32G471RET6, STM32G471VCH6, STM32G471VCI6, STM32G471VCT6, STM32G471VEH3, STM32G471VEH6, STM32G471VEI3, STM32G471VEI6, STM32G471VET3, STM32G471VET6, STM32G473QET3Z, STM32G473RET3Z, STM32G474CCT6, STM32G491RET3Z, STM32H503CBT6, STM32H503CBU6, STM32H503EBY6TR, STM32H503KBU6, STM32H503RBT6, STM32H523CCT6, STM32H523CCU6, STM32H523CET6, STM32H523CEU6, STM32H523HEY6TR, STM32H523RCT6, STM32H523RET6, STM32H523VCI6, STM32H523VCT6, STM32H523VEI6, STM32H523VET6, STM32H523ZCJ6, STM32H523ZCT6, STM32H523ZEJ6, STM32H523ZET6, STM32H533CET6, STM32H533CEU6, STM32H533HEY6TR, STM32H533RET6, STM32H533VEI6, STM32H533VET6, STM32H533ZEJ6, STM32H533ZET6, STM32H562AGI6, STM32H562AII6, STM32H562IGK6, STM32H562IGT6, STM32H562IIK6, STM32H562IIT6, STM32H562RGT6, STM32H562RGV6, STM32H562RIT6, STM32H562RIV6, STM32H562VGT6, STM32H562VIT6, STM32H562ZGT6, STM32H562ZIT6, STM32H563AGI6, STM32H563AII3Q, STM32H563AII6, STM32H563IGK6, STM32H563IGT6, STM32H563IIK3Q, STM32H563IIK6, STM32H563IIT3Q, STM32H563IIT6, STM32H563MIY3QTR, STM32H563RGT6, STM32H563RGV6, STM32H563RIT6, STM32H563RIV6, STM32H563VGT6, STM32H563VIT3Q, STM32H563VIT6, STM32H563ZGT6, STM32H563ZIT3Q, STM32H563ZIT6, STM32H573AII3Q, STM32H573AII6, STM32H573I-DK, STM32H573IIK3Q, STM32H573IIK6, STM32H573IIT3Q, STM32H573IIT6, STM32H573MIY3QTR, STM32H573RIT6, STM32H573RIV6, STM32H573VIT3Q, STM32H573VIT6, STM32H573ZIT3Q, STM32H573ZIT6, STM32H7R3A8I6, STM32H7R3I8K6, STM32H7R3I8T6, STM32H7R3L8H6, STM32H7R3L8H6H, STM32H7R3R8V6, STM32H7R3V8H6, STM32H7R3V8T6, STM32H7R3V8Y6TR, STM32H7R3Z8J6, STM32H7R3Z8T6, STM32H7R7A8I6, STM32H7R7I8K6, STM32H7R7I8T6, STM32H7R7L8H6, STM32H7R7L8H6H, STM32H7R7Z8J6, STM32H7S3A8I6, STM32H7S3I8K6, STM32H7S3I8T6, STM32H7S3L8H6, STM32H7S3L8H6H, STM32H7S3R8V6, STM32H7S3V8H6, STM32H7S3V8T6, STM32H7S3V8Y6TR, STM32H7S3Z8J6, STM32H7S3Z8T6, STM32H7S78-DK, STM32H7S7A8I6, STM32H7S7I8K6, STM32H7S7I8T6, STM32H7S7L8H6, STM32H7S7L8H6H, STM32H7S7Z8J6, STM32L4R5QGI6STR, STM32MP131AAE3, STM32MP131AAF3, STM32MP131AAG3, STM32MP131CAE3, STM32MP131CAF3, STM32MP131CAG3, STM32MP131DAE7, STM32MP131DAF7, STM32MP131DAG7, STM32MP131FAE7, STM32MP131FAF7, STM32MP131FAG7, STM32MP133AAE3, STM32MP133AAF3, STM32MP133AAG3, STM32MP133CAE3, STM32MP133CAF3, STM32MP133CAG3, STM32MP133DAE7, STM32MP133DAF7, STM32MP133DAG7, STM32MP133FAE7, STM32MP133FAF7, STM32MP133FAG7, STM32MP135AAE3, STM32MP135AAF3, STM32MP135AAG3, STM32MP135CAE3, STM32MP135CAF3, STM32MP135CAG3, STM32MP135DAE7, STM32MP135DAF7, STM32MP135DAG7, STM32MP135F-DK, STM32MP135FAE7, STM32MP135FAF7, STM32MP135FAF7T, STM32MP135FAF7U, STM32MP135FAG7, STM32MP211AAL3, STM32MP211AAM3, STM32MP211AAN3, STM32MP211AAO3, STM32MP211CAL3, STM32MP211CAM3, STM32MP211CAN3, STM32MP211CAO3, STM32MP211DAL3, STM32MP211DAM3, STM32MP211DAN3, STM32MP211DAO3, STM32MP211FAL3, STM32MP211FAM3, STM32MP211FAN3, STM32MP211FAO3, STM32MP213AAL3, STM32MP213AAM3, STM32MP213AAN3, STM32MP213AAO3, STM32MP213CAL3, STM32MP213CAM3, STM32MP213CAN3, STM32MP213CAO3, STM32MP213DAL3, STM32MP213DAM3, STM32MP213DAN3, STM32MP213DAO3, STM32MP213FAL3, STM32MP213FAM3, STM32MP213FAN3, STM32MP213FAO3, STM32MP215AAL3, STM32MP215AAM3, STM32MP215AAN3, STM32MP215AAO3, STM32MP215CAL3, STM32MP215CAM3, STM32MP215CAN3, STM32MP215CAO3, STM32MP215DAL3, STM32MP215DAM3, STM32MP215DAN3, STM32MP215DAO3, STM32MP215F-DK, STM32MP215FAL3, STM32MP215FAM3, STM32MP215FAN3, STM32MP215FAO3, STM32MP231AAJ3, STM32MP231AAK3, STM32MP231AAL3, STM32MP231CAJ3, STM32MP231CAK3, STM32MP231CAL3, STM32MP231DAJ3, STM32MP231DAK3, STM32MP231DAL3, STM32MP231FAJ3, STM32MP231FAK3, STM32MP231FAL3, STM32MP233AAJ3, STM32MP233AAK3, STM32MP233AAL3, STM32MP233CAJ3, STM32MP233CAK3, STM32MP233CAL3, STM32MP233DAJ3, STM32MP233DAK3, STM32MP233DAL3, STM32MP233FAJ3, STM32MP233FAK3, STM32MP233FAL3, STM32MP235AAJ3, STM32MP235AAK3, STM32MP235AAL3, STM32MP235CAJ3, STM32MP235CAK3, STM32MP235CAL3, STM32MP235DAJ3, STM32MP235DAK3, STM32MP235DAL3, STM32MP235FAJ3, STM32MP235FAK3, STM32MP235FAL3, STM32MP251AAI3, STM32MP251AAK3, STM32MP251AAL3, STM32MP251CAI3, STM32MP251CAK3, STM32MP251CAL3, STM32MP251DAI3, STM32MP251DAK3, STM32MP251DAL3, STM32MP251FAI3, STM32MP251FAK3, STM32MP251FAL3, STM32MP253AAI3, STM32MP253AAK3, STM32MP253AAL3, STM32MP253CAI3, STM32MP253CAK3, STM32MP253CAL3, STM32MP253DAI3, STM32MP253DAK3, STM32MP253DAL3, STM32MP253FAI3, STM32MP253FAK3, STM32MP253FAL3, STM32MP255AAI3, STM32MP255AAK3, STM32MP255AAL3, STM32MP255CAI3, STM32MP255CAK3, STM32MP255CAL3, STM32MP255DAI3, STM32MP255DAK3, STM32MP255DAL3, STM32MP255FAI3, STM32MP255FAK3, STM32MP255FAL3, STM32MP257AAI3, STM32MP257AAK3, STM32MP257AAL3, STM32MP257CAI3, STM32MP257CAK3, STM32MP257CAL3, STM32MP257DAI3, STM32MP257DAK3, STM32MP257DAL3, STM32MP257F-DK, STM32MP257F-EV1, STM32MP257FAI3, STM32MP257FAK3, STM32MP257FAL3, STM32N645A0H3Q, STM32N645B0H3Q, STM32N645I0H3Q, STM32N645L0H3Q, STM32N645X0H3Q, STM32N645Z0H3Q, STM32N647A0H3Q, STM32N647B0H3Q, STM32N647I0H3Q, STM32N647L0H3Q, STM32N647X0H3Q, STM32N647Z0H3Q, STM32N655A0H3Q, STM32N655B0H3Q, STM32N655I0H3Q, STM32N655L0H3Q, STM32N655X0H3Q, STM32N655Z0H3Q, STM32N6570-DK, STM32N657A0H3Q, STM32N657B0H3Q, STM32N657I0H3Q, STM32N657L0H3Q, STM32N657X0H3Q, STM32N657Z0H3Q, STM32U031C6T6, STM32U031C6U6, STM32U031C8T6, STM32U031C8U6, STM32U031F4P6, STM32U031F6P6, STM32U031F8P6, STM32U031G6Y6TR, STM32U031G8Y6TR, STM32U031K4U6, STM32U031K6U6, STM32U031K8U6, STM32U031R6I6, STM32U031R6T6, STM32U031R8I6, STM32U031R8T6, STM32U073C8T6, STM32U073C8U6, STM32U073CBT6, STM32U073CBU6, STM32U073CCT6, STM32U073CCU6, STM32U073H8Y6TR, STM32U073HBY6TR, STM32U073HCY6TR, STM32U073K8U6, STM32U073KBU6, STM32U073KCU6, STM32U073M8I6, STM32U073M8T6, STM32U073MBI6, STM32U073MBT6, STM32U073MCI6, STM32U073MCT6, STM32U073R8I6, STM32U073R8T6, STM32U073RBI6, STM32U073RBT6, STM32U073RCI6, STM32U073RCT6, STM32U083C-DK, STM32U083CCT6, STM32U083CCU6, STM32U083HCY6TR, STM32U083KCU6, STM32U083MCI6, STM32U083MCT6, STM32U083RCI6, STM32U083RCT6, STM32U375CET6, STM32U375CET6Q, STM32U375CEU6, STM32U375CEU6Q, STM32U375CEY6QTR, STM32U375CGT6, STM32U375CGT6Q, STM32U375CGU6, STM32U375CGU6Q, STM32U375CGY6QTR, STM32U375KEU6, STM32U375KGU6, STM32U375REI6, STM32U375REI6Q, STM32U375RET6, STM32U375RET6Q, STM32U375REY6GTR, STM32U375REY6QTR, STM32U375RGI6, STM32U375RGI6Q, STM32U375RGT6, STM32U375RGT6Q, STM32U375RGY6GTR, STM32U375RGY6QTR, STM32U375VEI6, STM32U375VEI6Q, STM32U375VET6, STM32U375VET6Q, STM32U375VGI6, STM32U375VGI6Q, STM32U375VGT6, STM32U375VGT6Q, STM32U385CGT6, STM32U385CGT6Q, STM32U385CGU6, STM32U385CGU6Q, STM32U385CGY6QTR, STM32U385KGU6, STM32U385RGI6, STM32U385RGI6Q, STM32U385RGT6, STM32U385RGT6Q, STM32U385RGY6GTR, STM32U385RGY6QTR, STM32U385VGI6, STM32U385VGI6Q, STM32U385VGT6, STM32U385VGT6Q, STM32U535CBT6, STM32U535CBT6Q, STM32U535CBU6, STM32U535CBU6Q, STM32U535CCT6, STM32U535CCT6Q, STM32U535CCU6, STM32U535CCU6Q, STM32U535CET6, STM32U535CET6Q, STM32U535CEU6, STM32U535CEU6Q, STM32U535JEY6QTR, STM32U535NCY6QTR, STM32U535NEY6QTR, STM32U535RBI6, STM32U535RBI6Q, STM32U535RBT6, STM32U535RBT6Q, STM32U535RCI6, STM32U535RCI6Q, STM32U535RCT6, STM32U535RCT6Q, STM32U535REI6, STM32U535REI6Q, STM32U535RET6, STM32U535RET6Q, STM32U535VCI6, STM32U535VCI6Q, STM32U535VCT6, STM32U535VCT6Q, STM32U535VEI6, STM32U535VEI6Q, STM32U535VET6, STM32U535VET6Q, STM32U545CET6, STM32U545CET6Q, STM32U545CEU6, STM32U545CEU6Q, STM32U545JEY6QTR, STM32U545NEY6QTR, STM32U545REI6, STM32U545REI6Q, STM32U545RET6, STM32U545RET6Q, STM32U545VEI6, STM32U545VEI6Q, STM32U545VET6, STM32U545VET6Q, STM32U595AIH6, STM32U595AIH6Q, STM32U595AJH6, STM32U595AJH6Q, STM32U595QII6, STM32U595QII6Q, STM32U595QJI6, STM32U595QJI6Q, STM32U595RIT6, STM32U595RIT6Q, STM32U595RJT6, STM32U595RJT6Q, STM32U595VIT6, STM32U595VIT6Q, STM32U595VJT6, STM32U595VJT6Q, STM32U595ZIT6, STM32U595ZIT6Q, STM32U595ZIY6QTR, STM32U595ZJT6, STM32U595ZJT6Q, STM32U595ZJY6QTR, STM32U599BJY6QTR, STM32U599NIH6Q, STM32U599NJH6Q, STM32U599VIT6Q, STM32U599VJT6, STM32U599VJT6Q, STM32U599ZIT6Q, STM32U599ZIY6QTR, STM32U599ZJT6Q, STM32U599ZJY6QTR, STM32U5A5AJH6, STM32U5A5AJH6Q, STM32U5A5QII3Q , STM32U5A5QJI6, STM32U5A5QJI6Q, STM32U5A5RJT6, STM32U5A5RJT6Q, STM32U5A5VJT6, STM32U5A5VJT6Q, STM32U5A5ZJT6, STM32U5A5ZJT6Q, STM32U5A5ZJY6QTR, STM32U5A9BJY6QTR, STM32U5A9J-DK, STM32U5A9NJH6Q, STM32U5A9VJT6Q, STM32U5A9ZJT6Q, STM32U5A9ZJY6QTR, STM32U5F7VIT6, STM32U5F7VIT6Q, STM32U5F7VJT6, STM32U5F7VJT6Q, STM32U5F9BJY6QTR, STM32U5F9NJH6Q, STM32U5F9VIT6Q, STM32U5F9VJT6Q, STM32U5F9ZIJ6QTR, STM32U5F9ZIT6Q, STM32U5F9ZJJ6QTR, STM32U5F9ZJT6Q, STM32U5G7VJT6, STM32U5G7VJT6Q, STM32U5G9BJY6QTR, STM32U5G9J-DK1, STM32U5G9J-DK2, STM32U5G9NJH6Q, STM32U5G9VJT6Q, STM32U5G9ZJJ6QTR, STM32U5G9ZJT6Q, STM32WB05KZV6TR, STM32WB05KZV7TR, STM32WB05TZF6TR, STM32WB05TZF7TR, STM32WB06CCF6TR, STM32WB06CCF7TR, STM32WB06CCV6TR, STM32WB06CCV7TR, STM32WB06KCV6TR, STM32WB06KCV7TR, STM32WB07CCF6TR, STM32WB07CCF7TR, STM32WB07CCV6TR, STM32WB07CCV7TR, STM32WB07KCV6TR, STM32WB07KCV7TR, STM32WB09KEV6TR, STM32WB09KEV7TR, STM32WB09TEF6TR, STM32WB09TEF7TR, STM32WB1MMCH6, STM32WBA50KGU6, STM32WBA50KGU6TR, STM32WBA52CEU6, STM32WBA52CEU6TR, STM32WBA52CEU7, STM32WBA52CEU7TR, STM32WBA52CGU6, STM32WBA52CGU6TR, STM32WBA52CGU6U, STM32WBA52CGU7, STM32WBA52CGU7TR, STM32WBA52KEU6, STM32WBA52KEU6TR, STM32WBA52KGU6, STM32WBA52KGU6TR, STM32WBA54CEU6, STM32WBA54CEU6TR, STM32WBA54CEU7, STM32WBA54CEU7TR, STM32WBA54CGU6, STM32WBA54CGU6TR, STM32WBA54CGU7, STM32WBA54CGU7TR, STM32WBA54KEU6, STM32WBA54KEU6TR, STM32WBA54KEU7, STM32WBA54KEU7TR, STM32WBA54KGU6, STM32WBA54KGU6TR, STM32WBA54KGU7, STM32WBA54KGU7TR, STM32WBA55CEU6, STM32WBA55CEU6TR, STM32WBA55CEU7, STM32WBA55CEU7TR, STM32WBA55CGU6, STM32WBA55CGU6TR, STM32WBA55CGU6U, STM32WBA55CGU7, STM32WBA55CGU7TR, STM32WBA55G-DK1, STM32WBA55HEF6, STM32WBA55HEF7, STM32WBA55HGF6, STM32WBA55HGF7, STM32WBA55UEI6, STM32WBA55UEI6TR, STM32WBA55UEI7, STM32WBA55UEI7TR, STM32WBA55UGI6, STM32WBA55UGI6TR, STM32WBA55UGI7, STM32WBA55UGI7TR, STM32WBA5MMGH6TR, STM32WBA62MGF6, STM32WBA62MIF6, STM32WBA65MGF7, STM32WBA65MIF6, STM32WBA65MIF7, STM32WL30K8V6, STM32WL30KBV6, STM32WL31C8V6, STM32WL31CBV6, STM32WL31K8V6, STM32WL31KBV6, STM32WL33C8V6, STM32WL33C8V6X, STM32WL33CBV6, STM32WL33CBV6X, STM32WL33CCV6, STM32WL33CCV6A, STM32WL33CCV6X, STM32WL33K8V7, STM32WL33K8V7X, STM32WL33KBV7 , STM32WL33KBV7X, STM32WL33KCV7, STM32WL33KCV7X, STM32WL5MOCH6, STM32WL5MOCH6TR]
2026-09-02 20:55:56,007 [INFO] ApiDb:668 - CubeFinder database Data Model version=2.1
2026-09-02 20:55:56,007 [INFO] ApiDb:669 - CubeFinder database Configuration version=3.0.42
2026-09-02 20:55:56,007 [INFO] ApiDb:670 - CubeFinder database generation date=2026-08-04 (1785840812)
2026-09-02 20:55:56,007 [INFO] ApiDb:671 - CubeFinder database FW Pack versions=[FP-ATR-ASTRA1_V2.0.0, FP-SNS-FLIGHT1_V5.1.0, FP-SNS-MOTENV1_V5.1.0, FP-SNS-MOTENVWB1_V1.5.0, FP-SNS-SMARTAG2_V1.2.0, FP-SNS-STBOX1_V2.1.0, STM32Cube_FW_C0_V1.4.1, STM32Cube_FW_F4_V1.28.3, STM32Cube_FW_F7_V1.17.4, STM32Cube_FW_G0_V1.6.3, STM32Cube_FW_G4_V1.6.2, STM32Cube_FW_H5_V1.7.0, STM32Cube_FW_H7RS_V1.3.0, STM32Cube_FW_H7_V1.13.0, STM32Cube_FW_L0_V1.12.2, STM32Cube_FW_L4_V1.18.2, STM32Cube_FW_L5_V1.6.0, STM32Cube_FW_N6_V1.4.0, STM32Cube_FW_U0_V1.3.0, STM32Cube_FW_U3_V1.4.0, STM32Cube_FW_U5_V1.9.0, STM32Cube_FW_WB0_V1.5.0, STM32Cube_FW_WBA_V1.10.0, STM32Cube_FW_WB_V1.24.0, STM32Cube_FW_WL3_V1.5.0, STM32Cube_FW_WL_V1.6.0, X-CUBE-ALGOBUILD_V1.5.0, X-CUBE-ALS_V1.0.2, X-CUBE-AZRTOS-F4_V1.1.0, X-CUBE-AZRTOS-F7_V1.1.0, X-CUBE-AZRTOS-G0_V1.1.0, X-CUBE-AZRTOS-G4_V2.0.0, X-CUBE-AZRTOS-H7RS_V1.3.0, X-CUBE-AZRTOS-H7_V3.5.0, X-CUBE-AZRTOS-L4_V2.0.0, X-CUBE-AZRTOS-L5_V2.0.0, X-CUBE-AZRTOS-WB_V2.0.0, X-CUBE-AZRTOS-WL_V2.0.0, X-CUBE-BLE1_V7.1.0, X-CUBE-BLE2_V3.3.0, X-CUBE-BLEMGR_V4.2.0, X-CUBE-EEPRMA1_V5.2.0, X-CUBE-FREERTOS_V1.6.0, X-CUBE-GNSS1_V7.1.1, X-CUBE-MEMS1_V13.0.0, X-CUBE-NFC4_V3.0.0, X-CUBE-NFC7_V2.0.0, X-CUBE-SFXS2LP1_V4.0.0, X-CUBE-ST67W61_V1.3.0, X-CUBE-SUBG2_V5.0.0, X-CUBE-TOF1_V3.4.3]
2026-09-02 20:55:57,386 [INFO] ApiDb:240 - Found 880 in-development CPN: [B-G473E-ZEST1S, B-WB1M-WPAN1, B-WBA5M-WPAN, B-WL5M-SUBG1, NUCLEO-C031C6, NUCLEO-C051C8, NUCLEO-C071RB, NUCLEO-C092RC, NUCLEO-H503RB, NUCLEO-H533RE, NUCLEO-H563ZI, NUCLEO-H7S3L8, NUCLEO-N657X0-Q, NUCLEO-U031R8, NUCLEO-U083RC, NUCLEO-U385RG-Q, NUCLEO-U545RE-Q, NUCLEO-U5A5ZJ-Q, NUCLEO-WB05KZ, NUCLEO-WB07CC, NUCLEO-WB09KE, NUCLEO-WBA52CG, NUCLEO-WBA55CG, NUCLEO-WL33CC1, NUCLEO-WL33CC2, STEVAL-PROTEUS1, STEVAL-SMARTAG2, STEVAL-STWINBX1, STM320518-EVAL, STM32C0116-DK, STM32C011D6Y3TR, STM32C011D6Y6TR, STM32C011F4P3, STM32C011F4P6, STM32C011F4U3, STM32C011F4U6TR, STM32C011F6P3, STM32C011F6P6, STM32C011F6U3, STM32C011F6U6TR, STM32C011J4M3, STM32C011J4M6, STM32C011J6M3, STM32C011J6M6, STM32C0316-DK, STM32C031C4T3, STM32C031C4T6, STM32C031C4U3, STM32C031C4U6, STM32C031C6T3, STM32C031C6T6, STM32C031C6U3, STM32C031C6U6, STM32C031F4P3, STM32C031F4P6, STM32C031F6P3, STM32C031F6P6, STM32C031G4U3, STM32C031G4U6, STM32C031G6U3, STM32C031G6U6, STM32C031K4T3, STM32C031K4T6, STM32C031K4U3, STM32C031K4U6, STM32C031K6T3, STM32C031K6T6, STM32C031K6U3, STM32C031K6U6, STM32C051C6T6, STM32C051C6U6, STM32C051C8T6, STM32C051C8U6, STM32C051D8Y6TR, STM32C051F6P6, STM32C051F8P6, STM32C051G6U6, STM32C051G8U6, STM32C051K6T6, STM32C051K6U6, STM32C051K8T6, STM32C071C8T6, STM32C071C8T6N, STM32C071C8U6, STM32C071C8U6N, STM32C071CBT6, STM32C071CBT6N, STM32C071CBU6, STM32C071CBU6N, STM32C071F8P6, STM32C071F8P6N, STM32C071FBP6, STM32C071FBP6N, STM32C071FBY6TR, STM32C071G8U6, STM32C071G8U6N, STM32C071GBU6, STM32C071GBU6N, STM32C071K8T6, STM32C071K8T6N, STM32C071K8U6, STM32C071K8U6N, STM32C071KBT6, STM32C071KBT6N, STM32C071KBU6, STM32C071KBU6N, STM32C071R8T6, STM32C071R8T6N, STM32C071RBI6N, STM32C071RBT6, STM32C071RBT6N, STM32C091CBT6, STM32C091CBU6, STM32C091CCT6, STM32C091CCU6, STM32C091ECY6TR, STM32C091FBP6, STM32C091FCP6, STM32C091GBU6, STM32C091GCU6, STM32C091KBT6, STM32C091KBU6, STM32C091KCT6, STM32C091KCU6, STM32C091RBT6, STM32C091RCI6, STM32C091RCT6, STM32C092CBT6, STM32C092CBU6, STM32C092CCT6, STM32C092CCU6, STM32C092ECY6TR, STM32C092FBP6, STM32C092FCP6, STM32C092GBU6, STM32C092GCU6, STM32C092KBT6, STM32C092KBU6, STM32C092KCT6, STM32C092KCU6, STM32C092RBT6, STM32C092RCI6, STM32C092RCT6, STM32G071K8TXN, STM32G071K8UXN, STM32G081GBU6N, STM32G081KBT6N, STM32G081KBUXN, STM32G0B1CCT6N, STM32G0B1KCT6, STM32G0B1NEY6TR, STM32G0B1RCT6N, STM32G0C1CCT6, STM32G0C1CCT6N, STM32G0C1CCU6N, STM32G0C1CET6N, STM32G0C1CEU6N, STM32G0C1KCT6, STM32G0C1NEY6TR, STM32G0C1RCI6N, STM32G0C1RCT6N, STM32G0C1REI6N, STM32G0C1RET6N, STM32G0C1VCI6, STM32G0C1VEI6, STM32G411C6T3, STM32G411C6T6, STM32G411C6U3, STM32G411C6U6, STM32G411C8T3, STM32G411C8T6, STM32G411C8U3, STM32G411C8U6, STM32G411CBT3, STM32G411CBT6, STM32G411CBU3, STM32G411CBU6, STM32G411K6T3, STM32G411K6T6, STM32G411K6U3, STM32G411K6U6, STM32G411K8T3, STM32G411K8T6, STM32G411K8U3, STM32G411K8U6, STM32G411KBT3, STM32G411KBT6, STM32G411KBU3, STM32G411KBU6, STM32G411M6T3, STM32G411M6T6, STM32G411M8T3, STM32G411M8T6, STM32G411MBT3, STM32G411MBT6, STM32G411R6T3, STM32G411R6T6, STM32G411R8T3, STM32G411R8T6, STM32G411RBT3, STM32G411RBT6, STM32G414CBT3, STM32G414CBT6, STM32G414CBU3, STM32G414CBU6, STM32G414CCT3, STM32G414CCT6, STM32G414CCU3, STM32G414CCU6, STM32G414MBT3, STM32G414MBT6, STM32G414MCT3, STM32G414MCT6, STM32G414RBT3, STM32G414RBT6, STM32G414RCT3, STM32G414RCT6, STM32G414VBT3, STM32G414VBT6, STM32G414VCT3, STM32G414VCT6, STM32G431CBT3Z, STM32G431RBT3Z, STM32G471CCT6, STM32G471CCU6, STM32G471CET3, STM32G471CET6, STM32G471CEU3, STM32G471CEU6, STM32G471MCT6, STM32G471MET3, STM32G471MET6, STM32G471MEY6TR, STM32G471QCT6, STM32G471QET3, STM32G471RCT6, STM32G471RET3, STM32G471RET6, STM32G471VCH6, STM32G471VCI6, STM32G471VCT6, STM32G471VEH3, STM32G471VEH6, STM32G471VEI3, STM32G471VEI6, STM32G471VET3, STM32G471VET6, STM32G473QET3Z, STM32G473RET3Z, STM32G474CCT6, STM32G491RET3Z, STM32H503CBT6, STM32H503CBU6, STM32H503EBY6TR, STM32H503KBU6, STM32H503RBT6, STM32H523CCT6, STM32H523CCU6, STM32H523CET6, STM32H523CEU6, STM32H523HEY6TR, STM32H523RCT6, STM32H523RET6, STM32H523VCI6, STM32H523VCT6, STM32H523VEI6, STM32H523VET6, STM32H523ZCJ6, STM32H523ZCT6, STM32H523ZEJ6, STM32H523ZET6, STM32H533CET6, STM32H533CEU6, STM32H533HEY6TR, STM32H533RET6, STM32H533VEI6, STM32H533VET6, STM32H533ZEJ6, STM32H533ZET6, STM32H562AGI6, STM32H562AII6, STM32H562IGK6, STM32H562IGT6, STM32H562IIK6, STM32H562IIT6, STM32H562RGT6, STM32H562RGV6, STM32H562RIT6, STM32H562RIV6, STM32H562VGT6, STM32H562VIT6, STM32H562ZGT6, STM32H562ZIT6, STM32H563AGI6, STM32H563AII3Q, STM32H563AII6, STM32H563IGK6, STM32H563IGT6, STM32H563IIK3Q, STM32H563IIK6, STM32H563IIT3Q, STM32H563IIT6, STM32H563MIY3QTR, STM32H563RGT6, STM32H563RGV6, STM32H563RIT6, STM32H563RIV6, STM32H563VGT6, STM32H563VIT3Q, STM32H563VIT6, STM32H563ZGT6, STM32H563ZIT3Q, STM32H563ZIT6, STM32H573AII3Q, STM32H573AII6, STM32H573I-DK, STM32H573IIK3Q, STM32H573IIK6, STM32H573IIT3Q, STM32H573IIT6, STM32H573MIY3QTR, STM32H573RIT6, STM32H573RIV6, STM32H573VIT3Q, STM32H573VIT6, STM32H573ZIT3Q, STM32H573ZIT6, STM32H7R3A8I6, STM32H7R3I8K6, STM32H7R3I8T6, STM32H7R3L8H6, STM32H7R3L8H6H, STM32H7R3R8V6, STM32H7R3V8H6, STM32H7R3V8T6, STM32H7R3V8Y6TR, STM32H7R3Z8J6, STM32H7R3Z8T6, STM32H7R7A8I6, STM32H7R7I8K6, STM32H7R7I8T6, STM32H7R7L8H6, STM32H7R7L8H6H, STM32H7R7Z8J6, STM32H7S3A8I6, STM32H7S3I8K6, STM32H7S3I8T6, STM32H7S3L8H6, STM32H7S3L8H6H, STM32H7S3R8V6, STM32H7S3V8H6, STM32H7S3V8T6, STM32H7S3V8Y6TR, STM32H7S3Z8J6, STM32H7S3Z8T6, STM32H7S78-DK, STM32H7S7A8I6, STM32H7S7I8K6, STM32H7S7I8T6, STM32H7S7L8H6, STM32H7S7L8H6H, STM32H7S7Z8J6, STM32L4R5QGI6STR, STM32MP131AAE3, STM32MP131AAF3, STM32MP131AAG3, STM32MP131CAE3, STM32MP131CAF3, STM32MP131CAG3, STM32MP131DAE7, STM32MP131DAF7, STM32MP131DAG7, STM32MP131FAE7, STM32MP131FAF7, STM32MP131FAG7, STM32MP133AAE3, STM32MP133AAF3, STM32MP133AAG3, STM32MP133CAE3, STM32MP133CAF3, STM32MP133CAG3, STM32MP133DAE7, STM32MP133DAF7, STM32MP133DAG7, STM32MP133FAE7, STM32MP133FAF7, STM32MP133FAG7, STM32MP135AAE3, STM32MP135AAF3, STM32MP135AAG3, STM32MP135CAE3, STM32MP135CAF3, STM32MP135CAG3, STM32MP135DAE7, STM32MP135DAF7, STM32MP135DAG7, STM32MP135F-DK, STM32MP135FAE7, STM32MP135FAF7, STM32MP135FAF7T, STM32MP135FAF7U, STM32MP135FAG7, STM32MP211AAL3, STM32MP211AAM3, STM32MP211AAN3, STM32MP211AAO3, STM32MP211CAL3, STM32MP211CAM3, STM32MP211CAN3, STM32MP211CAO3, STM32MP211DAL3, STM32MP211DAM3, STM32MP211DAN3, STM32MP211DAO3, STM32MP211FAL3, STM32MP211FAM3, STM32MP211FAN3, STM32MP211FAO3, STM32MP213AAL3, STM32MP213AAM3, STM32MP213AAN3, STM32MP213AAO3, STM32MP213CAL3, STM32MP213CAM3, STM32MP213CAN3, STM32MP213CAO3, STM32MP213DAL3, STM32MP213DAM3, STM32MP213DAN3, STM32MP213DAO3, STM32MP213FAL3, STM32MP213FAM3, STM32MP213FAN3, STM32MP213FAO3, STM32MP215AAL3, STM32MP215AAM3, STM32MP215AAN3, STM32MP215AAO3, STM32MP215CAL3, STM32MP215CAM3, STM32MP215CAN3, STM32MP215CAO3, STM32MP215DAL3, STM32MP215DAM3, STM32MP215DAN3, STM32MP215DAO3, STM32MP215F-DK, STM32MP215FAL3, STM32MP215FAM3, STM32MP215FAN3, STM32MP215FAO3, STM32MP231AAJ3, STM32MP231AAK3, STM32MP231AAL3, STM32MP231CAJ3, STM32MP231CAK3, STM32MP231CAL3, STM32MP231DAJ3, STM32MP231DAK3, STM32MP231DAL3, STM32MP231FAJ3, STM32MP231FAK3, STM32MP231FAL3, STM32MP233AAJ3, STM32MP233AAK3, STM32MP233AAL3, STM32MP233CAJ3, STM32MP233CAK3, STM32MP233CAL3, STM32MP233DAJ3, STM32MP233DAK3, STM32MP233DAL3, STM32MP233FAJ3, STM32MP233FAK3, STM32MP233FAL3, STM32MP235AAJ3, STM32MP235AAK3, STM32MP235AAL3, STM32MP235CAJ3, STM32MP235CAK3, STM32MP235CAL3, STM32MP235DAJ3, STM32MP235DAK3, STM32MP235DAL3, STM32MP235FAJ3, STM32MP235FAK3, STM32MP235FAL3, STM32MP251AAI3, STM32MP251AAK3, STM32MP251AAL3, STM32MP251CAI3, STM32MP251CAK3, STM32MP251CAL3, STM32MP251DAI3, STM32MP251DAK3, STM32MP251DAL3, STM32MP251FAI3, STM32MP251FAK3, STM32MP251FAL3, STM32MP253AAI3, STM32MP253AAK3, STM32MP253AAL3, STM32MP253CAI3, STM32MP253CAK3, STM32MP253CAL3, STM32MP253DAI3, STM32MP253DAK3, STM32MP253DAL3, STM32MP253FAI3, STM32MP253FAK3, STM32MP253FAL3, STM32MP255AAI3, STM32MP255AAK3, STM32MP255AAL3, STM32MP255CAI3, STM32MP255CAK3, STM32MP255CAL3, STM32MP255DAI3, STM32MP255DAK3, STM32MP255DAL3, STM32MP255FAI3, STM32MP255FAK3, STM32MP255FAL3, STM32MP257AAI3, STM32MP257AAK3, STM32MP257AAL3, STM32MP257CAI3, STM32MP257CAK3, STM32MP257CAL3, STM32MP257DAI3, STM32MP257DAK3, STM32MP257DAL3, STM32MP257F-DK, STM32MP257F-EV1, STM32MP257FAI3, STM32MP257FAK3, STM32MP257FAL3, STM32N645A0H3Q, STM32N645B0H3Q, STM32N645I0H3Q, STM32N645L0H3Q, STM32N645X0H3Q, STM32N645Z0H3Q, STM32N647A0H3Q, STM32N647B0H3Q, STM32N647I0H3Q, STM32N647L0H3Q, STM32N647X0H3Q, STM32N647Z0H3Q, STM32N655A0H3Q, STM32N655B0H3Q, STM32N655I0H3Q, STM32N655L0H3Q, STM32N655X0H3Q, STM32N655Z0H3Q, STM32N6570-DK, STM32N657A0H3Q, STM32N657B0H3Q, STM32N657I0H3Q, STM32N657L0H3Q, STM32N657X0H3Q, STM32N657Z0H3Q, STM32U031C6T6, STM32U031C6U6, STM32U031C8T6, STM32U031C8U6, STM32U031F4P6, STM32U031F6P6, STM32U031F8P6, STM32U031G6Y6TR, STM32U031G8Y6TR, STM32U031K4U6, STM32U031K6U6, STM32U031K8U6, STM32U031R6I6, STM32U031R6T6, STM32U031R8I6, STM32U031R8T6, STM32U073C8T6, STM32U073C8U6, STM32U073CBT6, STM32U073CBU6, STM32U073CCT6, STM32U073CCU6, STM32U073H8Y6TR, STM32U073HBY6TR, STM32U073HCY6TR, STM32U073K8U6, STM32U073KBU6, STM32U073KCU6, STM32U073M8I6, STM32U073M8T6, STM32U073MBI6, STM32U073MBT6, STM32U073MCI6, STM32U073MCT6, STM32U073R8I6, STM32U073R8T6, STM32U073RBI6, STM32U073RBT6, STM32U073RCI6, STM32U073RCT6, STM32U083C-DK, STM32U083CCT6, STM32U083CCU6, STM32U083HCY6TR, STM32U083KCU6, STM32U083MCI6, STM32U083MCT6, STM32U083RCI6, STM32U083RCT6, STM32U375CET6, STM32U375CET6Q, STM32U375CEU6, STM32U375CEU6Q, STM32U375CEY6QTR, STM32U375CGT6, STM32U375CGT6Q, STM32U375CGU6, STM32U375CGU6Q, STM32U375CGY6QTR, STM32U375KEU6, STM32U375KGU6, STM32U375REI6, STM32U375REI6Q, STM32U375RET6, STM32U375RET6Q, STM32U375REY6GTR, STM32U375REY6QTR, STM32U375RGI6, STM32U375RGI6Q, STM32U375RGT6, STM32U375RGT6Q, STM32U375RGY6GTR, STM32U375RGY6QTR, STM32U375VEI6, STM32U375VEI6Q, STM32U375VET6, STM32U375VET6Q, STM32U375VGI6, STM32U375VGI6Q, STM32U375VGT6, STM32U375VGT6Q, STM32U385CGT6, STM32U385CGT6Q, STM32U385CGU6, STM32U385CGU6Q, STM32U385CGY6QTR, STM32U385KGU6, STM32U385RGI6, STM32U385RGI6Q, STM32U385RGT6, STM32U385RGT6Q, STM32U385RGY6GTR, STM32U385RGY6QTR, STM32U385VGI6, STM32U385VGI6Q, STM32U385VGT6, STM32U385VGT6Q, STM32U535CBT6, STM32U535CBT6Q, STM32U535CBU6, STM32U535CBU6Q, STM32U535CCT6, STM32U535CCT6Q, STM32U535CCU6, STM32U535CCU6Q, STM32U535CET6, STM32U535CET6Q, STM32U535CEU6, STM32U535CEU6Q, STM32U535JEY6QTR, STM32U535NCY6QTR, STM32U535NEY6QTR, STM32U535RBI6, STM32U535RBI6Q, STM32U535RBT6, STM32U535RBT6Q, STM32U535RCI6, STM32U535RCI6Q, STM32U535RCT6, STM32U535RCT6Q, STM32U535REI6, STM32U535REI6Q, STM32U535RET6, STM32U535RET6Q, STM32U535VCI6, STM32U535VCI6Q, STM32U535VCT6, STM32U535VCT6Q, STM32U535VEI6, STM32U535VEI6Q, STM32U535VET6, STM32U535VET6Q, STM32U545CET6, STM32U545CET6Q, STM32U545CEU6, STM32U545CEU6Q, STM32U545JEY6QTR, STM32U545NEY6QTR, STM32U545REI6, STM32U545REI6Q, STM32U545RET6, STM32U545RET6Q, STM32U545VEI6, STM32U545VEI6Q, STM32U545VET6, STM32U545VET6Q, STM32U595AIH6, STM32U595AIH6Q, STM32U595AJH6, STM32U595AJH6Q, STM32U595QII6, STM32U595QII6Q, STM32U595QJI6, STM32U595QJI6Q, STM32U595RIT6, STM32U595RIT6Q, STM32U595RJT6, STM32U595RJT6Q, STM32U595VIT6, STM32U595VIT6Q, STM32U595VJT6, STM32U595VJT6Q, STM32U595ZIT6, STM32U595ZIT6Q, STM32U595ZIY6QTR, STM32U595ZJT6, STM32U595ZJT6Q, STM32U595ZJY6QTR, STM32U599BJY6QTR, STM32U599NIH6Q, STM32U599NJH6Q, STM32U599VIT6Q, STM32U599VJT6, STM32U599VJT6Q, STM32U599ZIT6Q, STM32U599ZIY6QTR, STM32U599ZJT6Q, STM32U599ZJY6QTR, STM32U5A5AJH6, STM32U5A5AJH6Q, STM32U5A5QII3Q , STM32U5A5QJI6, STM32U5A5QJI6Q, STM32U5A5RJT6, STM32U5A5RJT6Q, STM32U5A5VJT6, STM32U5A5VJT6Q, STM32U5A5ZJT6, STM32U5A5ZJT6Q, STM32U5A5ZJY6QTR, STM32U5A9BJY6QTR, STM32U5A9J-DK, STM32U5A9NJH6Q, STM32U5A9VJT6Q, STM32U5A9ZJT6Q, STM32U5A9ZJY6QTR, STM32U5F7VIT6, STM32U5F7VIT6Q, STM32U5F7VJT6, STM32U5F7VJT6Q, STM32U5F9BJY6QTR, STM32U5F9NJH6Q, STM32U5F9VIT6Q, STM32U5F9VJT6Q, STM32U5F9ZIJ6QTR, STM32U5F9ZIT6Q, STM32U5F9ZJJ6QTR, STM32U5F9ZJT6Q, STM32U5G7VJT6, STM32U5G7VJT6Q, STM32U5G9BJY6QTR, STM32U5G9J-DK1, STM32U5G9J-DK2, STM32U5G9NJH6Q, STM32U5G9VJT6Q, STM32U5G9ZJJ6QTR, STM32U5G9ZJT6Q, STM32WB05KZV6TR, STM32WB05KZV7TR, STM32WB05TZF6TR, STM32WB05TZF7TR, STM32WB06CCF6TR, STM32WB06CCF7TR, STM32WB06CCV6TR, STM32WB06CCV7TR, STM32WB06KCV6TR, STM32WB06KCV7TR, STM32WB07CCF6TR, STM32WB07CCF7TR, STM32WB07CCV6TR, STM32WB07CCV7TR, STM32WB07KCV6TR, STM32WB07KCV7TR, STM32WB09KEV6TR, STM32WB09KEV7TR, STM32WB09TEF6TR, STM32WB09TEF7TR, STM32WB1MMCH6, STM32WBA50KGU6, STM32WBA50KGU6TR, STM32WBA52CEU6, STM32WBA52CEU6TR, STM32WBA52CEU7, STM32WBA52CEU7TR, STM32WBA52CGU6, STM32WBA52CGU6TR, STM32WBA52CGU6U, STM32WBA52CGU7, STM32WBA52CGU7TR, STM32WBA52KEU6, STM32WBA52KEU6TR, STM32WBA52KGU6, STM32WBA52KGU6TR, STM32WBA54CEU6, STM32WBA54CEU6TR, STM32WBA54CEU7, STM32WBA54CEU7TR, STM32WBA54CGU6, STM32WBA54CGU6TR, STM32WBA54CGU7, STM32WBA54CGU7TR, STM32WBA54KEU6, STM32WBA54KEU6TR, STM32WBA54KEU7, STM32WBA54KEU7TR, STM32WBA54KGU6, STM32WBA54KGU6TR, STM32WBA54KGU7, STM32WBA54KGU7TR, STM32WBA55CEU6, STM32WBA55CEU6TR, STM32WBA55CEU7, STM32WBA55CEU7TR, STM32WBA55CGU6, STM32WBA55CGU6TR, STM32WBA55CGU6U, STM32WBA55CGU7, STM32WBA55CGU7TR, STM32WBA55G-DK1, STM32WBA55HEF6, STM32WBA55HEF7, STM32WBA55HGF6, STM32WBA55HGF7, STM32WBA55UEI6, STM32WBA55UEI6TR, STM32WBA55UEI7, STM32WBA55UEI7TR, STM32WBA55UGI6, STM32WBA55UGI6TR, STM32WBA55UGI7, STM32WBA55UGI7TR, STM32WBA5MMGH6TR, STM32WBA62MGF6, STM32WBA62MIF6, STM32WBA65MGF7, STM32WBA65MIF6, STM32WBA65MIF7, STM32WL30K8V6, STM32WL30KBV6, STM32WL31C8V6, STM32WL31CBV6, STM32WL31K8V6, STM32WL31KBV6, STM32WL33C8V6, STM32WL33C8V6X, STM32WL33CBV6, STM32WL33CBV6X, STM32WL33CCV6, STM32WL33CCV6A, STM32WL33CCV6X, STM32WL33K8V7, STM32WL33K8V7X, STM32WL33KBV7 , STM32WL33KBV7X, STM32WL33KCV7, STM32WL33KCV7X, STM32WL5MOCH6, STM32WL5MOCH6TR]
2026-09-02 20:55:57,395 [INFO] DbMcus:218 - Found 5314 MCUs, 5126 are supported
2026-09-02 20:55:57,396 [INFO] ApiDb:423 - Load user favorites file /Users/MAC/.stm32cubeide/favorites.mcus.txt: 0 item(s)
2026-09-02 20:55:57,396 [INFO] ApiDb:427 - User favorites MCUs=[]
2026-09-02 20:55:57,396 [INFO] DbMcus:224 - Set 0 / 0 favorites MCUs
2026-09-02 20:55:57,832 [INFO] BoardInfo:889 - No configuration file found for board NUCLEO-H553ZG
2026-09-02 20:55:57,833 [INFO] DbBoards:161 - Board is not supported: NUCLEO-H553ZG
2026-09-02 20:55:57,835 [INFO] BoardInfo:889 - No configuration file found for board NUCLEO-H5E5ZJ
2026-09-02 20:55:57,836 [INFO] DbBoards:161 - Board is not supported: NUCLEO-H5E5ZJ
2026-09-02 20:55:57,873 [INFO] BoardInfo:889 - No configuration file found for board NUCLEO-U3C5ZI-Q
2026-09-02 20:55:57,873 [INFO] DbBoards:161 - Board is not supported: NUCLEO-U3C5ZI-Q
2026-09-02 20:55:57,881 [INFO] BoardInfo:889 - No configuration file found for board NUCLEO-WBA25CE1
2026-09-02 20:55:57,882 [INFO] DbBoards:161 - Board is not supported: NUCLEO-WBA25CE1
2026-09-02 20:55:57,887 [INFO] BoardInfo:889 - No configuration file found for board NUCLEO-WL3RKB1
2026-09-02 20:55:57,887 [INFO] DbBoards:161 - Board is not supported: NUCLEO-WL3RKB1
2026-09-02 20:55:57,889 [INFO] BoardInfo:889 - No configuration file found for board NUCLEO-WL3RKB2
2026-09-02 20:55:57,889 [INFO] DbBoards:161 - Board is not supported: NUCLEO-WL3RKB2
2026-09-02 20:55:57,893 [INFO] BoardInfo:889 - No configuration file found for board P-NUCLEO-WB55
2026-09-02 20:55:57,894 [INFO] DbBoards:161 - Kit is not supported: P-NUCLEO-WB55
2026-09-02 20:55:57,897 [INFO] BoardInfo:889 - No configuration file found for board STEVAL-BFA001V1B
2026-09-02 20:55:57,897 [INFO] DbBoards:161 - Kit is not supported: STEVAL-BFA001V1B
2026-09-02 20:55:57,898 [INFO] BoardInfo:889 - No configuration file found for board STEVAL-BFA001V2B
2026-09-02 20:55:57,898 [INFO] DbBoards:161 - Kit is not supported: STEVAL-BFA001V2B
2026-09-02 20:55:57,958 [INFO] BoardInfo:889 - No configuration file found for board STM32H5F5J-DK
2026-09-02 20:55:57,958 [INFO] DbBoards:161 - Board is not supported: STM32H5F5J-DK
2026-09-02 20:55:58,058 [INFO] DbBoards:168 - Found 219 boards, 209 are supported
2026-09-02 20:55:58,071 [INFO] DbBoards:169 - Found 219 boards, 43 of them is supported for  Bsp
2026-09-02 20:55:58,087 [INFO] ApiDb:423 - Load user favorites file /Users/MAC/.stm32cubeide/favorites.boards.txt: 0 item(s)
2026-09-02 20:55:58,088 [INFO] ApiDb:427 - User favorites Boards=[]
2026-09-02 20:55:58,089 [INFO] DbBoards:198 - Set 0 / 0 favorites Boards
2026-09-02 20:55:58,320 [INFO] UtilMem:75 - End LoadConfig() Used Memory: 713349400 Bytes (1073741824)
2026-09-02 20:55:58,954 [WARN] ThirdParty:833 - waiting for thirdparty lock release [change project]
2026-09-02 20:55:58,977 [INFO] ThirdParty:835 - entering critical section [change project]
2026-09-02 20:55:58,988 [INFO] ThirdParty:1030 - CMSIS Pack Vendor :STMicroelectronics X-CUBE-AZRTOS-H7 3.5.0
2026-09-02 20:55:58,994 [INFO] ThirdParty:1030 - CMSIS Pack Vendor :STMicroelectronics X-CUBE-PM33A1 1.0.0
2026-09-02 20:55:58,994 [INFO] ThirdParty:1030 - CMSIS Pack Vendor :STMicroelectronics USBPD 4.1
2026-09-02 20:55:58,994 [INFO] ThirdParty:1030 - CMSIS Pack Vendor :STMicroelectronics USB_HOST 2.0.0
2026-09-02 20:55:58,994 [INFO] ThirdParty:1030 - CMSIS Pack Vendor :STMicroelectronics FP-SNS-MOTENVWB1 1.4.0
2026-09-02 20:55:58,995 [INFO] ThirdParty:1030 - CMSIS Pack Vendor :STMicroelectronics FP-ATR-ASTRA1 2.0.3
2026-09-02 20:55:58,995 [INFO] ThirdParty:1030 - CMSIS Pack Vendor :STMicroelectronics X-CUBE-AZRTOS-F4 1.1.0
2026-09-02 20:55:58,995 [INFO] ThirdParty:1030 - CMSIS Pack Vendor :STMicroelectronics LIBJPEG 8.0.0
2026-09-02 20:55:58,995 [INFO] ThirdParty:1030 - CMSIS Pack Vendor :STMicroelectronics FP-ATR-ASTRA1 2.0.2
2026-09-02 20:55:58,995 [INFO] ThirdParty:1030 - CMSIS Pack Vendor :Avnet-IotConnect X-CUBE-IoTC-DA16k-PMOD 1.0.0
2026-09-02 20:55:58,995 [INFO] ThirdParty:1030 - CMSIS Pack Vendor :STMicroelectronics X-CUBE-SMBUS 2.1.0
2026-09-02 20:55:58,995 [INFO] ThirdParty:1030 - CMSIS Pack Vendor :STMicroelectronics X-CUBE-ISPU 2.1.0
2026-09-02 20:55:58,995 [INFO] ThirdParty:1030 - CMSIS Pack Vendor :STMicroelectronics X-CUBE-IPS 3.2.0
2026-09-02 20:55:58,995 [INFO] ThirdParty:1030 - CMSIS Pack Vendor :STMicroelectronics eDS-WB_DPC_TT-BIDIR 2.1.1
2026-09-02 20:55:58,995 [INFO] ThirdParty:1030 - CMSIS Pack Vendor :STMicroelectronics X-CUBE-ST60 1.0.0
2026-09-02 20:55:58,995 [INFO] ThirdParty:1030 - CMSIS Pack Vendor :STMicroelectronics X-CUBE-NFC12 1.0.0
2026-09-02 20:55:58,995 [INFO] ThirdParty:1030 - CMSIS Pack Vendor :STMicroelectronics X-CUBE-AZRTOS-F7 1.1.0
2026-09-02 20:55:58,995 [INFO] ThirdParty:1030 - CMSIS Pack Vendor :STMicroelectronics X-CUBE-AZRTOS-L5 2.0.0
2026-09-02 20:55:58,995 [INFO] ThirdParty:1030 - CMSIS Pack Vendor :STMicroelectronics USB_DEVICE 2.0.0
2026-09-02 20:55:58,995 [INFO] ThirdParty:1030 - CMSIS Pack Vendor :STMicroelectronics X-CUBE-FREERTOS 1.6.0
2026-09-02 20:55:58,995 [INFO] ThirdParty:1030 - CMSIS Pack Vendor :STMicroelectronics X-CUBE-NFC6 3.1.0
2026-09-02 20:55:58,995 [INFO] ThirdParty:1030 - CMSIS Pack Vendor :STMicroelectronics X-CUBE-ALGOBUILD 1.5.0
2026-09-02 20:55:58,995 [INFO] ThirdParty:1030 - CMSIS Pack Vendor :STMicroelectronics FP-SNS-MOTENV1 5.1.0
2026-09-02 20:55:58,995 [INFO] ThirdParty:1030 - CMSIS Pack Vendor :STMicroelectronics FreeRTOS 0.0.1
2026-09-02 20:55:58,995 [INFO] ThirdParty:1030 - CMSIS Pack Vendor :STMicroelectronics X-CUBE-AZRTOS-H7RS 1.3.0
2026-09-02 20:55:58,995 [INFO] ThirdParty:1030 - CMSIS Pack Vendor :STMicroelectronics eDS-WB_DPC_VIENNA 1.2.0
2026-09-02 20:55:58,995 [INFO] ThirdParty:1030 - CMSIS Pack Vendor :WES I-CUBE-Cesium 1.4.0
2026-09-02 20:55:58,995 [INFO] ThirdParty:1030 - CMSIS Pack Vendor :STMicroelectronics X-CUBE-MEMS1 13.0.0
2026-09-02 20:55:58,995 [INFO] ThirdParty:1030 - CMSIS Pack Vendor :STMicroelectronics eDS-WB_DPC_3PH2L-BIDIR 1.1.1
2026-09-02 20:55:58,996 [INFO] ThirdParty:1030 - CMSIS Pack Vendor :Infineon AIROC-Wi-Fi-Bluetooth-STM32 1.7.1
2026-09-02 20:55:58,996 [INFO] ThirdParty:1030 - CMSIS Pack Vendor :STMicroelectronics PDM2PCM 3.3.0
2026-09-02 20:55:58,996 [INFO] ThirdParty:1030 - CMSIS Pack Vendor :STMicroelectronics X-CUBE-AZRTOS-H7 3.4.0
2026-09-02 20:55:58,996 [INFO] ThirdParty:1030 - CMSIS Pack Vendor :STMicroelectronics X-CUBE-DISPLAY 3.0.0
2026-09-02 20:55:58,996 [INFO] ThirdParty:1030 - CMSIS Pack Vendor :STMicroelectronics X-CUBE-GNSS1 7.1.1
2026-09-02 20:55:58,996 [INFO] ThirdParty:1030 - CMSIS Pack Vendor :STMicroelectronics FP-SNS-MOTENVWB1 1.5.0
2026-09-02 20:55:58,996 [INFO] ThirdParty:1030 - CMSIS Pack Vendor :STMicroelectronics X-CUBE-NFC10 1.0.0
2026-09-02 20:55:58,996 [INFO] ThirdParty:1030 - CMSIS Pack Vendor :STMicroelectronics X-CUBE-FREERTOS 1.3.1
2026-09-02 20:55:58,996 [INFO] ThirdParty:1030 - CMSIS Pack Vendor :STMicroelectronics HAL Drivers 0.0.0
2026-09-02 20:55:58,996 [INFO] ThirdParty:1030 - CMSIS Pack Vendor :STMicroelectronics X-CUBE-ST60 1.1.0
2026-09-02 20:55:58,996 [INFO] ThirdParty:1030 - CMSIS Pack Vendor :emotas I-CUBE-CANOPEN 1.3.0
2026-09-02 20:55:58,996 [INFO] ThirdParty:1030 - CMSIS Pack Vendor :STMicroelectronics MBEDTLS 2.14.1
2026-09-02 20:55:58,996 [INFO] ThirdParty:1030 - CMSIS Pack Vendor :STMicroelectronics X-CUBE-TOUCHGFX 4.26.1
2026-09-02 20:55:58,996 [INFO] ThirdParty:1030 - CMSIS Pack Vendor :STMicroelectronics FP-SNS-STBOX1 2.1.0
2026-09-02 20:55:58,996 [INFO] ThirdParty:1030 - CMSIS Pack Vendor :STMicroelectronics FP-SNS-STAIOTCFT 1.0.0
2026-09-02 20:55:58,997 [INFO] ThirdParty:1030 - CMSIS Pack Vendor :STMicroelectronics FP-SNS-SMARTAG2 1.2.0
2026-09-02 20:55:58,998 [INFO] ThirdParty:1030 - CMSIS Pack Vendor :STMicroelectronics FP-SNS-FLIGHT1 5.1.0
2026-09-02 20:55:58,998 [INFO] ThirdParty:1030 - CMSIS Pack Vendor :STMicroelectronics X-CUBE-AZRTOS-WL 2.0.0
2026-09-02 20:55:58,998 [INFO] ThirdParty:1030 - CMSIS Pack Vendor :STMicroelectronics X-CUBE-DPower 1.3.0
2026-09-02 20:55:58,998 [INFO] ThirdParty:1030 - CMSIS Pack Vendor :STMicroelectronics FP-SNS-MOTENV1 5.0.0
2026-09-02 20:55:58,998 [INFO] ThirdParty:1030 - CMSIS Pack Vendor :STMicroelectronics USB_DEVICE 1.0.0
2026-09-02 20:55:58,998 [INFO] ThirdParty:1030 - CMSIS Pack Vendor :STMicroelectronics X-CUBE-AZRTOS-H7RS 1.2.0
2026-09-02 20:55:58,998 [INFO] ThirdParty:1030 - CMSIS Pack Vendor :STMicroelectronics X-CUBE-AZRTOS-L4 2.0.0
2026-09-02 20:55:58,998 [INFO] ThirdParty:1030 - CMSIS Pack Vendor :STMicroelectronics ThreadX 0.0.2
2026-09-02 20:55:58,998 [INFO] ThirdParty:1030 - CMSIS Pack Vendor :WES I-CUBE-Cesium 1.3.0
2026-09-02 20:55:58,998 [INFO] ThirdParty:1030 - CMSIS Pack Vendor :STMicroelectronics lwIP 2.1.2
2026-09-02 20:55:58,998 [INFO] ThirdParty:1030 - CMSIS Pack Vendor :STMicroelectronics X-CUBE-SFXS2LP1 4.0.0
2026-09-02 20:55:58,998 [INFO] ThirdParty:1030 - CMSIS Pack Vendor :STMicroelectronics X-CUBE-BLE2 3.3.0
2026-09-02 20:55:58,998 [INFO] ThirdParty:1030 - CMSIS Pack Vendor :Avnet-IOTCONNECT X-CUBE-iotc-st67-sdk 1.0.0
2026-09-02 20:55:58,999 [INFO] ThirdParty:1030 - CMSIS Pack Vendor :STMicroelectronics PDM2PCM 3.2.0
2026-09-02 20:55:58,999 [INFO] ThirdParty:1030 - CMSIS Pack Vendor :STMicroelectronics X-CUBE-WB05N 2.1.0
2026-09-02 20:55:58,999 [INFO] ThirdParty:1030 - CMSIS Pack Vendor :STMicroelectronics X-CUBE-NFC9 1.0.0
2026-09-02 20:55:59,003 [INFO] ThirdParty:1030 - CMSIS Pack Vendor :wolfSSL I-CUBE-wolfSSL 5.8.2
2026-09-02 20:55:59,005 [INFO] ThirdParty:1030 - CMSIS Pack Vendor :STMicroelectronics X-CUBE-BLE1 7.1.0
2026-09-02 20:55:59,006 [INFO] ThirdParty:1030 - CMSIS Pack Vendor :wolfSSL I-CUBE-wolfMQTT 1.19.2
2026-09-02 20:55:59,006 [INFO] ThirdParty:1030 - CMSIS Pack Vendor :STMicroelectronics USB_DEVICE 3.0.0
2026-09-02 20:55:59,006 [INFO] ThirdParty:1030 - CMSIS Pack Vendor :STMicroelectronics X-CUBE-EEPRMA1 5.2.0
2026-09-02 20:55:59,006 [INFO] ThirdParty:1030 - CMSIS Pack Vendor :STMicroelectronics X-CUBE-BLEMGR 4.1.0
2026-09-02 20:55:59,006 [INFO] ThirdParty:1030 - CMSIS Pack Vendor :STMicroelectronics X-CUBE-AZRTOS-WB 2.0.0
2026-09-02 20:55:59,006 [INFO] ThirdParty:1030 - CMSIS Pack Vendor :STMicroelectronics X-CUBE-GNSS1 7.0.1
2026-09-02 20:55:59,006 [INFO] ThirdParty:1030 - CMSIS Pack Vendor :STMicroelectronics X-CUBE-TOUCHGFX 4.25.0
2026-09-02 20:55:59,006 [INFO] ThirdParty:1030 - CMSIS Pack Vendor :STMicroelectronics FP-SNS-STAIOTCFT 1.1.0
2026-09-02 20:55:59,006 [INFO] ThirdParty:1030 - CMSIS Pack Vendor :quantropi X-CUBE-qispace-sdk-base 2.1.0
2026-09-02 20:55:59,006 [INFO] ThirdParty:1030 - CMSIS Pack Vendor :STMicroelectronics X-CUBE-STSE01 2.0.0
2026-09-02 20:55:59,006 [INFO] ThirdParty:1030 - CMSIS Pack Vendor :STMicroelectronics X-CUBE-AZRTOS-G0 1.1.0
2026-09-02 20:55:59,006 [INFO] ThirdParty:1030 - CMSIS Pack Vendor :STMicroelectronics X-CUBE-SAFEA1 1.2.2
2026-09-02 20:55:59,006 [INFO] ThirdParty:1030 - CMSIS Pack Vendor :STMicroelectronics X-CUBE-NFC4 3.0.0
2026-09-02 20:55:59,006 [INFO] ThirdParty:1030 - CMSIS Pack Vendor :STMicroelectronics X-CUBE-SUBG2 5.0.0
2026-09-02 20:55:59,006 [INFO] ThirdParty:1030 - CMSIS Pack Vendor :STMicroelectronics X-CUBE-AZRTOS-H7RS 1.1.0
2026-09-02 20:55:59,006 [INFO] ThirdParty:1030 - CMSIS Pack Vendor :STMicroelectronics STM32_WPAN 1.0.0
2026-09-02 20:55:59,006 [INFO] ThirdParty:1030 - CMSIS Pack Vendor :EmbeddedOffice I-CUBE-FS-RTOS 1.0.1
2026-09-02 20:55:59,006 [INFO] ThirdParty:1030 - CMSIS Pack Vendor :STMicroelectronics lwIP 2.0.3
2026-09-02 20:55:59,006 [INFO] ThirdParty:1030 - CMSIS Pack Vendor :Cesanta I-CUBE-Mongoose 7.13.0
2026-09-02 20:55:59,006 [INFO] ThirdParty:1030 - CMSIS Pack Vendor :STMicroelectronics USB_HOST 1.0.0
2026-09-02 20:55:59,006 [INFO] ThirdParty:1030 - CMSIS Pack Vendor :STMicroelectronics X-CUBE-AZRTOS-G4 2.0.0
2026-09-02 20:55:59,006 [INFO] ThirdParty:1030 - CMSIS Pack Vendor :STMicroelectronics X-CUBE-WB05N 2.0.0
2026-09-02 20:55:59,006 [INFO] ThirdParty:1030 - CMSIS Pack Vendor :STMicroelectronics PDM2PCM 3.1.0
2026-09-02 20:55:59,006 [INFO] ThirdParty:1030 - CMSIS Pack Vendor :wolfSSL I-CUBE-wolfTPM 3.8.0
2026-09-02 20:55:59,006 [INFO] ThirdParty:1030 - CMSIS Pack Vendor :wolfSSL I-CUBE-wolfSSH 1.4.20
2026-09-02 20:55:59,007 [INFO] ThirdParty:1030 - CMSIS Pack Vendor :STMicroelectronics X-CUBE-NFC7 2.0.0
2026-09-02 20:55:59,007 [INFO] ThirdParty:1030 - CMSIS Pack Vendor :STMicroelectronics X-CUBE-TCPP 4.2.0
2026-09-02 20:55:59,007 [INFO] ThirdParty:1030 - CMSIS Pack Vendor :RealThread X-CUBE-RT-Thread_Nano 4.1.1
2026-09-02 20:55:59,007 [INFO] ThirdParty:1030 - CMSIS Pack Vendor :STMicroelectronics FP-ATR-SIGFOX1 3.2.0
2026-09-02 20:55:59,007 [INFO] ThirdParty:1030 - CMSIS Pack Vendor :STMicroelectronics X-CUBE-FREERTOS 1.5.0
2026-09-02 20:55:59,007 [INFO] ThirdParty:1030 - CMSIS Pack Vendor :STMicroelectronics MBEDTLS 2.16.2
2026-09-02 20:55:59,007 [INFO] ThirdParty:1030 - CMSIS Pack Vendor :STMicroelectronics X-CUBE-IPS 3.1.0
2026-09-02 20:55:59,008 [INFO] ThirdParty:1030 - CMSIS Pack Vendor :STMicroelectronics X-CUBE-ALS 1.0.2
2026-09-02 20:55:59,008 [INFO] ThirdParty:1030 - CMSIS Pack Vendor :ITTIA_DB I-CUBE-ITTIADB 8.9.0
2026-09-02 20:55:59,008 [INFO] ThirdParty:1030 - CMSIS Pack Vendor :portGmbH I-Cube-SoM-uGOAL 1.1.0
2026-09-02 20:55:59,008 [INFO] ThirdParty:1030 - CMSIS Pack Vendor :STMicroelectronics X-CUBE-NFC6 3.2.0
2026-09-02 20:55:59,008 [INFO] ThirdParty:1030 - CMSIS Pack Vendor :STMicroelectronics X-CUBE-ST67W61 1.0.0
2026-09-02 20:55:59,008 [INFO] ThirdParty:1030 - CMSIS Pack Vendor :STMicroelectronics X-CUBE-AI 10.2.1
2026-09-02 20:55:59,008 [INFO] ThirdParty:1030 - CMSIS Pack Vendor :STMicroelectronics X-CUBE-AI 10.2.0
2026-09-02 20:55:59,008 [INFO] ThirdParty:1030 - CMSIS Pack Vendor :STMicroelectronics ThreadX 1.0.0
2026-09-02 20:55:59,008 [INFO] ThirdParty:1030 - CMSIS Pack Vendor :STMicroelectronics X-CUBE-MEMS1 12.1.0
2026-09-02 20:55:59,008 [INFO] ThirdParty:1030 - CMSIS Pack Vendor :SEGGER I-CUBE-embOS 1.3.1
2026-09-02 20:55:59,008 [INFO] ThirdParty:1030 - CMSIS Pack Vendor :STMicroelectronics X-CUBE-ALGOBUILD 1.4.0
2026-09-02 20:55:59,008 [INFO] ThirdParty:1030 - CMSIS Pack Vendor :STMicroelectronics X-CUBE-MEMS1 11.3.0
2026-09-02 20:55:59,008 [INFO] ThirdParty:1030 - CMSIS Pack Vendor :STMicroelectronics X-CUBE-TOF1 3.4.3
2026-09-02 20:55:59,008 [INFO] ThirdParty:1030 - CMSIS Pack Vendor :STMicroelectronics X-CUBE-NFC13 1.0.0
2026-09-02 20:55:59,018 [INFO] ThirdParty:841 - exiting critical section [change project]
2026-09-02 20:56:00,193 [INFO] PinOutPanel:1589 - setPackage(No Configuration,No Configuration)
2026-09-02 20:56:00,202 [INFO] PinOutPanel:1589 - setPackage(STM32F411VETx,LQFP100)
2026-09-02 20:56:00,851 [INFO] UtilMem:75 - Before build in PCC Used Memory: 935705912 Bytes (1073741824)
2026-09-02 20:56:01,794 [INFO] UtilMem:75 - After build in PCC Used Memory: 869409824 Bytes (1073741824)
2026-09-02 20:56:01,863 [INFO] IPUIPlugin:80 - create IPUIPlugin
2026-09-02 20:56:01,864 [INFO] IPUIPlugin:80 - create IPUIPlugin
2026-09-02 20:56:01,864 [INFO] IPUIPlugin:80 - create IPUIPlugin
2026-09-02 20:56:01,865 [INFO] IPUIPlugin:80 - create IPUIPlugin
2026-09-02 20:56:01,865 [INFO] IPUIPlugin:80 - create IPUIPlugin
2026-09-02 20:56:01,865 [INFO] IPUIPlugin:80 - create IPUIPlugin
2026-09-02 20:56:01,865 [INFO] IPUIPlugin:80 - create IPUIPlugin
2026-09-02 20:56:01,866 [INFO] IPUIPlugin:80 - create IPUIPlugin
2026-09-02 20:56:01,866 [INFO] IPUIPlugin:80 - create IPUIPlugin
2026-09-02 20:56:01,866 [INFO] IPUIPlugin:80 - create IPUIPlugin
2026-09-02 20:56:01,866 [INFO] IPUIPlugin:80 - create IPUIPlugin
2026-09-02 20:56:01,866 [INFO] IPUIPlugin:80 - create IPUIPlugin
2026-09-02 20:56:01,866 [INFO] IPUIPlugin:80 - create IPUIPlugin
2026-09-02 20:56:01,867 [INFO] IPUIPlugin:80 - create IPUIPlugin
2026-09-02 20:56:01,868 [INFO] IPUIPlugin:80 - create IPUIPlugin
2026-09-02 20:56:01,869 [INFO] IPUIPlugin:80 - create IPUIPlugin
2026-09-02 20:56:01,869 [INFO] IPUIPlugin:80 - create IPUIPlugin
2026-09-02 20:56:01,869 [INFO] IPUIPlugin:80 - create IPUIPlugin
2026-09-02 20:56:01,869 [INFO] IPUIPlugin:80 - create IPUIPlugin
2026-09-02 20:56:01,869 [INFO] IPUIPlugin:80 - create IPUIPlugin
2026-09-02 20:56:01,869 [INFO] IPUIPlugin:80 - create IPUIPlugin
2026-09-02 20:56:01,869 [INFO] IPUIPlugin:80 - create IPUIPlugin
2026-09-02 20:56:01,870 [INFO] IPUIPlugin:80 - create IPUIPlugin
2026-09-02 20:56:01,870 [INFO] IPUIPlugin:80 - create IPUIPlugin
2026-09-02 20:56:01,870 [INFO] IPUIPlugin:80 - create IPUIPlugin
2026-09-02 20:56:01,870 [INFO] IPUIPlugin:80 - create IPUIPlugin
2026-09-02 20:56:01,870 [INFO] IPUIPlugin:80 - create IPUIPlugin
2026-09-02 20:56:01,870 [INFO] IPUIPlugin:80 - create IPUIPlugin
2026-09-02 20:56:01,870 [INFO] IPUIPlugin:80 - create IPUIPlugin
2026-09-02 20:56:01,870 [INFO] IPUIPlugin:80 - create IPUIPlugin
2026-09-02 20:56:01,870 [INFO] IPUIPlugin:80 - create IPUIPlugin
2026-09-02 20:56:01,870 [INFO] IPUIPlugin:80 - create IPUIPlugin
2026-09-02 20:56:01,870 [INFO] IPUIPlugin:80 - create IPUIPlugin
2026-09-02 20:56:01,870 [INFO] IPUIPlugin:80 - create IPUIPlugin
2026-09-02 20:56:01,870 [INFO] IPUIPlugin:80 - create IPUIPlugin
2026-09-02 20:56:01,870 [INFO] IPUIPlugin:80 - create IPUIPlugin
2026-09-02 20:56:01,871 [INFO] IPUIPlugin:80 - create IPUIPlugin
2026-09-02 20:56:01,871 [INFO] IPUIPlugin:80 - create IPUIPlugin
2026-09-02 20:56:01,871 [INFO] IPUIPlugin:80 - create IPUIPlugin
2026-09-02 20:56:01,871 [INFO] IPUIPlugin:80 - create IPUIPlugin
2026-09-02 20:56:01,871 [INFO] IPUIPlugin:80 - create IPUIPlugin
2026-09-02 20:56:01,871 [INFO] IPUIPlugin:80 - create IPUIPlugin
2026-09-02 20:56:01,872 [INFO] IPUIPlugin:80 - create IPUIPlugin
2026-09-02 20:56:01,905 [INFO] ApiDbMcu:532 - Load IP Config File for PDM2PCM
2026-09-02 20:56:02,189 [INFO] CADModel:165 - CPN selected for project levelSTM32F411VET6
2026-09-02 20:56:02,189 [INFO] CADModel:114 - Register for checkConnection events
2026-09-02 20:56:02,242 [INFO] OpenFileManager:386 - Restore cursor
2026-09-02 22:52:27,846 [ERROR] LogOutputStream:75 - [STDERR_REDIRECT] 
