2026-09-14 00:56:52,178 [INFO] WebApp:194 - Connection lost
2026-09-14 00:56:53,473 [INFO] WebApp:191 - Connection restablished
2026-09-14 00:56:55,164 [INFO] WebApp:194 - Connection lost
2026-09-14 00:56:57,800 [INFO] WebApp:191 - Connection restablished
2026-09-14 01:13:03,082 [INFO] WebApp:194 - Connection lost
2026-09-14 01:13:04,281 [INFO] WebApp:191 - Connection restablished
2026-09-14 01:13:04,381 [INFO] WebApp:194 - Connection lost
2026-09-14 01:13:05,235 [INFO] WebApp:191 - Connection restablished
2026-09-14 01:13:06,218 [INFO] WebApp:194 - Connection lost
2026-09-14 01:13:07,719 [INFO] WebApp:191 - Connection restablished
2026-09-14 01:29:13,318 [INFO] WebApp:194 - Connection lost
2026-09-14 01:29:14,595 [INFO] WebApp:191 - Connection restablished
2026-09-14 01:45:24,064 [INFO] WebApp:194 - Connection lost
2026-09-14 01:45:25,178 [INFO] WebApp:191 - Connection restablished
2026-09-14 01:45:25,403 [INFO] WebApp:194 - Connection lost
2026-09-14 01:45:26,201 [INFO] WebApp:191 - Connection restablished
2026-09-14 01:45:27,185 [INFO] WebApp:194 - Connection lost
2026-09-14 01:45:29,597 [INFO] WebApp:191 - Connection restablished
2026-09-14 02:01:35,427 [INFO] WebApp:194 - Connection lost
2026-09-14 02:01:36,407 [INFO] WebApp:191 - Connection restablished
2026-09-14 02:01:36,811 [INFO] WebApp:194 - Connection lost
2026-09-14 02:01:38,895 [INFO] WebApp:191 - Connection restablished
2026-09-14 02:17:46,134 [INFO] WebApp:194 - Connection lost
2026-09-14 02:17:47,093 [INFO] WebApp:191 - Connection restablished
2026-09-14 02:17:48,096 [INFO] WebApp:194 - Connection lost
2026-09-14 02:17:50,687 [INFO] WebApp:191 - Connection restablished
2026-09-14 02:33:56,494 [INFO] WebApp:194 - Connection lost
2026-09-14 02:33:57,462 [INFO] WebApp:191 - Connection restablished
2026-09-14 02:33:57,852 [INFO] WebApp:194 - Connection lost
2026-09-14 02:33:59,921 [INFO] WebApp:191 - Connection restablished
2026-09-14 02:50:07,258 [INFO] WebApp:194 - Connection lost
2026-09-14 02:50:08,254 [INFO] WebApp:191 - Connection restablished
2026-09-14 02:50:09,030 [INFO] WebApp:194 - Connection lost
2026-09-14 02:50:09,506 [INFO] WebApp:191 - Connection restablished
2026-09-14 02:50:10,330 [INFO] WebApp:194 - Connection lost
2026-09-14 02:50:13,997 [INFO] WebApp:191 - Connection restablished
2026-09-14 02:57:22,414 [INFO] WebApp:194 - Connection lost
2026-09-14 02:57:23,434 [INFO] WebApp:191 - Connection restablished
2026-09-14 02:57:24,098 [INFO] WebApp:194 - Connection lost
2026-09-14 02:57:24,629 [INFO] WebApp:191 - Connection restablished
2026-09-14 02:57:25,492 [INFO] WebApp:194 - Connection lost
2026-09-14 02:57:25,704 [INFO] WebApp:191 - Connection restablished
2026-09-14 03:13:33,695 [INFO] WebApp:194 - Connection lost
2026-09-14 03:13:34,723 [INFO] WebApp:191 - Connection restablished
2026-09-14 03:13:35,327 [INFO] WebApp:194 - Connection lost
2026-09-14 03:13:37,378 [INFO] WebApp:191 - Connection restablished
2026-09-14 03:29:44,999 [INFO] WebApp:194 - Connection lost
2026-09-14 03:29:46,024 [INFO] WebApp:191 - Connection restablished
2026-09-14 03:29:46,406 [INFO] WebApp:194 - Connection lost
2026-09-14 03:29:48,551 [INFO] WebApp:191 - Connection restablished
2026-09-14 03:45:55,550 [INFO] WebApp:194 - Connection lost
2026-09-14 03:45:56,535 [INFO] WebApp:191 - Connection restablished
2026-09-14 03:45:57,467 [INFO] WebApp:194 - Connection lost
2026-09-14 03:45:59,146 [INFO] WebApp:191 - Connection restablished
2026-09-14 04:02:06,113 [INFO] WebApp:194 - Connection lost
2026-09-14 04:02:07,138 [INFO] WebApp:191 - Connection restablished
2026-09-14 04:02:07,895 [INFO] WebApp:194 - Connection lost
2026-09-14 04:02:09,556 [INFO] WebApp:191 - Connection restablished
2026-09-14 04:18:17,319 [INFO] WebApp:194 - Connection lost
2026-09-14 04:18:18,242 [INFO] WebApp:191 - Connection restablished
2026-09-14 04:18:18,661 [INFO] WebApp:194 - Connection lost
2026-09-14 04:18:20,751 [INFO] WebApp:191 - Connection restablished
2026-09-14 04:34:27,945 [INFO] WebApp:194 - Connection lost
2026-09-14 04:34:28,923 [INFO] WebApp:191 - Connection restablished
2026-09-14 04:34:29,803 [INFO] WebApp:194 - Connection lost
2026-09-14 04:34:32,595 [INFO] WebApp:191 - Connection restablished
2026-09-14 04:50:39,452 [INFO] WebApp:194 - Connection lost
2026-09-14 04:50:40,524 [INFO] WebApp:191 - Connection restablished
2026-09-14 04:50:41,317 [INFO] WebApp:194 - Connection lost
2026-09-14 04:50:43,004 [INFO] WebApp:191 - Connection restablished
2026-09-14 05:06:51,000 [INFO] WebApp:194 - Connection lost
2026-09-14 05:06:52,284 [INFO] WebApp:191 - Connection restablished
2026-09-14 05:06:53,930 [INFO] WebApp:194 - Connection lost
2026-09-14 05:06:56,093 [INFO] WebApp:191 - Connection restablished
2026-09-14 05:23:01,173 [INFO] WebApp:194 - Connection lost
2026-09-14 05:23:02,133 [INFO] WebApp:191 - Connection restablished
2026-09-14 05:23:02,914 [INFO] WebApp:194 - Connection lost
2026-09-14 05:23:04,678 [INFO] WebApp:191 - Connection restablished
2026-09-14 05:39:12,874 [INFO] WebApp:194 - Connection lost
2026-09-14 05:39:14,009 [INFO] WebApp:191 - Connection restablished
2026-09-14 05:39:14,315 [INFO] WebApp:194 - Connection lost
2026-09-14 05:39:16,924 [INFO] WebApp:191 - Connection restablished
2026-09-14 05:56:08,756 [INFO] WebApp:194 - Connection lost
2026-09-14 05:56:10,045 [INFO] WebApp:191 - Connection restablished
2026-09-14 05:56:10,447 [INFO] WebApp:194 - Connection lost
2026-09-14 05:56:11,131 [INFO] WebApp:191 - Connection restablished
2026-09-14 05:56:11,717 [INFO] WebApp:194 - Connection lost
2026-09-14 05:56:13,526 [INFO] WebApp:191 - Connection restablished
2026-09-14 06:01:01,347 [INFO] WebApp:194 - Connection lost
2026-09-14 06:01:02,554 [INFO] WebApp:191 - Connection restablished
2026-09-14 06:01:02,702 [INFO] WebApp:194 - Connection lost
2026-09-14 06:01:05,088 [INFO] WebApp:191 - Connection restablished
2026-09-14 06:17:11,737 [INFO] WebApp:194 - Connection lost
2026-09-14 06:17:12,925 [INFO] WebApp:191 - Connection restablished
2026-09-14 06:17:13,095 [INFO] WebApp:194 - Connection lost
2026-09-14 06:17:15,442 [INFO] WebApp:191 - Connection restablished
2026-09-14 06:58:28,431 [INFO] WebApp:194 - Connection lost
2026-09-14 06:58:29,691 [INFO] WebApp:191 - Connection restablished
2026-09-14 06:58:30,398 [INFO] WebApp:194 - Connection lost
2026-09-14 06:58:30,896 [INFO] WebApp:191 - Connection restablished
2026-09-14 06:58:31,702 [INFO] WebApp:194 - Connection lost
2026-09-14 06:58:34,314 [INFO] WebApp:191 - Connection restablished
2026-09-14 07:14:39,098 [INFO] WebApp:194 - Connection lost
2026-09-14 07:14:40,309 [INFO] WebApp:191 - Connection restablished
2026-09-14 07:14:40,637 [INFO] WebApp:194 - Connection lost
2026-09-14 07:14:41,498 [INFO] WebApp:191 - Connection restablished
2026-09-14 07:14:41,886 [INFO] WebApp:194 - Connection lost
2026-09-14 07:14:44,666 [INFO] WebApp:191 - Connection restablished
2026-09-14 07:30:49,703 [INFO] WebApp:194 - Connection lost
2026-09-14 07:30:50,721 [INFO] WebApp:191 - Connection restablished
2026-09-14 07:30:51,217 [INFO] WebApp:194 - Connection lost
2026-09-14 07:30:53,270 [INFO] WebApp:191 - Connection restablished
2026-09-14 07:47:00,991 [INFO] WebApp:194 - Connection lost
2026-09-14 07:47:02,256 [INFO] WebApp:191 - Connection restablished
2026-09-14 07:47:02,963 [INFO] WebApp:194 - Connection lost
2026-09-14 07:47:03,470 [INFO] WebApp:191 - Connection restablished
2026-09-14 07:47:04,063 [INFO] WebApp:194 - Connection lost
2026-09-14 07:47:06,274 [INFO] WebApp:191 - Connection restablished
2026-09-14 08:02:01,367 [INFO] WebApp:194 - Connection lost
2026-09-14 08:02:02,408 [INFO] WebApp:191 - Connection restablished
2026-09-14 08:02:02,991 [INFO] WebApp:194 - Connection lost
2026-09-14 08:02:03,488 [INFO] WebApp:191 - Connection restablished
2026-09-14 08:02:04,222 [INFO] WebApp:194 - Connection lost
2026-09-14 08:02:05,988 [INFO] WebApp:191 - Connection restablished
2026-09-14 08:18:11,827 [INFO] WebApp:194 - Connection lost
2026-09-14 08:18:13,365 [INFO] WebApp:191 - Connection restablished
2026-09-14 08:18:13,443 [INFO] WebApp:194 - Connection lost
2026-09-14 08:18:13,921 [INFO] WebApp:191 - Connection restablished
2026-09-14 08:18:14,841 [INFO] WebApp:194 - Connection lost
2026-09-14 08:18:15,036 [INFO] WebApp:191 - Connection restablished
2026-09-14 08:34:23,224 [INFO] WebApp:194 - Connection lost
2026-09-14 08:34:24,266 [INFO] WebApp:191 - Connection restablished
2026-09-14 08:34:25,107 [INFO] WebApp:194 - Connection lost
2026-09-14 08:34:26,827 [INFO] WebApp:191 - Connection restablished
2026-09-14 08:50:34,154 [INFO] WebApp:194 - Connection lost
2026-09-14 08:50:35,462 [INFO] WebApp:191 - Connection restablished
2026-09-14 08:50:37,143 [INFO] WebApp:194 - Connection lost
2026-09-14 08:50:38,866 [INFO] WebApp:191 - Connection restablished
2026-09-14 09:03:01,437 [INFO] WebApp:194 - Connection lost
2026-09-14 09:03:02,455 [INFO] WebApp:191 - Connection restablished
2026-09-14 09:03:03,340 [INFO] WebApp:194 - Connection lost
2026-09-14 09:03:05,078 [INFO] WebApp:191 - Connection restablished
2026-09-14 09:19:12,635 [INFO] WebApp:194 - Connection lost
2026-09-14 09:19:13,631 [INFO] WebApp:191 - Connection restablished
2026-09-14 09:19:14,121 [INFO] WebApp:194 - Connection lost
2026-09-14 09:19:14,712 [INFO] WebApp:191 - Connection restablished
2026-09-14 09:19:15,866 [INFO] WebApp:194 - Connection lost
2026-09-14 09:19:18,096 [INFO] WebApp:191 - Connection restablished
2026-09-14 09:35:24,380 [INFO] WebApp:194 - Connection lost
2026-09-14 09:35:25,500 [INFO] WebApp:191 - Connection restablished
2026-09-14 09:35:25,647 [INFO] WebApp:194 - Connection lost
2026-09-14 09:35:26,569 [INFO] WebApp:191 - Connection restablished
2026-09-14 09:35:27,586 [INFO] WebApp:194 - Connection lost
2026-09-14 09:35:30,054 [INFO] WebApp:191 - Connection restablished
2026-09-14 09:51:34,905 [INFO] WebApp:194 - Connection lost
2026-09-14 09:51:36,120 [INFO] WebApp:191 - Connection restablished
2026-09-14 09:51:36,763 [INFO] WebApp:194 - Connection lost
2026-09-14 09:51:37,196 [INFO] WebApp:191 - Connection restablished
2026-09-14 09:51:37,983 [INFO] WebApp:194 - Connection lost
2026-09-14 09:51:38,221 [INFO] WebApp:191 - Connection restablished
2026-09-14 10:04:01,701 [INFO] WebApp:194 - Connection lost
2026-09-14 10:04:02,696 [INFO] WebApp:191 - Connection restablished
2026-09-14 10:04:03,252 [INFO] WebApp:194 - Connection lost
2026-09-14 10:04:05,238 [INFO] WebApp:191 - Connection restablished
2026-09-14 10:20:57,974 [INFO] WebApp:194 - Connection lost
2026-09-14 10:20:58,973 [INFO] WebApp:191 - Connection restablished
2026-09-14 10:20:59,650 [INFO] WebApp:194 - Connection lost
2026-09-14 10:21:00,021 [INFO] WebApp:191 - Connection restablished
2026-09-14 10:21:01,036 [INFO] WebApp:194 - Connection lost
2026-09-14 10:21:03,478 [INFO] WebApp:191 - Connection restablished
2026-09-14 10:37:09,469 [INFO] WebApp:194 - Connection lost
2026-09-14 10:37:10,505 [INFO] WebApp:191 - Connection restablished
2026-09-14 10:37:10,953 [INFO] WebApp:194 - Connection lost
2026-09-14 10:37:13,083 [INFO] WebApp:191 - Connection restablished
2026-09-14 10:53:20,728 [INFO] WebApp:194 - Connection lost
2026-09-14 10:53:21,709 [INFO] WebApp:191 - Connection restablished
2026-09-14 10:53:21,939 [INFO] WebApp:194 - Connection lost
2026-09-14 10:53:22,974 [INFO] WebApp:191 - Connection restablished
2026-09-14 10:53:23,849 [INFO] WebApp:194 - Connection lost
2026-09-14 10:53:26,323 [INFO] WebApp:191 - Connection restablished
2026-09-14 11:05:01,491 [INFO] WebApp:194 - Connection lost
2026-09-14 11:05:02,520 [INFO] WebApp:191 - Connection restablished
2026-09-14 11:05:02,705 [INFO] WebApp:194 - Connection lost
2026-09-14 11:05:05,189 [INFO] WebApp:191 - Connection restablished
2026-09-14 11:21:56,890 [INFO] WebApp:194 - Connection lost
2026-09-14 11:21:58,017 [INFO] WebApp:191 - Connection restablished
2026-09-14 11:21:58,298 [INFO] WebApp:194 - Connection lost
2026-09-14 11:22:00,793 [INFO] WebApp:191 - Connection restablished
2026-09-14 11:38:07,630 [INFO] WebApp:194 - Connection lost
2026-09-14 11:38:08,670 [INFO] WebApp:191 - Connection restablished
2026-09-14 11:38:09,077 [INFO] WebApp:194 - Connection lost
2026-09-14 11:38:11,210 [INFO] WebApp:191 - Connection restablished
2026-09-14 11:54:18,123 [INFO] WebApp:194 - Connection lost
2026-09-14 11:54:19,356 [INFO] WebApp:191 - Connection restablished
2026-09-14 11:54:19,662 [INFO] WebApp:194 - Connection lost
2026-09-14 11:54:21,798 [INFO] WebApp:191 - Connection restablished
2026-09-14 12:01:44,040 [INFO] WebApp:194 - Connection lost
2026-09-14 12:01:49,156 [INFO] WebApp:191 - Connection restablished
2026-09-14 13:36:53,383 [INFO] MainUpdater:2872 - connection check result : 10
2026-09-14 13:36:53,386 [INFO] MainUpdater:2872 - connection check result : 10
2026-09-14 13:36:53,795 [INFO] MicroXplorer:468 - Change Database Path : 
2026-09-14 13:36:53,795 [INFO] MicroXplorer:498 - Change Database Version : DB.6.0.150
2026-09-14 13:36:53,897 [ERROR] ProjectManagerView:395 - 
java.lang.NullPointerException: Cannot invoke "javax.swing.JTextField.getText()" because the return value of "java.util.List.get(int)" is null
	at com.st.microxplorer.plugins.projectmanager.gui.ProjectChoiceTab$9.caretUpdate(ProjectChoiceTab.java:2706) ~[filemanager.jar:?]
	at javax.swing.text.JTextComponent.fireCaretUpdate(JTextComponent.java:408) ~[?:?]
	at javax.swing.text.JTextComponent$MutableCaretEvent.fire(JTextComponent.java:4484) ~[?:?]
	at javax.swing.text.JTextComponent$MutableCaretEvent.stateChanged(JTextComponent.java:4506) ~[?:?]
	at javax.swing.text.DefaultCaret.fireStateChanged(DefaultCaret.java:857) ~[?:?]
	at javax.swing.text.DefaultCaret.changeCaretPosition(DefaultCaret.java:1343) ~[?:?]
	at javax.swing.text.DefaultCaret.handleSetDot(DefaultCaret.java:1242) ~[?:?]
	at javax.swing.text.DefaultCaret.setDot(DefaultCaret.java:1223) ~[?:?]
	at javax.swing.text.DefaultCaret$Handler.insertUpdate(DefaultCaret.java:1819) ~[?:?]
	at javax.swing.text.AbstractDocument.fireInsertUpdate(AbstractDocument.java:227) ~[?:?]
	at javax.swing.text.AbstractDocument.handleInsertString(AbstractDocument.java:781) ~[?:?]
	at javax.swing.text.AbstractDocument.insertString(AbstractDocument.java:740) ~[?:?]
	at javax.swing.text.PlainDocument.insertString(PlainDocument.java:131) ~[?:?]
	at javax.swing.text.AbstractDocument.replace(AbstractDocument.java:699) ~[?:?]
	at javax.swing.text.JTextComponent.setText(JTextComponent.java:1725) ~[?:?]
	at com.st.microxplorer.plugins.projectmanager.gui.ProjectChoiceTab.createHeapStackFields(ProjectChoiceTab.java:993) ~[filemanager.jar:?]
	at com.st.microxplorer.plugins.projectmanager.gui.ProjectChoiceTab.buildLinkSettingsPanel(ProjectChoiceTab.java:3813) ~[filemanager.jar:?]
	at com.st.microxplorer.plugins.projectmanager.gui.ProjectChoiceTab.defineWindowsFields(ProjectChoiceTab.java:1987) ~[filemanager.jar:?]
	at com.st.microxplorer.plugins.projectmanager.gui.ProjectChoiceTab.updateSettings(ProjectChoiceTab.java:558) ~[filemanager.jar:?]
	at com.st.microxplorer.plugins.projectmanager.gui.ProjectSettingsPanel.UpdateDialog(ProjectSettingsPanel.java:247) ~[filemanager.jar:?]
	at com.st.microxplorer.plugins.projectmanager.ProjectManagerView.propertyChange(ProjectManagerView.java:392) ~[filemanager.jar:?]
	at java.beans.PropertyChangeSupport.fire(PropertyChangeSupport.java:343) ~[?:?]
	at java.beans.PropertyChangeSupport.firePropertyChange(PropertyChangeSupport.java:335) ~[?:?]
	at java.beans.PropertyChangeSupport.firePropertyChange(PropertyChangeSupport.java:268) ~[?:?]
	at com.st.microxplorer.util.MXPropertyChangeSupport.firePropertyChange(MXPropertyChangeSupport.java:54) ~[STM32CubeMX.jar:?]
	at com.st.microxplorer.mxsystem.MxSystem.closeConfig(MxSystem.java:899) ~[STM32CubeMX.jar:?]
	at com.st.microxplorer.maingui.MainPanel.closeConfig(MainPanel.java:792) ~[STM32CubeMX.jar:?]
	at com.st.microxplorer.plugins.filemanager.engine.OpenFileManager.loadConfigurationFile(OpenFileManager.java:288) ~[filemanager.jar:?]
	at com.st.microxplorer.plugins.filemanager.engine.MainFileManager.userLoadConfig(MainFileManager.java:364) ~[filemanager.jar:?]
	at com.st.microxplorer.plugins.filemanager.engine.MainFileManager.userLoadConfig(MainFileManager.java:342) ~[filemanager.jar:?]
	at com.st.microxplorer.plugins.filemanager.FileManagerView.getSpecificTask(FileManagerView.java:264) ~[filemanager.jar:?]
	at com.st.stm32cube.common.mx.editor.CubeMxEditor.getMxTabbedPaneInstance(CubeMxEditor.java:1198) ~[com.st.stm32cube.common.mx_6.15.0.202507011659/:?]
	at com.st.stm32cube.common.mx.editor.CubeMxEditor$12$1.createSwingComponent(CubeMxEditor.java:1068) ~[com.st.stm32cube.common.mx_6.15.0.202507011659/:?]
	at com.st.stm32cube.common.mx.oss.core.awtswtbridge.EmbeddedSwingComposite.doComponentCreation(EmbeddedSwingComposite.java:492) ~[com.st.stm32cube.common.mx.oss_6.15.0.202507011659/:?]
	at com.st.stm32cube.common.mx.oss.core.awtswtbridge.EmbeddedSwingComposite$4.run(EmbeddedSwingComposite.java:291) ~[com.st.stm32cube.common.mx.oss_6.15.0.202507011659/:?]
	at com.st.stm32cube.common.mx.oss.core.awtswtbridge.AwtEnvironment$2.run(AwtEnvironment.java:166) ~[com.st.stm32cube.common.mx.oss_6.15.0.202507011659/:?]
	at java.awt.event.InvocationEvent.dispatch(InvocationEvent.java:318) ~[?:?]
	at java.awt.EventQueue.dispatchEventImpl(EventQueue.java:773) ~[?:?]
	at java.awt.EventQueue$4.run(EventQueue.java:720) ~[?:?]
	at java.awt.EventQueue$4.run(EventQueue.java:714) ~[?:?]
	at java.security.AccessController.doPrivileged(AccessController.java:400) ~[?:?]
	at java.security.ProtectionDomain$JavaSecurityAccessImpl.doIntersectionPrivilege(ProtectionDomain.java:87) ~[?:?]
	at java.awt.EventQueue.dispatchEvent(EventQueue.java:742) ~[?:?]
	at java.awt.EventDispatchThread.pumpOneEventForFilters(EventDispatchThread.java:203) ~[?:?]
	at java.awt.EventDispatchThread.pumpEventsForFilter(EventDispatchThread.java:124) ~[?:?]
	at java.awt.EventDispatchThread.pumpEventsForHierarchy(EventDispatchThread.java:113) ~[?:?]
	at java.awt.EventDispatchThread.pumpEvents(EventDispatchThread.java:109) ~[?:?]
	at java.awt.EventDispatchThread.pumpEvents(EventDispatchThread.java:101) ~[?:?]
	at java.awt.EventDispatchThread.run(EventDispatchThread.java:90) ~[?:?]
2026-09-14 13:36:53,918 [WARN] ThirdParty:871 - waiting for thirdparty lock release [close project]
2026-09-14 13:36:53,919 [INFO] ThirdParty:873 - entering critical section [close project]
2026-09-14 13:36:53,919 [INFO] ThirdParty:883 - exiting critical section [close project]
2026-09-14 13:36:53,922 [INFO] PinOutPanel:1589 - setPackage(No Configuration,No Configuration)
2026-09-14 13:36:53,977 [WARN] IpParametersView:155 - Warning: This peripheral hasn't parameters
2026-09-14 13:36:54,031 [WARN] MainPanel:289 - <html><b><center>Warning: This peripheral has no parameters to be configured<br></b></html>
2026-09-14 13:36:54,047 [INFO] UtilMem:75 - Begin LoadConfig() Used Memory: 746370320 Bytes (1073741824)
2026-09-14 13:36:54,050 [INFO] MicroXplorer:468 - Change Database Path : 
2026-09-14 13:36:54,050 [INFO] MicroXplorer:498 - Change Database Version : DB.6.0.150
2026-09-14 13:36:54,050 [INFO] OpenFileManager:355 - Change cursor
2026-09-14 13:36:54,131 [INFO] RulesReader:64 - Compatibility file has been processed (317 Rules)
2026-09-14 13:36:54,162 [INFO] Mcu:2029 - Initializing MCU STM32F103C(8-B)Tx STM32F103C8Tx STM32F103C8T6
2026-09-14 13:36:54,942 [INFO] Context:786 - Trying to add GPIOservice into a context  which must be forbidden
2026-09-14 13:36:55,422 [INFO] ImportTextPane:234 - (OptionalMessage_ERROR) Pin5 (VP_RIF_VS_RIF1) cannot be retrieved for this MCU
2026-09-14 13:36:55,535 [INFO] RtosManager:558 - Registered RTOS mode: class=CMSIS, group=RTOS, mode=CMSIS_V1, owner=FREERTOS
2026-09-14 13:36:55,535 [INFO] RtosManager:558 - Registered RTOS mode: class=CMSIS, group=RTOS2, mode=CMSIS_V2, owner=FREERTOS
2026-09-14 13:36:55,535 [INFO] RtosManager:558 - Registered RTOS mode: class=RTOS, group=Core, mode=CMSIS_V1, owner=FREERTOS
2026-09-14 13:36:55,535 [INFO] RtosManager:558 - Registered RTOS mode: class=RTOS, group=Core, mode=CMSIS_V2, owner=FREERTOS
2026-09-14 13:36:55,535 [WARN] ModelIntegratedComponent:184 - Missing modes for component STMicroelectronics:FreeRTOS:0.0.1:STMicroelectronics:RTOS:FreeRTOS:Core:::10.2.0:
2026-09-14 13:36:55,691 [WARN] ModelIntegratedComponent:63 - No mode defined for component null
2026-09-14 13:36:55,692 [WARN] ModelIntegratedComponent:63 - No mode defined for component null
2026-09-14 13:36:55,692 [WARN] ModelIntegratedComponent:63 - No mode defined for component null
2026-09-14 13:36:55,692 [WARN] ModelIntegratedComponent:63 - No mode defined for component null
2026-09-14 13:36:55,693 [WARN] ModelIntegratedComponent:63 - No mode defined for component null
2026-09-14 13:36:55,693 [WARN] ModelIntegratedComponent:63 - No mode defined for component null
2026-09-14 13:36:55,693 [WARN] ModelIntegratedComponent:63 - No mode defined for component null
2026-09-14 13:36:55,693 [WARN] ModelIntegratedComponent:63 - No mode defined for component null
2026-09-14 13:36:55,693 [WARN] ModelIntegratedComponent:63 - No mode defined for component null
2026-09-14 13:36:55,694 [WARN] ModelIntegratedComponent:63 - No mode defined for component null
2026-09-14 13:36:55,695 [WARN] ModelIntegratedComponent:63 - No mode defined for component null
2026-09-14 13:36:55,695 [WARN] ModelIntegratedComponent:63 - No mode defined for component null
2026-09-14 13:36:55,695 [WARN] ModelIntegratedComponent:63 - No mode defined for component null
2026-09-14 13:36:55,695 [WARN] ModelIntegratedComponent:63 - No mode defined for component null
2026-09-14 13:36:55,696 [WARN] ModelIntegratedComponent:63 - No mode defined for component null
2026-09-14 13:36:55,696 [WARN] ModelIntegratedComponent:63 - No mode defined for component null
2026-09-14 13:36:55,697 [WARN] ModelIntegratedComponent:63 - No mode defined for component null
2026-09-14 13:36:55,697 [WARN] ModelIntegratedComponent:63 - No mode defined for component null
2026-09-14 13:36:55,697 [WARN] ModelIntegratedComponent:63 - No mode defined for component null
2026-09-14 13:36:55,697 [WARN] ModelIntegratedComponent:63 - No mode defined for component null
2026-09-14 13:36:55,698 [WARN] ModelIntegratedComponent:63 - No mode defined for component null
2026-09-14 13:36:55,698 [WARN] ModelIntegratedComponent:63 - No mode defined for component null
2026-09-14 13:36:55,698 [WARN] ModelIntegratedComponent:63 - No mode defined for component null
2026-09-14 13:36:55,698 [WARN] ModelIntegratedComponent:63 - No mode defined for component null
2026-09-14 13:36:55,699 [WARN] ModelIntegratedComponent:63 - No mode defined for component null
2026-09-14 13:36:55,699 [WARN] ModelIntegratedComponent:63 - No mode defined for component null
2026-09-14 13:36:55,699 [WARN] ModelIntegratedComponent:63 - No mode defined for component null
2026-09-14 13:36:55,699 [WARN] ModelIntegratedComponent:63 - No mode defined for component null
2026-09-14 13:36:55,699 [WARN] ModelIntegratedComponent:63 - No mode defined for component null
2026-09-14 13:36:55,699 [WARN] ModelIntegratedComponent:63 - No mode defined for component null
2026-09-14 13:36:55,699 [WARN] ModelIntegratedComponent:63 - No mode defined for component null
2026-09-14 13:36:55,699 [WARN] ModelIntegratedComponent:63 - No mode defined for component null
2026-09-14 13:36:55,700 [WARN] ModelIntegratedComponent:63 - No mode defined for component null
2026-09-14 13:36:55,700 [WARN] ModelIntegratedComponent:63 - No mode defined for component null
2026-09-14 13:36:55,701 [WARN] ModelIntegratedComponent:63 - No mode defined for component null
2026-09-14 13:36:55,702 [WARN] ModelPack:524 - Component already loaded: STMicroelectronics:HAL Drivers:0.0.0:STMicroelectronics:Device:STMicro_Driver:XSPI:HAL::0.0.1:HAL_XSPI
2026-09-14 13:36:55,881 [INFO] ThirdPartyModel:298 - Start build external matchings
2026-09-14 13:36:56,663 [INFO] ThirdPartyModel:316 - End build external matchings
2026-09-14 13:36:57,287 [INFO] UtilMem:75 - End LoadConfig() Used Memory: 731714392 Bytes (1073741824)
2026-09-14 13:36:57,716 [WARN] ThirdParty:833 - waiting for thirdparty lock release [change project]
2026-09-14 13:36:57,730 [INFO] ThirdParty:835 - entering critical section [change project]
2026-09-14 13:36:57,733 [INFO] ThirdParty:1030 - CMSIS Pack Vendor :STMicroelectronics X-CUBE-AZRTOS-H7 3.5.0
2026-09-14 13:36:57,733 [INFO] ThirdParty:1030 - CMSIS Pack Vendor :STMicroelectronics X-CUBE-PM33A1 1.0.0
2026-09-14 13:36:57,733 [INFO] ThirdParty:1030 - CMSIS Pack Vendor :STMicroelectronics USBPD 4.1
2026-09-14 13:36:57,733 [INFO] ThirdParty:1030 - CMSIS Pack Vendor :STMicroelectronics USB_HOST 2.0.0
2026-09-14 13:36:57,733 [INFO] ThirdParty:1030 - CMSIS Pack Vendor :STMicroelectronics FP-SNS-MOTENVWB1 1.4.0
2026-09-14 13:36:57,733 [INFO] ThirdParty:1030 - CMSIS Pack Vendor :STMicroelectronics FP-ATR-ASTRA1 2.0.3
2026-09-14 13:36:57,734 [INFO] ThirdParty:1030 - CMSIS Pack Vendor :STMicroelectronics X-CUBE-AZRTOS-F4 1.1.0
2026-09-14 13:36:57,734 [INFO] ThirdParty:1030 - CMSIS Pack Vendor :STMicroelectronics LIBJPEG 8.0.0
2026-09-14 13:36:57,734 [INFO] ThirdParty:1030 - CMSIS Pack Vendor :STMicroelectronics FP-ATR-ASTRA1 2.0.2
2026-09-14 13:36:57,734 [INFO] ThirdParty:1030 - CMSIS Pack Vendor :Avnet-IotConnect X-CUBE-IoTC-DA16k-PMOD 1.0.0
2026-09-14 13:36:57,734 [INFO] ThirdParty:1030 - CMSIS Pack Vendor :STMicroelectronics X-CUBE-SMBUS 2.1.0
2026-09-14 13:36:57,734 [INFO] ThirdParty:1030 - CMSIS Pack Vendor :STMicroelectronics X-CUBE-ISPU 2.1.0
2026-09-14 13:36:57,734 [INFO] ThirdParty:1030 - CMSIS Pack Vendor :STMicroelectronics X-CUBE-IPS 3.2.0
2026-09-14 13:36:57,734 [INFO] ThirdParty:1030 - CMSIS Pack Vendor :STMicroelectronics eDS-WB_DPC_TT-BIDIR 2.1.1
2026-09-14 13:36:57,734 [INFO] ThirdParty:1030 - CMSIS Pack Vendor :STMicroelectronics X-CUBE-ST60 1.0.0
2026-09-14 13:36:57,734 [INFO] ThirdParty:1030 - CMSIS Pack Vendor :STMicroelectronics X-CUBE-NFC12 1.0.0
2026-09-14 13:36:57,735 [INFO] ThirdParty:1030 - CMSIS Pack Vendor :STMicroelectronics X-CUBE-AZRTOS-F7 1.1.0
2026-09-14 13:36:57,735 [INFO] ThirdParty:1030 - CMSIS Pack Vendor :STMicroelectronics X-CUBE-AZRTOS-L5 2.0.0
2026-09-14 13:36:57,736 [INFO] ThirdParty:1030 - CMSIS Pack Vendor :STMicroelectronics USB_DEVICE 2.0.0
2026-09-14 13:36:57,736 [INFO] ThirdParty:1030 - CMSIS Pack Vendor :STMicroelectronics X-CUBE-FREERTOS 1.6.0
2026-09-14 13:36:57,737 [INFO] ThirdParty:1030 - CMSIS Pack Vendor :STMicroelectronics X-CUBE-NFC6 3.1.0
2026-09-14 13:36:57,737 [INFO] ThirdParty:1030 - CMSIS Pack Vendor :STMicroelectronics X-CUBE-ALGOBUILD 1.5.0
2026-09-14 13:36:57,737 [INFO] ThirdParty:1030 - CMSIS Pack Vendor :STMicroelectronics FP-SNS-MOTENV1 5.1.0
2026-09-14 13:36:57,737 [INFO] ThirdParty:1030 - CMSIS Pack Vendor :STMicroelectronics FreeRTOS 0.0.1
2026-09-14 13:36:57,737 [INFO] ThirdParty:1030 - CMSIS Pack Vendor :STMicroelectronics X-CUBE-AZRTOS-H7RS 1.3.0
2026-09-14 13:36:57,737 [INFO] ThirdParty:1030 - CMSIS Pack Vendor :STMicroelectronics eDS-WB_DPC_VIENNA 1.2.0
2026-09-14 13:36:57,737 [INFO] ThirdParty:1030 - CMSIS Pack Vendor :WES I-CUBE-Cesium 1.4.0
2026-09-14 13:36:57,737 [INFO] ThirdParty:1030 - CMSIS Pack Vendor :STMicroelectronics X-CUBE-MEMS1 13.0.0
2026-09-14 13:36:57,737 [INFO] ThirdParty:1030 - CMSIS Pack Vendor :STMicroelectronics eDS-WB_DPC_3PH2L-BIDIR 1.1.1
2026-09-14 13:36:57,737 [INFO] ThirdParty:1030 - CMSIS Pack Vendor :Infineon AIROC-Wi-Fi-Bluetooth-STM32 1.7.1
2026-09-14 13:36:57,737 [INFO] ThirdParty:1030 - CMSIS Pack Vendor :STMicroelectronics PDM2PCM 3.3.0
2026-09-14 13:36:57,737 [INFO] ThirdParty:1030 - CMSIS Pack Vendor :STMicroelectronics X-CUBE-AZRTOS-H7 3.4.0
2026-09-14 13:36:57,737 [INFO] ThirdParty:1030 - CMSIS Pack Vendor :STMicroelectronics X-CUBE-DISPLAY 3.0.0
2026-09-14 13:36:57,737 [INFO] ThirdParty:1030 - CMSIS Pack Vendor :STMicroelectronics X-CUBE-GNSS1 7.1.1
2026-09-14 13:36:57,737 [INFO] ThirdParty:1030 - CMSIS Pack Vendor :STMicroelectronics FP-SNS-MOTENVWB1 1.5.0
2026-09-14 13:36:57,737 [INFO] ThirdParty:1030 - CMSIS Pack Vendor :STMicroelectronics X-CUBE-NFC10 1.0.0
2026-09-14 13:36:57,737 [INFO] ThirdParty:1030 - CMSIS Pack Vendor :STMicroelectronics X-CUBE-FREERTOS 1.3.1
2026-09-14 13:36:57,737 [INFO] ThirdParty:1030 - CMSIS Pack Vendor :STMicroelectronics HAL Drivers 0.0.0
2026-09-14 13:36:57,737 [INFO] ThirdParty:1030 - CMSIS Pack Vendor :STMicroelectronics X-CUBE-ST60 1.1.0
2026-09-14 13:36:57,737 [INFO] ThirdParty:1030 - CMSIS Pack Vendor :emotas I-CUBE-CANOPEN 1.3.0
2026-09-14 13:36:57,738 [INFO] ThirdParty:1030 - CMSIS Pack Vendor :STMicroelectronics MBEDTLS 2.14.1
2026-09-14 13:36:57,738 [INFO] ThirdParty:1030 - CMSIS Pack Vendor :STMicroelectronics X-CUBE-TOUCHGFX 4.26.1
2026-09-14 13:36:57,738 [INFO] ThirdParty:1030 - CMSIS Pack Vendor :STMicroelectronics FP-SNS-STBOX1 2.1.0
2026-09-14 13:36:57,738 [INFO] ThirdParty:1030 - CMSIS Pack Vendor :STMicroelectronics FP-SNS-STAIOTCFT 1.0.0
2026-09-14 13:36:57,738 [INFO] ThirdParty:1030 - CMSIS Pack Vendor :STMicroelectronics FP-SNS-SMARTAG2 1.2.0
2026-09-14 13:36:57,739 [INFO] ThirdParty:1030 - CMSIS Pack Vendor :STMicroelectronics FP-SNS-FLIGHT1 5.1.0
2026-09-14 13:36:57,739 [INFO] ThirdParty:1030 - CMSIS Pack Vendor :STMicroelectronics X-CUBE-AZRTOS-WL 2.0.0
2026-09-14 13:36:57,739 [INFO] ThirdParty:1030 - CMSIS Pack Vendor :STMicroelectronics X-CUBE-DPower 1.3.0
2026-09-14 13:36:57,739 [INFO] ThirdParty:1030 - CMSIS Pack Vendor :STMicroelectronics FP-SNS-MOTENV1 5.0.0
2026-09-14 13:36:57,739 [INFO] ThirdParty:1030 - CMSIS Pack Vendor :STMicroelectronics USB_DEVICE 1.0.0
2026-09-14 13:36:57,739 [INFO] ThirdParty:1030 - CMSIS Pack Vendor :STMicroelectronics X-CUBE-AZRTOS-H7RS 1.2.0
2026-09-14 13:36:57,739 [INFO] ThirdParty:1030 - CMSIS Pack Vendor :STMicroelectronics X-CUBE-AZRTOS-L4 2.0.0
2026-09-14 13:36:57,739 [INFO] ThirdParty:1030 - CMSIS Pack Vendor :STMicroelectronics ThreadX 0.0.2
2026-09-14 13:36:57,739 [INFO] ThirdParty:1030 - CMSIS Pack Vendor :WES I-CUBE-Cesium 1.3.0
2026-09-14 13:36:57,740 [INFO] ThirdParty:1030 - CMSIS Pack Vendor :STMicroelectronics lwIP 2.1.2
2026-09-14 13:36:57,740 [INFO] ThirdParty:1030 - CMSIS Pack Vendor :STMicroelectronics X-CUBE-SFXS2LP1 4.0.0
2026-09-14 13:36:57,740 [INFO] ThirdParty:1030 - CMSIS Pack Vendor :STMicroelectronics X-CUBE-BLE2 3.3.0
2026-09-14 13:36:57,740 [INFO] ThirdParty:1030 - CMSIS Pack Vendor :Avnet-IOTCONNECT X-CUBE-iotc-st67-sdk 1.0.0
2026-09-14 13:36:57,740 [INFO] ThirdParty:1030 - CMSIS Pack Vendor :STMicroelectronics PDM2PCM 3.2.0
2026-09-14 13:36:57,741 [INFO] ThirdParty:1030 - CMSIS Pack Vendor :STMicroelectronics X-CUBE-WB05N 2.1.0
2026-09-14 13:36:57,741 [INFO] ThirdParty:1030 - CMSIS Pack Vendor :STMicroelectronics X-CUBE-NFC9 1.0.0
2026-09-14 13:36:57,741 [INFO] ThirdParty:1030 - CMSIS Pack Vendor :wolfSSL I-CUBE-wolfSSL 5.8.2
2026-09-14 13:36:57,741 [INFO] ThirdParty:1030 - CMSIS Pack Vendor :STMicroelectronics X-CUBE-BLE1 7.1.0
2026-09-14 13:36:57,741 [INFO] ThirdParty:1030 - CMSIS Pack Vendor :wolfSSL I-CUBE-wolfMQTT 1.19.2
2026-09-14 13:36:57,741 [INFO] ThirdParty:1030 - CMSIS Pack Vendor :STMicroelectronics USB_DEVICE 3.0.0
2026-09-14 13:36:57,741 [INFO] ThirdParty:1030 - CMSIS Pack Vendor :STMicroelectronics X-CUBE-EEPRMA1 5.2.0
2026-09-14 13:36:57,741 [INFO] ThirdParty:1030 - CMSIS Pack Vendor :STMicroelectronics X-CUBE-BLEMGR 4.1.0
2026-09-14 13:36:57,742 [INFO] ThirdParty:1030 - CMSIS Pack Vendor :STMicroelectronics X-CUBE-AZRTOS-WB 2.0.0
2026-09-14 13:36:57,743 [INFO] ThirdParty:1030 - CMSIS Pack Vendor :STMicroelectronics X-CUBE-GNSS1 7.0.1
2026-09-14 13:36:57,747 [INFO] ThirdParty:1030 - CMSIS Pack Vendor :STMicroelectronics X-CUBE-TOUCHGFX 4.25.0
2026-09-14 13:36:57,750 [INFO] ThirdParty:1030 - CMSIS Pack Vendor :STMicroelectronics FP-SNS-STAIOTCFT 1.1.0
2026-09-14 13:36:57,751 [INFO] ThirdParty:1030 - CMSIS Pack Vendor :quantropi X-CUBE-qispace-sdk-base 2.1.0
2026-09-14 13:36:57,751 [INFO] ThirdParty:1030 - CMSIS Pack Vendor :STMicroelectronics X-CUBE-STSE01 2.0.0
2026-09-14 13:36:57,751 [INFO] ThirdParty:1030 - CMSIS Pack Vendor :STMicroelectronics X-CUBE-AZRTOS-G0 1.1.0
2026-09-14 13:36:57,751 [INFO] ThirdParty:1030 - CMSIS Pack Vendor :STMicroelectronics X-CUBE-SAFEA1 1.2.2
2026-09-14 13:36:57,751 [INFO] ThirdParty:1030 - CMSIS Pack Vendor :STMicroelectronics X-CUBE-NFC4 3.0.0
2026-09-14 13:36:57,751 [INFO] ThirdParty:1030 - CMSIS Pack Vendor :STMicroelectronics X-CUBE-SUBG2 5.0.0
2026-09-14 13:36:57,751 [INFO] ThirdParty:1030 - CMSIS Pack Vendor :STMicroelectronics X-CUBE-AZRTOS-H7RS 1.1.0
2026-09-14 13:36:57,751 [INFO] ThirdParty:1030 - CMSIS Pack Vendor :STMicroelectronics STM32_WPAN 1.0.0
2026-09-14 13:36:57,751 [INFO] ThirdParty:1030 - CMSIS Pack Vendor :EmbeddedOffice I-CUBE-FS-RTOS 1.0.1
2026-09-14 13:36:57,751 [INFO] ThirdParty:1030 - CMSIS Pack Vendor :STMicroelectronics lwIP 2.0.3
2026-09-14 13:36:57,751 [INFO] ThirdParty:1030 - CMSIS Pack Vendor :Cesanta I-CUBE-Mongoose 7.13.0
2026-09-14 13:36:57,751 [INFO] ThirdParty:1030 - CMSIS Pack Vendor :STMicroelectronics USB_HOST 1.0.0
2026-09-14 13:36:57,751 [INFO] ThirdParty:1030 - CMSIS Pack Vendor :STMicroelectronics X-CUBE-AZRTOS-G4 2.0.0
2026-09-14 13:36:57,751 [INFO] ThirdParty:1030 - CMSIS Pack Vendor :STMicroelectronics X-CUBE-WB05N 2.0.0
2026-09-14 13:36:57,751 [INFO] ThirdParty:1030 - CMSIS Pack Vendor :STMicroelectronics PDM2PCM 3.1.0
2026-09-14 13:36:57,751 [INFO] ThirdParty:1030 - CMSIS Pack Vendor :wolfSSL I-CUBE-wolfTPM 3.8.0
2026-09-14 13:36:57,751 [INFO] ThirdParty:1030 - CMSIS Pack Vendor :wolfSSL I-CUBE-wolfSSH 1.4.20
2026-09-14 13:36:57,752 [INFO] ThirdParty:1030 - CMSIS Pack Vendor :STMicroelectronics X-CUBE-NFC7 2.0.0
2026-09-14 13:36:57,752 [INFO] ThirdParty:1030 - CMSIS Pack Vendor :STMicroelectronics X-CUBE-TCPP 4.2.0
2026-09-14 13:36:57,752 [INFO] ThirdParty:1030 - CMSIS Pack Vendor :RealThread X-CUBE-RT-Thread_Nano 4.1.1
2026-09-14 13:36:57,752 [INFO] ThirdParty:1030 - CMSIS Pack Vendor :STMicroelectronics FP-ATR-SIGFOX1 3.2.0
2026-09-14 13:36:57,752 [INFO] ThirdParty:1030 - CMSIS Pack Vendor :STMicroelectronics X-CUBE-FREERTOS 1.5.0
2026-09-14 13:36:57,752 [INFO] ThirdParty:1030 - CMSIS Pack Vendor :STMicroelectronics MBEDTLS 2.16.2
2026-09-14 13:36:57,752 [INFO] ThirdParty:1030 - CMSIS Pack Vendor :STMicroelectronics X-CUBE-IPS 3.1.0
2026-09-14 13:36:57,752 [INFO] ThirdParty:1030 - CMSIS Pack Vendor :STMicroelectronics X-CUBE-ALS 1.0.2
2026-09-14 13:36:57,752 [INFO] ThirdParty:1030 - CMSIS Pack Vendor :ITTIA_DB I-CUBE-ITTIADB 8.9.0
2026-09-14 13:36:57,752 [INFO] ThirdParty:1030 - CMSIS Pack Vendor :portGmbH I-Cube-SoM-uGOAL 1.1.0
2026-09-14 13:36:57,752 [INFO] ThirdParty:1030 - CMSIS Pack Vendor :STMicroelectronics X-CUBE-NFC6 3.2.0
2026-09-14 13:36:57,752 [INFO] ThirdParty:1030 - CMSIS Pack Vendor :STMicroelectronics X-CUBE-ST67W61 1.0.0
2026-09-14 13:36:57,752 [INFO] ThirdParty:1030 - CMSIS Pack Vendor :STMicroelectronics X-CUBE-AI 10.2.1
2026-09-14 13:36:57,752 [INFO] ThirdParty:1030 - CMSIS Pack Vendor :STMicroelectronics X-CUBE-AI 10.2.0
2026-09-14 13:36:57,752 [INFO] ThirdParty:1030 - CMSIS Pack Vendor :STMicroelectronics ThreadX 1.0.0
2026-09-14 13:36:57,752 [INFO] ThirdParty:1030 - CMSIS Pack Vendor :STMicroelectronics X-CUBE-MEMS1 12.1.0
2026-09-14 13:36:57,752 [INFO] ThirdParty:1030 - CMSIS Pack Vendor :SEGGER I-CUBE-embOS 1.3.1
2026-09-14 13:36:57,752 [INFO] ThirdParty:1030 - CMSIS Pack Vendor :STMicroelectronics X-CUBE-ALGOBUILD 1.4.0
2026-09-14 13:36:57,752 [INFO] ThirdParty:1030 - CMSIS Pack Vendor :STMicroelectronics X-CUBE-MEMS1 11.3.0
2026-09-14 13:36:57,752 [INFO] ThirdParty:1030 - CMSIS Pack Vendor :STMicroelectronics X-CUBE-TOF1 3.4.3
2026-09-14 13:36:57,752 [INFO] ThirdParty:1030 - CMSIS Pack Vendor :STMicroelectronics X-CUBE-NFC13 1.0.0
2026-09-14 13:36:57,760 [INFO] ThirdParty:841 - exiting critical section [change project]
2026-09-14 13:36:58,589 [INFO] PinOutPanel:1589 - setPackage(No Configuration,No Configuration)
2026-09-14 13:36:58,598 [INFO] PinOutPanel:1589 - setPackage(STM32F103C8Tx,LQFP48)
2026-09-14 13:36:59,577 [INFO] UtilMem:75 - Before build in PCC Used Memory: 814024952 Bytes (1073741824)
2026-09-14 13:37:00,174 [INFO] UtilMem:75 - After build in PCC Used Memory: 857538808 Bytes (1073741824)
2026-09-14 13:37:00,240 [INFO] IPUIPlugin:80 - create IPUIPlugin
2026-09-14 13:37:00,241 [INFO] IPUIPlugin:80 - create IPUIPlugin
2026-09-14 13:37:00,241 [INFO] IPUIPlugin:80 - create IPUIPlugin
2026-09-14 13:37:00,242 [INFO] IPUIPlugin:80 - create IPUIPlugin
2026-09-14 13:37:00,242 [INFO] IPUIPlugin:80 - create IPUIPlugin
2026-09-14 13:37:00,244 [INFO] IPUIPlugin:80 - create IPUIPlugin
2026-09-14 13:37:00,244 [INFO] IPUIPlugin:80 - create IPUIPlugin
2026-09-14 13:37:00,244 [INFO] IPUIPlugin:80 - create IPUIPlugin
2026-09-14 13:37:00,245 [INFO] IPUIPlugin:80 - create IPUIPlugin
2026-09-14 13:37:00,245 [INFO] IPUIPlugin:80 - create IPUIPlugin
2026-09-14 13:37:00,245 [INFO] IPUIPlugin:80 - create IPUIPlugin
2026-09-14 13:37:00,245 [INFO] IPUIPlugin:80 - create IPUIPlugin
2026-09-14 13:37:00,246 [INFO] IPUIPlugin:80 - create IPUIPlugin
2026-09-14 13:37:00,246 [INFO] IPUIPlugin:80 - create IPUIPlugin
2026-09-14 13:37:00,247 [INFO] IPUIPlugin:80 - create IPUIPlugin
2026-09-14 13:37:00,248 [INFO] IPUIPlugin:80 - create IPUIPlugin
2026-09-14 13:37:00,248 [INFO] IPUIPlugin:80 - create IPUIPlugin
2026-09-14 13:37:00,249 [INFO] IPUIPlugin:80 - create IPUIPlugin
2026-09-14 13:37:00,249 [INFO] IPUIPlugin:80 - create IPUIPlugin
2026-09-14 13:37:00,249 [INFO] IPUIPlugin:80 - create IPUIPlugin
2026-09-14 13:37:00,249 [INFO] IPUIPlugin:80 - create IPUIPlugin
2026-09-14 13:37:00,249 [INFO] IPUIPlugin:80 - create IPUIPlugin
2026-09-14 13:37:00,250 [INFO] IPUIPlugin:80 - create IPUIPlugin
2026-09-14 13:37:00,252 [INFO] IPUIPlugin:80 - create IPUIPlugin
2026-09-14 13:37:00,252 [INFO] IPUIPlugin:80 - create IPUIPlugin
2026-09-14 13:37:00,253 [INFO] IPUIPlugin:80 - create IPUIPlugin
2026-09-14 13:37:00,253 [INFO] IPUIPlugin:80 - create IPUIPlugin
2026-09-14 13:37:00,279 [INFO] Can:71 - Can Add PropertyChangeListener com.st.microxplorer.plugins.ip.can.Can@7b219ec8
2026-09-14 13:37:00,534 [INFO] CADModel:165 - CPN selected for project levelSTM32F103C8T6
2026-09-14 13:37:00,535 [INFO] CADModel:114 - Register for checkConnection events
2026-09-14 13:37:00,607 [INFO] OpenFileManager:386 - Restore cursor
2026-09-14 14:59:47,216 [INFO] MainUpdater:2872 - connection check result : 10
2026-09-14 14:59:47,227 [INFO] MainUpdater:2872 - connection check result : 10
2026-09-14 14:59:48,024 [INFO] MicroXplorer:468 - Change Database Path : 
2026-09-14 14:59:48,025 [INFO] MicroXplorer:498 - Change Database Version : DB.6.0.150
2026-09-14 14:59:48,208 [ERROR] ProjectManagerView:395 - 
java.lang.NullPointerException: Cannot invoke "javax.swing.JTextField.getText()" because the return value of "java.util.List.get(int)" is null
	at com.st.microxplorer.plugins.projectmanager.gui.ProjectChoiceTab$9.caretUpdate(ProjectChoiceTab.java:2706) ~[filemanager.jar:?]
	at javax.swing.text.JTextComponent.fireCaretUpdate(JTextComponent.java:408) ~[?:?]
	at javax.swing.text.JTextComponent$MutableCaretEvent.fire(JTextComponent.java:4484) ~[?:?]
	at javax.swing.text.JTextComponent$MutableCaretEvent.stateChanged(JTextComponent.java:4506) ~[?:?]
	at javax.swing.text.DefaultCaret.fireStateChanged(DefaultCaret.java:857) ~[?:?]
	at javax.swing.text.DefaultCaret.changeCaretPosition(DefaultCaret.java:1343) ~[?:?]
	at javax.swing.text.DefaultCaret.handleSetDot(DefaultCaret.java:1242) ~[?:?]
	at javax.swing.text.DefaultCaret.setDot(DefaultCaret.java:1223) ~[?:?]
	at javax.swing.text.DefaultCaret$Handler.insertUpdate(DefaultCaret.java:1819) ~[?:?]
	at javax.swing.text.AbstractDocument.fireInsertUpdate(AbstractDocument.java:227) ~[?:?]
	at javax.swing.text.AbstractDocument.handleInsertString(AbstractDocument.java:781) ~[?:?]
	at javax.swing.text.AbstractDocument.insertString(AbstractDocument.java:740) ~[?:?]
	at javax.swing.text.PlainDocument.insertString(PlainDocument.java:131) ~[?:?]
	at javax.swing.text.AbstractDocument.replace(AbstractDocument.java:699) ~[?:?]
	at javax.swing.text.JTextComponent.setText(JTextComponent.java:1725) ~[?:?]
	at com.st.microxplorer.plugins.projectmanager.gui.ProjectChoiceTab.createHeapStackFields(ProjectChoiceTab.java:993) ~[filemanager.jar:?]
	at com.st.microxplorer.plugins.projectmanager.gui.ProjectChoiceTab.buildLinkSettingsPanel(ProjectChoiceTab.java:3813) ~[filemanager.jar:?]
	at com.st.microxplorer.plugins.projectmanager.gui.ProjectChoiceTab.defineWindowsFields(ProjectChoiceTab.java:1987) ~[filemanager.jar:?]
	at com.st.microxplorer.plugins.projectmanager.gui.ProjectChoiceTab.updateSettings(ProjectChoiceTab.java:558) ~[filemanager.jar:?]
	at com.st.microxplorer.plugins.projectmanager.gui.ProjectSettingsPanel.UpdateDialog(ProjectSettingsPanel.java:247) ~[filemanager.jar:?]
	at com.st.microxplorer.plugins.projectmanager.ProjectManagerView.propertyChange(ProjectManagerView.java:392) ~[filemanager.jar:?]
	at java.beans.PropertyChangeSupport.fire(PropertyChangeSupport.java:343) ~[?:?]
	at java.beans.PropertyChangeSupport.firePropertyChange(PropertyChangeSupport.java:335) ~[?:?]
	at java.beans.PropertyChangeSupport.firePropertyChange(PropertyChangeSupport.java:268) ~[?:?]
	at com.st.microxplorer.util.MXPropertyChangeSupport.firePropertyChange(MXPropertyChangeSupport.java:54) ~[STM32CubeMX.jar:?]
	at com.st.microxplorer.mxsystem.MxSystem.closeConfig(MxSystem.java:899) ~[STM32CubeMX.jar:?]
	at com.st.microxplorer.maingui.MainPanel.closeConfig(MainPanel.java:792) ~[STM32CubeMX.jar:?]
	at com.st.microxplorer.plugins.filemanager.engine.OpenFileManager.loadConfigurationFile(OpenFileManager.java:288) ~[filemanager.jar:?]
	at com.st.microxplorer.plugins.filemanager.engine.MainFileManager.userLoadConfig(MainFileManager.java:364) ~[filemanager.jar:?]
	at com.st.microxplorer.plugins.filemanager.engine.MainFileManager.userLoadConfig(MainFileManager.java:342) ~[filemanager.jar:?]
	at com.st.microxplorer.plugins.filemanager.FileManagerView.getSpecificTask(FileManagerView.java:264) ~[filemanager.jar:?]
	at com.st.stm32cube.common.mx.editor.CubeMxEditor.getMxTabbedPaneInstance(CubeMxEditor.java:1198) ~[com.st.stm32cube.common.mx_6.15.0.202507011659/:?]
	at com.st.stm32cube.common.mx.editor.CubeMxEditor$12$1.createSwingComponent(CubeMxEditor.java:1068) ~[com.st.stm32cube.common.mx_6.15.0.202507011659/:?]
	at com.st.stm32cube.common.mx.oss.core.awtswtbridge.EmbeddedSwingComposite.doComponentCreation(EmbeddedSwingComposite.java:492) ~[com.st.stm32cube.common.mx.oss_6.15.0.202507011659/:?]
	at com.st.stm32cube.common.mx.oss.core.awtswtbridge.EmbeddedSwingComposite$4.run(EmbeddedSwingComposite.java:291) ~[com.st.stm32cube.common.mx.oss_6.15.0.202507011659/:?]
	at com.st.stm32cube.common.mx.oss.core.awtswtbridge.AwtEnvironment$2.run(AwtEnvironment.java:166) ~[com.st.stm32cube.common.mx.oss_6.15.0.202507011659/:?]
	at java.awt.event.InvocationEvent.dispatch(InvocationEvent.java:318) ~[?:?]
	at java.awt.EventQueue.dispatchEventImpl(EventQueue.java:773) ~[?:?]
	at java.awt.EventQueue$4.run(EventQueue.java:720) ~[?:?]
	at java.awt.EventQueue$4.run(EventQueue.java:714) ~[?:?]
	at java.security.AccessController.doPrivileged(AccessController.java:400) ~[?:?]
	at java.security.ProtectionDomain$JavaSecurityAccessImpl.doIntersectionPrivilege(ProtectionDomain.java:87) ~[?:?]
	at java.awt.EventQueue.dispatchEvent(EventQueue.java:742) ~[?:?]
	at java.awt.EventDispatchThread.pumpOneEventForFilters(EventDispatchThread.java:203) ~[?:?]
	at java.awt.EventDispatchThread.pumpEventsForFilter(EventDispatchThread.java:124) ~[?:?]
	at java.awt.EventDispatchThread.pumpEventsForHierarchy(EventDispatchThread.java:113) ~[?:?]
	at java.awt.EventDispatchThread.pumpEvents(EventDispatchThread.java:109) ~[?:?]
	at java.awt.EventDispatchThread.pumpEvents(EventDispatchThread.java:101) ~[?:?]
	at java.awt.EventDispatchThread.run(EventDispatchThread.java:90) ~[?:?]
2026-09-14 14:59:48,212 [WARN] ThirdParty:871 - waiting for thirdparty lock release [close project]
2026-09-14 14:59:48,212 [INFO] ThirdParty:873 - entering critical section [close project]
2026-09-14 14:59:48,212 [INFO] ThirdParty:883 - exiting critical section [close project]
2026-09-14 14:59:48,217 [INFO] PinOutPanel:1589 - setPackage(No Configuration,No Configuration)
2026-09-14 14:59:48,233 [INFO] UtilMem:75 - Begin LoadConfig() Used Memory: 888249240 Bytes (1073741824)
2026-09-14 14:59:48,237 [INFO] MicroXplorer:468 - Change Database Path : 
2026-09-14 14:59:48,238 [INFO] MicroXplorer:498 - Change Database Version : DB.6.0.150
2026-09-14 14:59:48,238 [INFO] OpenFileManager:355 - Change cursor
2026-09-14 14:59:48,302 [INFO] Mcu:2029 - Initializing MCU STM32F411V(C-E)Tx STM32F411VETx STM32F411VET6
2026-09-14 14:59:49,731 [INFO] Context:786 - Trying to add GPIOservice into a context  which must be forbidden
2026-09-14 14:59:50,410 [INFO] ImportTextPane:234 - (OptionalMessage_ERROR) Pin52 (VP_RIF_VS_RIF1) cannot be retrieved for this MCU
2026-09-14 14:59:50,552 [INFO] RtosManager:558 - Registered RTOS mode: class=CMSIS, group=RTOS, mode=CMSIS_V1, owner=FREERTOS
2026-09-14 14:59:50,552 [INFO] RtosManager:558 - Registered RTOS mode: class=CMSIS, group=RTOS2, mode=CMSIS_V2, owner=FREERTOS
2026-09-14 14:59:50,552 [INFO] RtosManager:558 - Registered RTOS mode: class=RTOS, group=Core, mode=CMSIS_V1, owner=FREERTOS
2026-09-14 14:59:50,552 [INFO] RtosManager:558 - Registered RTOS mode: class=RTOS, group=Core, mode=CMSIS_V2, owner=FREERTOS
2026-09-14 14:59:50,552 [WARN] ModelIntegratedComponent:184 - Missing modes for component STMicroelectronics:FreeRTOS:0.0.1:STMicroelectronics:RTOS:FreeRTOS:Core:::10.2.0:
2026-09-14 14:59:50,777 [WARN] ModelIntegratedComponent:63 - No mode defined for component null
2026-09-14 14:59:50,777 [WARN] ModelIntegratedComponent:63 - No mode defined for component null
2026-09-14 14:59:50,777 [WARN] ModelIntegratedComponent:63 - No mode defined for component null
2026-09-14 14:59:50,777 [WARN] ModelIntegratedComponent:63 - No mode defined for component null
2026-09-14 14:59:50,777 [WARN] ModelIntegratedComponent:63 - No mode defined for component null
2026-09-14 14:59:50,777 [WARN] ModelIntegratedComponent:63 - No mode defined for component null
2026-09-14 14:59:50,777 [WARN] ModelIntegratedComponent:63 - No mode defined for component null
2026-09-14 14:59:50,777 [WARN] ModelIntegratedComponent:63 - No mode defined for component null
2026-09-14 14:59:50,777 [WARN] ModelIntegratedComponent:63 - No mode defined for component null
2026-09-14 14:59:50,778 [WARN] ModelIntegratedComponent:63 - No mode defined for component null
2026-09-14 14:59:50,778 [WARN] ModelIntegratedComponent:63 - No mode defined for component null
2026-09-14 14:59:50,778 [WARN] ModelIntegratedComponent:63 - No mode defined for component null
2026-09-14 14:59:50,778 [WARN] ModelIntegratedComponent:63 - No mode defined for component null
2026-09-14 14:59:50,778 [WARN] ModelIntegratedComponent:63 - No mode defined for component null
2026-09-14 14:59:50,778 [WARN] ModelIntegratedComponent:63 - No mode defined for component null
2026-09-14 14:59:50,778 [WARN] ModelIntegratedComponent:63 - No mode defined for component null
2026-09-14 14:59:50,778 [WARN] ModelIntegratedComponent:63 - No mode defined for component null
2026-09-14 14:59:50,778 [WARN] ModelIntegratedComponent:63 - No mode defined for component null
2026-09-14 14:59:50,778 [WARN] ModelIntegratedComponent:63 - No mode defined for component null
2026-09-14 14:59:50,778 [WARN] ModelIntegratedComponent:63 - No mode defined for component null
2026-09-14 14:59:50,778 [WARN] ModelIntegratedComponent:63 - No mode defined for component null
2026-09-14 14:59:50,778 [WARN] ModelIntegratedComponent:63 - No mode defined for component null
2026-09-14 14:59:50,778 [WARN] ModelIntegratedComponent:63 - No mode defined for component null
2026-09-14 14:59:50,778 [WARN] ModelIntegratedComponent:63 - No mode defined for component null
2026-09-14 14:59:50,778 [WARN] ModelIntegratedComponent:63 - No mode defined for component null
2026-09-14 14:59:50,778 [WARN] ModelIntegratedComponent:63 - No mode defined for component null
2026-09-14 14:59:50,778 [WARN] ModelIntegratedComponent:63 - No mode defined for component null
2026-09-14 14:59:50,778 [WARN] ModelIntegratedComponent:63 - No mode defined for component null
2026-09-14 14:59:50,778 [WARN] ModelIntegratedComponent:63 - No mode defined for component null
2026-09-14 14:59:50,778 [WARN] ModelIntegratedComponent:63 - No mode defined for component null
2026-09-14 14:59:50,778 [WARN] ModelIntegratedComponent:63 - No mode defined for component null
2026-09-14 14:59:50,778 [WARN] ModelIntegratedComponent:63 - No mode defined for component null
2026-09-14 14:59:50,778 [WARN] ModelIntegratedComponent:63 - No mode defined for component null
2026-09-14 14:59:50,778 [WARN] ModelIntegratedComponent:63 - No mode defined for component null
2026-09-14 14:59:50,778 [WARN] ModelIntegratedComponent:63 - No mode defined for component null
2026-09-14 14:59:50,779 [WARN] ModelPack:524 - Component already loaded: STMicroelectronics:HAL Drivers:0.0.0:STMicroelectronics:Device:STMicro_Driver:XSPI:HAL::0.0.1:HAL_XSPI
2026-09-14 14:59:50,787 [WARN] ModelIntegratedComponent:182 - Modes not found for component STMicroelectronics:USB_DEVICE:1.0.0:STMicroelectronics:USB::USB Device:Audio HS::1.0:USB_DEVICE_1_0_RESTRICTED_HS
2026-09-14 14:59:50,787 [WARN] ModelIntegratedComponent:188 - Modes not found for component STMicroelectronics:USB_DEVICE:1.0.0:STMicroelectronics:USB::USB Device:Audio HS::1.0:USB_DEVICE_1_0_RESTRICTED_HS
2026-09-14 14:59:50,787 [WARN] ModelIntegratedComponent:182 - Modes not found for component STMicroelectronics:USB_DEVICE:1.0.0:STMicroelectronics:USB::USB Device:CDC HS::1.0:USB_DEVICE_1_0_RESTRICTED_HS
2026-09-14 14:59:50,787 [WARN] ModelIntegratedComponent:188 - Modes not found for component STMicroelectronics:USB_DEVICE:1.0.0:STMicroelectronics:USB::USB Device:CDC HS::1.0:USB_DEVICE_1_0_RESTRICTED_HS
2026-09-14 14:59:50,787 [WARN] ModelIntegratedComponent:182 - Modes not found for component STMicroelectronics:USB_DEVICE:1.0.0:STMicroelectronics:USB::USB Device:DFU HS::1.0:USB_DEVICE_1_0_RESTRICTED_HS
2026-09-14 14:59:50,787 [WARN] ModelIntegratedComponent:188 - Modes not found for component STMicroelectronics:USB_DEVICE:1.0.0:STMicroelectronics:USB::USB Device:DFU HS::1.0:USB_DEVICE_1_0_RESTRICTED_HS
2026-09-14 14:59:50,787 [WARN] ModelIntegratedComponent:182 - Modes not found for component STMicroelectronics:USB_DEVICE:1.0.0:STMicroelectronics:USB::USB Device:HID HS::1.0:USB_DEVICE_1_0_RESTRICTED_HS
2026-09-14 14:59:50,787 [WARN] ModelIntegratedComponent:188 - Modes not found for component STMicroelectronics:USB_DEVICE:1.0.0:STMicroelectronics:USB::USB Device:HID HS::1.0:USB_DEVICE_1_0_RESTRICTED_HS
2026-09-14 14:59:50,787 [WARN] ModelIntegratedComponent:182 - Modes not found for component STMicroelectronics:USB_DEVICE:1.0.0:STMicroelectronics:USB::USB Device:Custom HID HS::1.0:USB_DEVICE_1_0_RESTRICTED_HS
2026-09-14 14:59:50,787 [WARN] ModelIntegratedComponent:188 - Modes not found for component STMicroelectronics:USB_DEVICE:1.0.0:STMicroelectronics:USB::USB Device:Custom HID HS::1.0:USB_DEVICE_1_0_RESTRICTED_HS
2026-09-14 14:59:50,787 [WARN] ModelIntegratedComponent:182 - Modes not found for component STMicroelectronics:USB_DEVICE:1.0.0:STMicroelectronics:USB::USB Device:MSC HS::1.0:USB_DEVICE_1_0_RESTRICTED_HS
2026-09-14 14:59:50,787 [WARN] ModelIntegratedComponent:188 - Modes not found for component STMicroelectronics:USB_DEVICE:1.0.0:STMicroelectronics:USB::USB Device:MSC HS::1.0:USB_DEVICE_1_0_RESTRICTED_HS
2026-09-14 14:59:50,803 [WARN] ModelIntegratedComponent:182 - Modes not found for component STMicroelectronics:USB_HOST:1.0.0:STMicroelectronics:USB::USB Host:Audio HS::1.0:USB_HOST_1_0_RESTRICTED_HS
2026-09-14 14:59:50,803 [WARN] ModelIntegratedComponent:188 - Modes not found for component STMicroelectronics:USB_HOST:1.0.0:STMicroelectronics:USB::USB Host:Audio HS::1.0:USB_HOST_1_0_RESTRICTED_HS
2026-09-14 14:59:50,803 [WARN] ModelIntegratedComponent:182 - Modes not found for component STMicroelectronics:USB_HOST:1.0.0:STMicroelectronics:USB::USB Host:CDC HS::1.0:USB_HOST_1_0_RESTRICTED_HS
2026-09-14 14:59:50,803 [WARN] ModelIntegratedComponent:188 - Modes not found for component STMicroelectronics:USB_HOST:1.0.0:STMicroelectronics:USB::USB Host:CDC HS::1.0:USB_HOST_1_0_RESTRICTED_HS
2026-09-14 14:59:50,803 [WARN] ModelIntegratedComponent:182 - Modes not found for component STMicroelectronics:USB_HOST:1.0.0:STMicroelectronics:USB::USB Host:MSC HS::1.0:USB_HOST_1_0_RESTRICTED_HS
2026-09-14 14:59:50,803 [WARN] ModelIntegratedComponent:188 - Modes not found for component STMicroelectronics:USB_HOST:1.0.0:STMicroelectronics:USB::USB Host:MSC HS::1.0:USB_HOST_1_0_RESTRICTED_HS
2026-09-14 14:59:50,803 [WARN] ModelIntegratedComponent:182 - Modes not found for component STMicroelectronics:USB_HOST:1.0.0:STMicroelectronics:USB::USB Host:HID HS::1.0:USB_HOST_1_0_RESTRICTED_HS
2026-09-14 14:59:50,803 [WARN] ModelIntegratedComponent:188 - Modes not found for component STMicroelectronics:USB_HOST:1.0.0:STMicroelectronics:USB::USB Host:HID HS::1.0:USB_HOST_1_0_RESTRICTED_HS
2026-09-14 14:59:50,803 [WARN] ModelIntegratedComponent:182 - Modes not found for component STMicroelectronics:USB_HOST:1.0.0:STMicroelectronics:USB::USB Host:MTP HS::1.0:USB_HOST_1_0_RESTRICTED_HS
2026-09-14 14:59:50,803 [WARN] ModelIntegratedComponent:188 - Modes not found for component STMicroelectronics:USB_HOST:1.0.0:STMicroelectronics:USB::USB Host:MTP HS::1.0:USB_HOST_1_0_RESTRICTED_HS
2026-09-14 14:59:50,965 [INFO] ThirdPartyModel:298 - Start build external matchings
2026-09-14 14:59:52,245 [INFO] ThirdPartyModel:316 - End build external matchings
2026-09-14 14:59:52,331 [INFO] ImportTextPane:234 - (OptionalMessage_ERROR) IP (RCC) : Parameter (I2SClocksFreq_Value) has invalid value (320000000)
2026-09-14 14:59:52,336 [INFO] ImportTextPane:234 - (OptionalMessage_ERROR) IP (RCC) : Parameter (RTCHSEDivFreq_Value) has invalid value (4000000)
2026-09-14 14:59:52,859 [INFO] UtilMem:75 - End LoadConfig() Used Memory: 771357528 Bytes (1073741824)
2026-09-14 14:59:53,576 [WARN] ThirdParty:833 - waiting for thirdparty lock release [change project]
2026-09-14 14:59:53,642 [INFO] ThirdParty:835 - entering critical section [change project]
2026-09-14 14:59:53,649 [INFO] ThirdParty:1030 - CMSIS Pack Vendor :STMicroelectronics X-CUBE-AZRTOS-H7 3.5.0
2026-09-14 14:59:53,649 [INFO] ThirdParty:1030 - CMSIS Pack Vendor :STMicroelectronics X-CUBE-PM33A1 1.0.0
2026-09-14 14:59:53,650 [INFO] ThirdParty:1030 - CMSIS Pack Vendor :STMicroelectronics USBPD 4.1
2026-09-14 14:59:53,650 [INFO] ThirdParty:1030 - CMSIS Pack Vendor :STMicroelectronics USB_HOST 2.0.0
2026-09-14 14:59:53,650 [INFO] ThirdParty:1030 - CMSIS Pack Vendor :STMicroelectronics FP-SNS-MOTENVWB1 1.4.0
2026-09-14 14:59:53,650 [INFO] ThirdParty:1030 - CMSIS Pack Vendor :STMicroelectronics FP-ATR-ASTRA1 2.0.3
2026-09-14 14:59:53,650 [INFO] ThirdParty:1030 - CMSIS Pack Vendor :STMicroelectronics X-CUBE-AZRTOS-F4 1.1.0
2026-09-14 14:59:53,650 [INFO] ThirdParty:1030 - CMSIS Pack Vendor :STMicroelectronics LIBJPEG 8.0.0
2026-09-14 14:59:53,650 [INFO] ThirdParty:1030 - CMSIS Pack Vendor :STMicroelectronics FP-ATR-ASTRA1 2.0.2
2026-09-14 14:59:53,650 [INFO] ThirdParty:1030 - CMSIS Pack Vendor :Avnet-IotConnect X-CUBE-IoTC-DA16k-PMOD 1.0.0
2026-09-14 14:59:53,650 [INFO] ThirdParty:1030 - CMSIS Pack Vendor :STMicroelectronics X-CUBE-SMBUS 2.1.0
2026-09-14 14:59:53,650 [INFO] ThirdParty:1030 - CMSIS Pack Vendor :STMicroelectronics X-CUBE-ISPU 2.1.0
2026-09-14 14:59:53,650 [INFO] ThirdParty:1030 - CMSIS Pack Vendor :STMicroelectronics X-CUBE-IPS 3.2.0
2026-09-14 14:59:53,650 [INFO] ThirdParty:1030 - CMSIS Pack Vendor :STMicroelectronics eDS-WB_DPC_TT-BIDIR 2.1.1
2026-09-14 14:59:53,650 [INFO] ThirdParty:1030 - CMSIS Pack Vendor :STMicroelectronics X-CUBE-ST60 1.0.0
2026-09-14 14:59:53,650 [INFO] ThirdParty:1030 - CMSIS Pack Vendor :STMicroelectronics X-CUBE-NFC12 1.0.0
2026-09-14 14:59:53,650 [INFO] ThirdParty:1030 - CMSIS Pack Vendor :STMicroelectronics X-CUBE-AZRTOS-F7 1.1.0
2026-09-14 14:59:53,650 [INFO] ThirdParty:1030 - CMSIS Pack Vendor :STMicroelectronics X-CUBE-AZRTOS-L5 2.0.0
2026-09-14 14:59:53,650 [INFO] ThirdParty:1030 - CMSIS Pack Vendor :STMicroelectronics USB_DEVICE 2.0.0
2026-09-14 14:59:53,650 [INFO] ThirdParty:1030 - CMSIS Pack Vendor :STMicroelectronics X-CUBE-FREERTOS 1.6.0
2026-09-14 14:59:53,650 [INFO] ThirdParty:1030 - CMSIS Pack Vendor :STMicroelectronics X-CUBE-NFC6 3.1.0
2026-09-14 14:59:53,650 [INFO] ThirdParty:1030 - CMSIS Pack Vendor :STMicroelectronics X-CUBE-ALGOBUILD 1.5.0
2026-09-14 14:59:53,650 [INFO] ThirdParty:1030 - CMSIS Pack Vendor :STMicroelectronics FP-SNS-MOTENV1 5.1.0
2026-09-14 14:59:53,650 [INFO] ThirdParty:1030 - CMSIS Pack Vendor :STMicroelectronics FreeRTOS 0.0.1
2026-09-14 14:59:53,650 [INFO] ThirdParty:1030 - CMSIS Pack Vendor :STMicroelectronics X-CUBE-AZRTOS-H7RS 1.3.0
2026-09-14 14:59:53,650 [INFO] ThirdParty:1030 - CMSIS Pack Vendor :STMicroelectronics eDS-WB_DPC_VIENNA 1.2.0
2026-09-14 14:59:53,650 [INFO] ThirdParty:1030 - CMSIS Pack Vendor :WES I-CUBE-Cesium 1.4.0
2026-09-14 14:59:53,650 [INFO] ThirdParty:1030 - CMSIS Pack Vendor :STMicroelectronics X-CUBE-MEMS1 13.0.0
2026-09-14 14:59:53,650 [INFO] ThirdParty:1030 - CMSIS Pack Vendor :STMicroelectronics eDS-WB_DPC_3PH2L-BIDIR 1.1.1
2026-09-14 14:59:53,650 [INFO] ThirdParty:1030 - CMSIS Pack Vendor :Infineon AIROC-Wi-Fi-Bluetooth-STM32 1.7.1
2026-09-14 14:59:53,650 [INFO] ThirdParty:1030 - CMSIS Pack Vendor :STMicroelectronics PDM2PCM 3.3.0
2026-09-14 14:59:53,650 [INFO] ThirdParty:1030 - CMSIS Pack Vendor :STMicroelectronics X-CUBE-AZRTOS-H7 3.4.0
2026-09-14 14:59:53,650 [INFO] ThirdParty:1030 - CMSIS Pack Vendor :STMicroelectronics X-CUBE-DISPLAY 3.0.0
2026-09-14 14:59:53,650 [INFO] ThirdParty:1030 - CMSIS Pack Vendor :STMicroelectronics X-CUBE-GNSS1 7.1.1
2026-09-14 14:59:53,650 [INFO] ThirdParty:1030 - CMSIS Pack Vendor :STMicroelectronics FP-SNS-MOTENVWB1 1.5.0
2026-09-14 14:59:53,650 [INFO] ThirdParty:1030 - CMSIS Pack Vendor :STMicroelectronics X-CUBE-NFC10 1.0.0
2026-09-14 14:59:53,650 [INFO] ThirdParty:1030 - CMSIS Pack Vendor :STMicroelectronics X-CUBE-FREERTOS 1.3.1
2026-09-14 14:59:53,650 [INFO] ThirdParty:1030 - CMSIS Pack Vendor :STMicroelectronics HAL Drivers 0.0.0
2026-09-14 14:59:53,651 [INFO] ThirdParty:1030 - CMSIS Pack Vendor :STMicroelectronics X-CUBE-ST60 1.1.0
2026-09-14 14:59:53,667 [INFO] ThirdParty:1030 - CMSIS Pack Vendor :emotas I-CUBE-CANOPEN 1.3.0
2026-09-14 14:59:53,670 [INFO] ThirdParty:1030 - CMSIS Pack Vendor :STMicroelectronics MBEDTLS 2.14.1
2026-09-14 14:59:53,670 [INFO] ThirdParty:1030 - CMSIS Pack Vendor :STMicroelectronics X-CUBE-TOUCHGFX 4.26.1
2026-09-14 14:59:53,670 [INFO] ThirdParty:1030 - CMSIS Pack Vendor :STMicroelectronics FP-SNS-STBOX1 2.1.0
2026-09-14 14:59:53,670 [INFO] ThirdParty:1030 - CMSIS Pack Vendor :STMicroelectronics FP-SNS-STAIOTCFT 1.0.0
2026-09-14 14:59:53,670 [INFO] ThirdParty:1030 - CMSIS Pack Vendor :STMicroelectronics FP-SNS-SMARTAG2 1.2.0
2026-09-14 14:59:53,670 [INFO] ThirdParty:1030 - CMSIS Pack Vendor :STMicroelectronics FP-SNS-FLIGHT1 5.1.0
2026-09-14 14:59:53,670 [INFO] ThirdParty:1030 - CMSIS Pack Vendor :STMicroelectronics X-CUBE-AZRTOS-WL 2.0.0
2026-09-14 14:59:53,670 [INFO] ThirdParty:1030 - CMSIS Pack Vendor :STMicroelectronics X-CUBE-DPower 1.3.0
2026-09-14 14:59:53,670 [INFO] ThirdParty:1030 - CMSIS Pack Vendor :STMicroelectronics FP-SNS-MOTENV1 5.0.0
2026-09-14 14:59:53,670 [INFO] ThirdParty:1030 - CMSIS Pack Vendor :STMicroelectronics USB_DEVICE 1.0.0
2026-09-14 14:59:53,670 [INFO] ThirdParty:1030 - CMSIS Pack Vendor :STMicroelectronics X-CUBE-AZRTOS-H7RS 1.2.0
2026-09-14 14:59:53,670 [INFO] ThirdParty:1030 - CMSIS Pack Vendor :STMicroelectronics X-CUBE-AZRTOS-L4 2.0.0
2026-09-14 14:59:53,670 [INFO] ThirdParty:1030 - CMSIS Pack Vendor :STMicroelectronics ThreadX 0.0.2
2026-09-14 14:59:53,670 [INFO] ThirdParty:1030 - CMSIS Pack Vendor :WES I-CUBE-Cesium 1.3.0
2026-09-14 14:59:53,670 [INFO] ThirdParty:1030 - CMSIS Pack Vendor :STMicroelectronics lwIP 2.1.2
2026-09-14 14:59:53,670 [INFO] ThirdParty:1030 - CMSIS Pack Vendor :STMicroelectronics X-CUBE-SFXS2LP1 4.0.0
2026-09-14 14:59:53,670 [INFO] ThirdParty:1030 - CMSIS Pack Vendor :STMicroelectronics X-CUBE-BLE2 3.3.0
2026-09-14 14:59:53,670 [INFO] ThirdParty:1030 - CMSIS Pack Vendor :Avnet-IOTCONNECT X-CUBE-iotc-st67-sdk 1.0.0
2026-09-14 14:59:53,671 [INFO] ThirdParty:1030 - CMSIS Pack Vendor :STMicroelectronics PDM2PCM 3.2.0
2026-09-14 14:59:53,671 [INFO] ThirdParty:1030 - CMSIS Pack Vendor :STMicroelectronics X-CUBE-WB05N 2.1.0
2026-09-14 14:59:53,671 [INFO] ThirdParty:1030 - CMSIS Pack Vendor :STMicroelectronics X-CUBE-NFC9 1.0.0
2026-09-14 14:59:53,671 [INFO] ThirdParty:1030 - CMSIS Pack Vendor :wolfSSL I-CUBE-wolfSSL 5.8.2
2026-09-14 14:59:53,671 [INFO] ThirdParty:1030 - CMSIS Pack Vendor :STMicroelectronics X-CUBE-BLE1 7.1.0
2026-09-14 14:59:53,671 [INFO] ThirdParty:1030 - CMSIS Pack Vendor :wolfSSL I-CUBE-wolfMQTT 1.19.2
2026-09-14 14:59:53,671 [INFO] ThirdParty:1030 - CMSIS Pack Vendor :STMicroelectronics USB_DEVICE 3.0.0
2026-09-14 14:59:53,671 [INFO] ThirdParty:1030 - CMSIS Pack Vendor :STMicroelectronics X-CUBE-EEPRMA1 5.2.0
2026-09-14 14:59:53,671 [INFO] ThirdParty:1030 - CMSIS Pack Vendor :STMicroelectronics X-CUBE-BLEMGR 4.1.0
2026-09-14 14:59:53,671 [INFO] ThirdParty:1030 - CMSIS Pack Vendor :STMicroelectronics X-CUBE-AZRTOS-WB 2.0.0
2026-09-14 14:59:53,671 [INFO] ThirdParty:1030 - CMSIS Pack Vendor :STMicroelectronics X-CUBE-GNSS1 7.0.1
2026-09-14 14:59:53,671 [INFO] ThirdParty:1030 - CMSIS Pack Vendor :STMicroelectronics X-CUBE-TOUCHGFX 4.25.0
2026-09-14 14:59:53,671 [INFO] ThirdParty:1030 - CMSIS Pack Vendor :STMicroelectronics FP-SNS-STAIOTCFT 1.1.0
2026-09-14 14:59:53,671 [INFO] ThirdParty:1030 - CMSIS Pack Vendor :quantropi X-CUBE-qispace-sdk-base 2.1.0
2026-09-14 14:59:53,671 [INFO] ThirdParty:1030 - CMSIS Pack Vendor :STMicroelectronics X-CUBE-STSE01 2.0.0
2026-09-14 14:59:53,671 [INFO] ThirdParty:1030 - CMSIS Pack Vendor :STMicroelectronics X-CUBE-AZRTOS-G0 1.1.0
2026-09-14 14:59:53,671 [INFO] ThirdParty:1030 - CMSIS Pack Vendor :STMicroelectronics X-CUBE-SAFEA1 1.2.2
2026-09-14 14:59:53,671 [INFO] ThirdParty:1030 - CMSIS Pack Vendor :STMicroelectronics X-CUBE-NFC4 3.0.0
2026-09-14 14:59:53,671 [INFO] ThirdParty:1030 - CMSIS Pack Vendor :STMicroelectronics X-CUBE-SUBG2 5.0.0
2026-09-14 14:59:53,671 [INFO] ThirdParty:1030 - CMSIS Pack Vendor :STMicroelectronics X-CUBE-AZRTOS-H7RS 1.1.0
2026-09-14 14:59:53,671 [INFO] ThirdParty:1030 - CMSIS Pack Vendor :STMicroelectronics STM32_WPAN 1.0.0
2026-09-14 14:59:53,671 [INFO] ThirdParty:1030 - CMSIS Pack Vendor :EmbeddedOffice I-CUBE-FS-RTOS 1.0.1
2026-09-14 14:59:53,671 [INFO] ThirdParty:1030 - CMSIS Pack Vendor :STMicroelectronics lwIP 2.0.3
2026-09-14 14:59:53,671 [INFO] ThirdParty:1030 - CMSIS Pack Vendor :Cesanta I-CUBE-Mongoose 7.13.0
2026-09-14 14:59:53,671 [INFO] ThirdParty:1030 - CMSIS Pack Vendor :STMicroelectronics USB_HOST 1.0.0
2026-09-14 14:59:53,671 [INFO] ThirdParty:1030 - CMSIS Pack Vendor :STMicroelectronics X-CUBE-AZRTOS-G4 2.0.0
2026-09-14 14:59:53,671 [INFO] ThirdParty:1030 - CMSIS Pack Vendor :STMicroelectronics X-CUBE-WB05N 2.0.0
2026-09-14 14:59:53,671 [INFO] ThirdParty:1030 - CMSIS Pack Vendor :STMicroelectronics PDM2PCM 3.1.0
2026-09-14 14:59:53,671 [INFO] ThirdParty:1030 - CMSIS Pack Vendor :wolfSSL I-CUBE-wolfTPM 3.8.0
2026-09-14 14:59:53,671 [INFO] ThirdParty:1030 - CMSIS Pack Vendor :wolfSSL I-CUBE-wolfSSH 1.4.20
2026-09-14 14:59:53,671 [INFO] ThirdParty:1030 - CMSIS Pack Vendor :STMicroelectronics X-CUBE-NFC7 2.0.0
2026-09-14 14:59:53,671 [INFO] ThirdParty:1030 - CMSIS Pack Vendor :STMicroelectronics X-CUBE-TCPP 4.2.0
2026-09-14 14:59:53,671 [INFO] ThirdParty:1030 - CMSIS Pack Vendor :RealThread X-CUBE-RT-Thread_Nano 4.1.1
2026-09-14 14:59:53,671 [INFO] ThirdParty:1030 - CMSIS Pack Vendor :STMicroelectronics FP-ATR-SIGFOX1 3.2.0
2026-09-14 14:59:53,671 [INFO] ThirdParty:1030 - CMSIS Pack Vendor :STMicroelectronics X-CUBE-FREERTOS 1.5.0
2026-09-14 14:59:53,671 [INFO] ThirdParty:1030 - CMSIS Pack Vendor :STMicroelectronics MBEDTLS 2.16.2
2026-09-14 14:59:53,671 [INFO] ThirdParty:1030 - CMSIS Pack Vendor :STMicroelectronics X-CUBE-IPS 3.1.0
2026-09-14 14:59:53,671 [INFO] ThirdParty:1030 - CMSIS Pack Vendor :STMicroelectronics X-CUBE-ALS 1.0.2
2026-09-14 14:59:53,671 [INFO] ThirdParty:1030 - CMSIS Pack Vendor :ITTIA_DB I-CUBE-ITTIADB 8.9.0
2026-09-14 14:59:53,671 [INFO] ThirdParty:1030 - CMSIS Pack Vendor :portGmbH I-Cube-SoM-uGOAL 1.1.0
2026-09-14 14:59:53,671 [INFO] ThirdParty:1030 - CMSIS Pack Vendor :STMicroelectronics X-CUBE-NFC6 3.2.0
2026-09-14 14:59:53,671 [INFO] ThirdParty:1030 - CMSIS Pack Vendor :STMicroelectronics X-CUBE-ST67W61 1.0.0
2026-09-14 14:59:53,671 [INFO] ThirdParty:1030 - CMSIS Pack Vendor :STMicroelectronics X-CUBE-AI 10.2.1
2026-09-14 14:59:53,671 [INFO] ThirdParty:1030 - CMSIS Pack Vendor :STMicroelectronics X-CUBE-AI 10.2.0
2026-09-14 14:59:53,671 [INFO] ThirdParty:1030 - CMSIS Pack Vendor :STMicroelectronics ThreadX 1.0.0
2026-09-14 14:59:53,671 [INFO] ThirdParty:1030 - CMSIS Pack Vendor :STMicroelectronics X-CUBE-MEMS1 12.1.0
2026-09-14 14:59:53,671 [INFO] ThirdParty:1030 - CMSIS Pack Vendor :SEGGER I-CUBE-embOS 1.3.1
2026-09-14 14:59:53,671 [INFO] ThirdParty:1030 - CMSIS Pack Vendor :STMicroelectronics X-CUBE-ALGOBUILD 1.4.0
2026-09-14 14:59:53,672 [INFO] ThirdParty:1030 - CMSIS Pack Vendor :STMicroelectronics X-CUBE-MEMS1 11.3.0
2026-09-14 14:59:53,672 [INFO] ThirdParty:1030 - CMSIS Pack Vendor :STMicroelectronics X-CUBE-TOF1 3.4.3
2026-09-14 14:59:53,672 [INFO] ThirdParty:1030 - CMSIS Pack Vendor :STMicroelectronics X-CUBE-NFC13 1.0.0
2026-09-14 14:59:53,689 [INFO] ThirdParty:841 - exiting critical section [change project]
2026-09-14 14:59:54,749 [INFO] PinOutPanel:1589 - setPackage(No Configuration,No Configuration)
2026-09-14 14:59:54,758 [INFO] PinOutPanel:1589 - setPackage(STM32F411VETx,LQFP100)
2026-09-14 14:59:55,577 [INFO] UtilMem:75 - Before build in PCC Used Memory: 888380920 Bytes (1073741824)
2026-09-14 14:59:56,200 [INFO] UtilMem:75 - After build in PCC Used Memory: 932194152 Bytes (1073741824)
2026-09-14 14:59:56,280 [INFO] IPUIPlugin:80 - create IPUIPlugin
2026-09-14 14:59:56,281 [INFO] IPUIPlugin:80 - create IPUIPlugin
2026-09-14 14:59:56,282 [INFO] IPUIPlugin:80 - create IPUIPlugin
2026-09-14 14:59:56,282 [INFO] IPUIPlugin:80 - create IPUIPlugin
2026-09-14 14:59:56,282 [INFO] IPUIPlugin:80 - create IPUIPlugin
2026-09-14 14:59:56,282 [INFO] IPUIPlugin:80 - create IPUIPlugin
2026-09-14 14:59:56,283 [INFO] IPUIPlugin:80 - create IPUIPlugin
2026-09-14 14:59:56,283 [INFO] IPUIPlugin:80 - create IPUIPlugin
2026-09-14 14:59:56,285 [INFO] IPUIPlugin:80 - create IPUIPlugin
2026-09-14 14:59:56,285 [INFO] IPUIPlugin:80 - create IPUIPlugin
2026-09-14 14:59:56,286 [INFO] IPUIPlugin:80 - create IPUIPlugin
2026-09-14 14:59:56,286 [INFO] IPUIPlugin:80 - create IPUIPlugin
2026-09-14 14:59:56,286 [INFO] IPUIPlugin:80 - create IPUIPlugin
2026-09-14 14:59:56,286 [INFO] IPUIPlugin:80 - create IPUIPlugin
2026-09-14 14:59:56,287 [INFO] IPUIPlugin:80 - create IPUIPlugin
2026-09-14 14:59:56,287 [INFO] IPUIPlugin:80 - create IPUIPlugin
2026-09-14 14:59:56,288 [INFO] IPUIPlugin:80 - create IPUIPlugin
2026-09-14 14:59:56,288 [INFO] IPUIPlugin:80 - create IPUIPlugin
2026-09-14 14:59:56,288 [INFO] IPUIPlugin:80 - create IPUIPlugin
2026-09-14 14:59:56,289 [INFO] IPUIPlugin:80 - create IPUIPlugin
2026-09-14 14:59:56,289 [INFO] IPUIPlugin:80 - create IPUIPlugin
2026-09-14 14:59:56,289 [INFO] IPUIPlugin:80 - create IPUIPlugin
2026-09-14 14:59:56,290 [INFO] IPUIPlugin:80 - create IPUIPlugin
2026-09-14 14:59:56,290 [INFO] IPUIPlugin:80 - create IPUIPlugin
2026-09-14 14:59:56,290 [INFO] IPUIPlugin:80 - create IPUIPlugin
2026-09-14 14:59:56,290 [INFO] IPUIPlugin:80 - create IPUIPlugin
2026-09-14 14:59:56,290 [INFO] IPUIPlugin:80 - create IPUIPlugin
2026-09-14 14:59:56,291 [INFO] IPUIPlugin:80 - create IPUIPlugin
2026-09-14 14:59:56,291 [INFO] IPUIPlugin:80 - create IPUIPlugin
2026-09-14 14:59:56,291 [INFO] IPUIPlugin:80 - create IPUIPlugin
2026-09-14 14:59:56,291 [INFO] IPUIPlugin:80 - create IPUIPlugin
2026-09-14 14:59:56,291 [INFO] IPUIPlugin:80 - create IPUIPlugin
2026-09-14 14:59:56,291 [INFO] IPUIPlugin:80 - create IPUIPlugin
2026-09-14 14:59:56,291 [INFO] IPUIPlugin:80 - create IPUIPlugin
2026-09-14 14:59:56,291 [INFO] IPUIPlugin:80 - create IPUIPlugin
2026-09-14 14:59:56,291 [INFO] IPUIPlugin:80 - create IPUIPlugin
2026-09-14 14:59:56,292 [INFO] IPUIPlugin:80 - create IPUIPlugin
2026-09-14 14:59:56,292 [INFO] IPUIPlugin:80 - create IPUIPlugin
2026-09-14 14:59:56,292 [INFO] IPUIPlugin:80 - create IPUIPlugin
2026-09-14 14:59:56,293 [INFO] IPUIPlugin:80 - create IPUIPlugin
2026-09-14 14:59:56,293 [INFO] IPUIPlugin:80 - create IPUIPlugin
2026-09-14 14:59:56,294 [INFO] IPUIPlugin:80 - create IPUIPlugin
2026-09-14 14:59:56,294 [INFO] IPUIPlugin:80 - create IPUIPlugin
2026-09-14 14:59:56,312 [INFO] ApiDbMcu:532 - Load IP Config File for PDM2PCM
2026-09-14 14:59:56,509 [INFO] CADModel:165 - CPN selected for project levelSTM32F411VET6
2026-09-14 14:59:56,509 [INFO] CADModel:114 - Register for checkConnection events
2026-09-14 14:59:56,568 [INFO] OpenFileManager:386 - Restore cursor
2026-09-14 15:02:40,599 [INFO] MainUpdater:2872 - connection check result : 10
2026-09-14 15:02:40,619 [INFO] MainUpdater:2872 - connection check result : 10
2026-09-14 15:02:41,415 [INFO] MicroXplorer:468 - Change Database Path : 
2026-09-14 15:02:41,416 [INFO] MicroXplorer:498 - Change Database Version : DB.6.0.150
2026-09-14 15:02:41,633 [ERROR] ProjectManagerView:395 - 
java.lang.NullPointerException: Cannot invoke "javax.swing.JTextField.getText()" because the return value of "java.util.List.get(int)" is null
	at com.st.microxplorer.plugins.projectmanager.gui.ProjectChoiceTab$9.caretUpdate(ProjectChoiceTab.java:2706) ~[filemanager.jar:?]
	at javax.swing.text.JTextComponent.fireCaretUpdate(JTextComponent.java:408) ~[?:?]
	at javax.swing.text.JTextComponent$MutableCaretEvent.fire(JTextComponent.java:4484) ~[?:?]
	at javax.swing.text.JTextComponent$MutableCaretEvent.stateChanged(JTextComponent.java:4506) ~[?:?]
	at javax.swing.text.DefaultCaret.fireStateChanged(DefaultCaret.java:857) ~[?:?]
	at javax.swing.text.DefaultCaret.changeCaretPosition(DefaultCaret.java:1343) ~[?:?]
	at javax.swing.text.DefaultCaret.handleSetDot(DefaultCaret.java:1242) ~[?:?]
	at javax.swing.text.DefaultCaret.setDot(DefaultCaret.java:1223) ~[?:?]
	at javax.swing.text.DefaultCaret$Handler.insertUpdate(DefaultCaret.java:1819) ~[?:?]
	at javax.swing.text.AbstractDocument.fireInsertUpdate(AbstractDocument.java:227) ~[?:?]
	at javax.swing.text.AbstractDocument.handleInsertString(AbstractDocument.java:781) ~[?:?]
	at javax.swing.text.AbstractDocument.insertString(AbstractDocument.java:740) ~[?:?]
	at javax.swing.text.PlainDocument.insertString(PlainDocument.java:131) ~[?:?]
	at javax.swing.text.AbstractDocument.replace(AbstractDocument.java:699) ~[?:?]
	at javax.swing.text.JTextComponent.setText(JTextComponent.java:1725) ~[?:?]
	at com.st.microxplorer.plugins.projectmanager.gui.ProjectChoiceTab.createHeapStackFields(ProjectChoiceTab.java:993) ~[filemanager.jar:?]
	at com.st.microxplorer.plugins.projectmanager.gui.ProjectChoiceTab.buildLinkSettingsPanel(ProjectChoiceTab.java:3813) ~[filemanager.jar:?]
	at com.st.microxplorer.plugins.projectmanager.gui.ProjectChoiceTab.defineWindowsFields(ProjectChoiceTab.java:1987) ~[filemanager.jar:?]
	at com.st.microxplorer.plugins.projectmanager.gui.ProjectChoiceTab.updateSettings(ProjectChoiceTab.java:558) ~[filemanager.jar:?]
	at com.st.microxplorer.plugins.projectmanager.gui.ProjectSettingsPanel.UpdateDialog(ProjectSettingsPanel.java:247) ~[filemanager.jar:?]
	at com.st.microxplorer.plugins.projectmanager.ProjectManagerView.propertyChange(ProjectManagerView.java:392) ~[filemanager.jar:?]
	at java.beans.PropertyChangeSupport.fire(PropertyChangeSupport.java:343) ~[?:?]
	at java.beans.PropertyChangeSupport.firePropertyChange(PropertyChangeSupport.java:335) ~[?:?]
	at java.beans.PropertyChangeSupport.firePropertyChange(PropertyChangeSupport.java:268) ~[?:?]
	at com.st.microxplorer.util.MXPropertyChangeSupport.firePropertyChange(MXPropertyChangeSupport.java:54) ~[STM32CubeMX.jar:?]
	at com.st.microxplorer.mxsystem.MxSystem.closeConfig(MxSystem.java:899) ~[STM32CubeMX.jar:?]
	at com.st.microxplorer.maingui.MainPanel.closeConfig(MainPanel.java:792) ~[STM32CubeMX.jar:?]
	at com.st.microxplorer.plugins.filemanager.engine.OpenFileManager.loadConfigurationFile(OpenFileManager.java:288) ~[filemanager.jar:?]
	at com.st.microxplorer.plugins.filemanager.engine.MainFileManager.userLoadConfig(MainFileManager.java:364) ~[filemanager.jar:?]
	at com.st.microxplorer.plugins.filemanager.engine.MainFileManager.userLoadConfig(MainFileManager.java:342) ~[filemanager.jar:?]
	at com.st.microxplorer.plugins.filemanager.FileManagerView.getSpecificTask(FileManagerView.java:264) ~[filemanager.jar:?]
	at com.st.stm32cube.common.mx.editor.CubeMxEditor.getMxTabbedPaneInstance(CubeMxEditor.java:1198) ~[com.st.stm32cube.common.mx_6.15.0.202507011659/:?]
	at com.st.stm32cube.common.mx.editor.CubeMxEditor$12$1.createSwingComponent(CubeMxEditor.java:1068) ~[com.st.stm32cube.common.mx_6.15.0.202507011659/:?]
	at com.st.stm32cube.common.mx.oss.core.awtswtbridge.EmbeddedSwingComposite.doComponentCreation(EmbeddedSwingComposite.java:492) ~[com.st.stm32cube.common.mx.oss_6.15.0.202507011659/:?]
	at com.st.stm32cube.common.mx.oss.core.awtswtbridge.EmbeddedSwingComposite$4.run(EmbeddedSwingComposite.java:291) ~[com.st.stm32cube.common.mx.oss_6.15.0.202507011659/:?]
	at com.st.stm32cube.common.mx.oss.core.awtswtbridge.AwtEnvironment$2.run(AwtEnvironment.java:166) ~[com.st.stm32cube.common.mx.oss_6.15.0.202507011659/:?]
	at java.awt.event.InvocationEvent.dispatch(InvocationEvent.java:318) ~[?:?]
	at java.awt.EventQueue.dispatchEventImpl(EventQueue.java:773) ~[?:?]
	at java.awt.EventQueue$4.run(EventQueue.java:720) ~[?:?]
	at java.awt.EventQueue$4.run(EventQueue.java:714) ~[?:?]
	at java.security.AccessController.doPrivileged(AccessController.java:400) ~[?:?]
	at java.security.ProtectionDomain$JavaSecurityAccessImpl.doIntersectionPrivilege(ProtectionDomain.java:87) ~[?:?]
	at java.awt.EventQueue.dispatchEvent(EventQueue.java:742) ~[?:?]
	at java.awt.EventDispatchThread.pumpOneEventForFilters(EventDispatchThread.java:203) ~[?:?]
	at java.awt.EventDispatchThread.pumpEventsForFilter(EventDispatchThread.java:124) ~[?:?]
	at java.awt.EventDispatchThread.pumpEventsForHierarchy(EventDispatchThread.java:113) ~[?:?]
	at java.awt.EventDispatchThread.pumpEvents(EventDispatchThread.java:109) ~[?:?]
	at java.awt.EventDispatchThread.pumpEvents(EventDispatchThread.java:101) ~[?:?]
	at java.awt.EventDispatchThread.run(EventDispatchThread.java:90) ~[?:?]
2026-09-14 15:02:41,644 [WARN] ThirdParty:871 - waiting for thirdparty lock release [close project]
2026-09-14 15:02:41,644 [INFO] ThirdParty:873 - entering critical section [close project]
2026-09-14 15:02:41,645 [INFO] ThirdParty:883 - exiting critical section [close project]
2026-09-14 15:02:41,653 [INFO] PinOutPanel:1589 - setPackage(No Configuration,No Configuration)
2026-09-14 15:02:41,698 [WARN] IpParametersView:155 - Warning: This peripheral hasn't parameters
2026-09-14 15:02:41,761 [WARN] MainPanel:289 - <html><b><center>Warning: This peripheral has no parameters to be configured<br></b></html>
2026-09-14 15:02:41,777 [INFO] UtilMem:75 - Begin LoadConfig() Used Memory: 854365160 Bytes (1073741824)
2026-09-14 15:02:41,780 [INFO] MicroXplorer:468 - Change Database Path : 
2026-09-14 15:02:41,780 [INFO] MicroXplorer:498 - Change Database Version : DB.6.0.150
2026-09-14 15:02:41,780 [INFO] OpenFileManager:355 - Change cursor
2026-09-14 15:02:41,828 [INFO] Mcu:2029 - Initializing MCU STM32F103C(8-B)Tx STM32F103C8Tx STM32F103C8T6
2026-09-14 15:02:42,496 [INFO] Context:786 - Trying to add GPIOservice into a context  which must be forbidden
2026-09-14 15:02:42,859 [INFO] ImportTextPane:234 - (OptionalMessage_ERROR) Pin5 (VP_RIF_VS_RIF1) cannot be retrieved for this MCU
2026-09-14 15:02:42,933 [INFO] RtosManager:558 - Registered RTOS mode: class=CMSIS, group=RTOS, mode=CMSIS_V1, owner=FREERTOS
2026-09-14 15:02:42,933 [INFO] RtosManager:558 - Registered RTOS mode: class=CMSIS, group=RTOS2, mode=CMSIS_V2, owner=FREERTOS
2026-09-14 15:02:42,933 [INFO] RtosManager:558 - Registered RTOS mode: class=RTOS, group=Core, mode=CMSIS_V1, owner=FREERTOS
2026-09-14 15:02:42,933 [INFO] RtosManager:558 - Registered RTOS mode: class=RTOS, group=Core, mode=CMSIS_V2, owner=FREERTOS
2026-09-14 15:02:42,933 [WARN] ModelIntegratedComponent:184 - Missing modes for component STMicroelectronics:FreeRTOS:0.0.1:STMicroelectronics:RTOS:FreeRTOS:Core:::10.2.0:
2026-09-14 15:02:42,986 [WARN] ModelIntegratedComponent:63 - No mode defined for component null
2026-09-14 15:02:42,986 [WARN] ModelIntegratedComponent:63 - No mode defined for component null
2026-09-14 15:02:42,986 [WARN] ModelIntegratedComponent:63 - No mode defined for component null
2026-09-14 15:02:42,986 [WARN] ModelIntegratedComponent:63 - No mode defined for component null
2026-09-14 15:02:42,986 [WARN] ModelIntegratedComponent:63 - No mode defined for component null
2026-09-14 15:02:42,986 [WARN] ModelIntegratedComponent:63 - No mode defined for component null
2026-09-14 15:02:42,986 [WARN] ModelIntegratedComponent:63 - No mode defined for component null
2026-09-14 15:02:42,986 [WARN] ModelIntegratedComponent:63 - No mode defined for component null
2026-09-14 15:02:42,986 [WARN] ModelIntegratedComponent:63 - No mode defined for component null
2026-09-14 15:02:42,986 [WARN] ModelIntegratedComponent:63 - No mode defined for component null
2026-09-14 15:02:42,986 [WARN] ModelIntegratedComponent:63 - No mode defined for component null
2026-09-14 15:02:42,986 [WARN] ModelIntegratedComponent:63 - No mode defined for component null
2026-09-14 15:02:42,986 [WARN] ModelIntegratedComponent:63 - No mode defined for component null
2026-09-14 15:02:42,986 [WARN] ModelIntegratedComponent:63 - No mode defined for component null
2026-09-14 15:02:42,986 [WARN] ModelIntegratedComponent:63 - No mode defined for component null
2026-09-14 15:02:42,986 [WARN] ModelIntegratedComponent:63 - No mode defined for component null
2026-09-14 15:02:42,986 [WARN] ModelIntegratedComponent:63 - No mode defined for component null
2026-09-14 15:02:42,986 [WARN] ModelIntegratedComponent:63 - No mode defined for component null
2026-09-14 15:02:42,986 [WARN] ModelIntegratedComponent:63 - No mode defined for component null
2026-09-14 15:02:42,986 [WARN] ModelIntegratedComponent:63 - No mode defined for component null
2026-09-14 15:02:42,986 [WARN] ModelIntegratedComponent:63 - No mode defined for component null
2026-09-14 15:02:42,987 [WARN] ModelIntegratedComponent:63 - No mode defined for component null
2026-09-14 15:02:42,987 [WARN] ModelIntegratedComponent:63 - No mode defined for component null
2026-09-14 15:02:42,987 [WARN] ModelIntegratedComponent:63 - No mode defined for component null
2026-09-14 15:02:42,987 [WARN] ModelIntegratedComponent:63 - No mode defined for component null
2026-09-14 15:02:42,987 [WARN] ModelIntegratedComponent:63 - No mode defined for component null
2026-09-14 15:02:42,987 [WARN] ModelIntegratedComponent:63 - No mode defined for component null
2026-09-14 15:02:42,987 [WARN] ModelIntegratedComponent:63 - No mode defined for component null
2026-09-14 15:02:42,987 [WARN] ModelIntegratedComponent:63 - No mode defined for component null
2026-09-14 15:02:42,987 [WARN] ModelIntegratedComponent:63 - No mode defined for component null
2026-09-14 15:02:42,987 [WARN] ModelIntegratedComponent:63 - No mode defined for component null
2026-09-14 15:02:42,987 [WARN] ModelIntegratedComponent:63 - No mode defined for component null
2026-09-14 15:02:42,987 [WARN] ModelIntegratedComponent:63 - No mode defined for component null
2026-09-14 15:02:42,987 [WARN] ModelIntegratedComponent:63 - No mode defined for component null
2026-09-14 15:02:42,987 [WARN] ModelIntegratedComponent:63 - No mode defined for component null
2026-09-14 15:02:42,987 [WARN] ModelPack:524 - Component already loaded: STMicroelectronics:HAL Drivers:0.0.0:STMicroelectronics:Device:STMicro_Driver:XSPI:HAL::0.0.1:HAL_XSPI
2026-09-14 15:02:43,149 [INFO] ThirdPartyModel:298 - Start build external matchings
2026-09-14 15:02:44,135 [INFO] ThirdPartyModel:316 - End build external matchings
2026-09-14 15:02:44,343 [INFO] UtilMem:75 - End LoadConfig() Used Memory: 992315176 Bytes (1073741824)
2026-09-14 15:02:44,423 [WARN] ThirdParty:833 - waiting for thirdparty lock release [change project]
2026-09-14 15:02:44,426 [INFO] ThirdParty:835 - entering critical section [change project]
2026-09-14 15:02:44,427 [INFO] ThirdParty:1030 - CMSIS Pack Vendor :STMicroelectronics X-CUBE-AZRTOS-H7 3.5.0
2026-09-14 15:02:44,427 [INFO] ThirdParty:1030 - CMSIS Pack Vendor :STMicroelectronics X-CUBE-PM33A1 1.0.0
2026-09-14 15:02:44,427 [INFO] ThirdParty:1030 - CMSIS Pack Vendor :STMicroelectronics USBPD 4.1
2026-09-14 15:02:44,427 [INFO] ThirdParty:1030 - CMSIS Pack Vendor :STMicroelectronics USB_HOST 2.0.0
2026-09-14 15:02:44,427 [INFO] ThirdParty:1030 - CMSIS Pack Vendor :STMicroelectronics FP-SNS-MOTENVWB1 1.4.0
2026-09-14 15:02:44,427 [INFO] ThirdParty:1030 - CMSIS Pack Vendor :STMicroelectronics FP-ATR-ASTRA1 2.0.3
2026-09-14 15:02:44,427 [INFO] ThirdParty:1030 - CMSIS Pack Vendor :STMicroelectronics X-CUBE-AZRTOS-F4 1.1.0
2026-09-14 15:02:44,427 [INFO] ThirdParty:1030 - CMSIS Pack Vendor :STMicroelectronics LIBJPEG 8.0.0
2026-09-14 15:02:44,427 [INFO] ThirdParty:1030 - CMSIS Pack Vendor :STMicroelectronics FP-ATR-ASTRA1 2.0.2
2026-09-14 15:02:44,427 [INFO] ThirdParty:1030 - CMSIS Pack Vendor :Avnet-IotConnect X-CUBE-IoTC-DA16k-PMOD 1.0.0
2026-09-14 15:02:44,427 [INFO] ThirdParty:1030 - CMSIS Pack Vendor :STMicroelectronics X-CUBE-SMBUS 2.1.0
2026-09-14 15:02:44,427 [INFO] ThirdParty:1030 - CMSIS Pack Vendor :STMicroelectronics X-CUBE-ISPU 2.1.0
2026-09-14 15:02:44,427 [INFO] ThirdParty:1030 - CMSIS Pack Vendor :STMicroelectronics X-CUBE-IPS 3.2.0
2026-09-14 15:02:44,427 [INFO] ThirdParty:1030 - CMSIS Pack Vendor :STMicroelectronics eDS-WB_DPC_TT-BIDIR 2.1.1
2026-09-14 15:02:44,427 [INFO] ThirdParty:1030 - CMSIS Pack Vendor :STMicroelectronics X-CUBE-ST60 1.0.0
2026-09-14 15:02:44,427 [INFO] ThirdParty:1030 - CMSIS Pack Vendor :STMicroelectronics X-CUBE-NFC12 1.0.0
2026-09-14 15:02:44,427 [INFO] ThirdParty:1030 - CMSIS Pack Vendor :STMicroelectronics X-CUBE-AZRTOS-F7 1.1.0
2026-09-14 15:02:44,427 [INFO] ThirdParty:1030 - CMSIS Pack Vendor :STMicroelectronics X-CUBE-AZRTOS-L5 2.0.0
2026-09-14 15:02:44,427 [INFO] ThirdParty:1030 - CMSIS Pack Vendor :STMicroelectronics USB_DEVICE 2.0.0
2026-09-14 15:02:44,427 [INFO] ThirdParty:1030 - CMSIS Pack Vendor :STMicroelectronics X-CUBE-FREERTOS 1.6.0
2026-09-14 15:02:44,428 [INFO] ThirdParty:1030 - CMSIS Pack Vendor :STMicroelectronics X-CUBE-NFC6 3.1.0
2026-09-14 15:02:44,428 [INFO] ThirdParty:1030 - CMSIS Pack Vendor :STMicroelectronics X-CUBE-ALGOBUILD 1.5.0
2026-09-14 15:02:44,428 [INFO] ThirdParty:1030 - CMSIS Pack Vendor :STMicroelectronics FP-SNS-MOTENV1 5.1.0
2026-09-14 15:02:44,428 [INFO] ThirdParty:1030 - CMSIS Pack Vendor :STMicroelectronics FreeRTOS 0.0.1
2026-09-14 15:02:44,428 [INFO] ThirdParty:1030 - CMSIS Pack Vendor :STMicroelectronics X-CUBE-AZRTOS-H7RS 1.3.0
2026-09-14 15:02:44,428 [INFO] ThirdParty:1030 - CMSIS Pack Vendor :STMicroelectronics eDS-WB_DPC_VIENNA 1.2.0
2026-09-14 15:02:44,428 [INFO] ThirdParty:1030 - CMSIS Pack Vendor :WES I-CUBE-Cesium 1.4.0
2026-09-14 15:02:44,428 [INFO] ThirdParty:1030 - CMSIS Pack Vendor :STMicroelectronics X-CUBE-MEMS1 13.0.0
2026-09-14 15:02:44,428 [INFO] ThirdParty:1030 - CMSIS Pack Vendor :STMicroelectronics eDS-WB_DPC_3PH2L-BIDIR 1.1.1
2026-09-14 15:02:44,428 [INFO] ThirdParty:1030 - CMSIS Pack Vendor :Infineon AIROC-Wi-Fi-Bluetooth-STM32 1.7.1
2026-09-14 15:02:44,428 [INFO] ThirdParty:1030 - CMSIS Pack Vendor :STMicroelectronics PDM2PCM 3.3.0
2026-09-14 15:02:44,428 [INFO] ThirdParty:1030 - CMSIS Pack Vendor :STMicroelectronics X-CUBE-AZRTOS-H7 3.4.0
2026-09-14 15:02:44,428 [INFO] ThirdParty:1030 - CMSIS Pack Vendor :STMicroelectronics X-CUBE-DISPLAY 3.0.0
2026-09-14 15:02:44,428 [INFO] ThirdParty:1030 - CMSIS Pack Vendor :STMicroelectronics X-CUBE-GNSS1 7.1.1
2026-09-14 15:02:44,428 [INFO] ThirdParty:1030 - CMSIS Pack Vendor :STMicroelectronics FP-SNS-MOTENVWB1 1.5.0
2026-09-14 15:02:44,428 [INFO] ThirdParty:1030 - CMSIS Pack Vendor :STMicroelectronics X-CUBE-NFC10 1.0.0
2026-09-14 15:02:44,428 [INFO] ThirdParty:1030 - CMSIS Pack Vendor :STMicroelectronics X-CUBE-FREERTOS 1.3.1
2026-09-14 15:02:44,428 [INFO] ThirdParty:1030 - CMSIS Pack Vendor :STMicroelectronics HAL Drivers 0.0.0
2026-09-14 15:02:44,428 [INFO] ThirdParty:1030 - CMSIS Pack Vendor :STMicroelectronics X-CUBE-ST60 1.1.0
2026-09-14 15:02:44,428 [INFO] ThirdParty:1030 - CMSIS Pack Vendor :emotas I-CUBE-CANOPEN 1.3.0
2026-09-14 15:02:44,428 [INFO] ThirdParty:1030 - CMSIS Pack Vendor :STMicroelectronics MBEDTLS 2.14.1
2026-09-14 15:02:44,428 [INFO] ThirdParty:1030 - CMSIS Pack Vendor :STMicroelectronics X-CUBE-TOUCHGFX 4.26.1
2026-09-14 15:02:44,428 [INFO] ThirdParty:1030 - CMSIS Pack Vendor :STMicroelectronics FP-SNS-STBOX1 2.1.0
2026-09-14 15:02:44,428 [INFO] ThirdParty:1030 - CMSIS Pack Vendor :STMicroelectronics FP-SNS-STAIOTCFT 1.0.0
2026-09-14 15:02:44,428 [INFO] ThirdParty:1030 - CMSIS Pack Vendor :STMicroelectronics FP-SNS-SMARTAG2 1.2.0
2026-09-14 15:02:44,428 [INFO] ThirdParty:1030 - CMSIS Pack Vendor :STMicroelectronics FP-SNS-FLIGHT1 5.1.0
2026-09-14 15:02:44,428 [INFO] ThirdParty:1030 - CMSIS Pack Vendor :STMicroelectronics X-CUBE-AZRTOS-WL 2.0.0
2026-09-14 15:02:44,428 [INFO] ThirdParty:1030 - CMSIS Pack Vendor :STMicroelectronics X-CUBE-DPower 1.3.0
2026-09-14 15:02:44,428 [INFO] ThirdParty:1030 - CMSIS Pack Vendor :STMicroelectronics FP-SNS-MOTENV1 5.0.0
2026-09-14 15:02:44,428 [INFO] ThirdParty:1030 - CMSIS Pack Vendor :STMicroelectronics USB_DEVICE 1.0.0
2026-09-14 15:02:44,428 [INFO] ThirdParty:1030 - CMSIS Pack Vendor :STMicroelectronics X-CUBE-AZRTOS-H7RS 1.2.0
2026-09-14 15:02:44,428 [INFO] ThirdParty:1030 - CMSIS Pack Vendor :STMicroelectronics X-CUBE-AZRTOS-L4 2.0.0
2026-09-14 15:02:44,428 [INFO] ThirdParty:1030 - CMSIS Pack Vendor :STMicroelectronics ThreadX 0.0.2
2026-09-14 15:02:44,428 [INFO] ThirdParty:1030 - CMSIS Pack Vendor :WES I-CUBE-Cesium 1.3.0
2026-09-14 15:02:44,428 [INFO] ThirdParty:1030 - CMSIS Pack Vendor :STMicroelectronics lwIP 2.1.2
2026-09-14 15:02:44,428 [INFO] ThirdParty:1030 - CMSIS Pack Vendor :STMicroelectronics X-CUBE-SFXS2LP1 4.0.0
2026-09-14 15:02:44,428 [INFO] ThirdParty:1030 - CMSIS Pack Vendor :STMicroelectronics X-CUBE-BLE2 3.3.0
2026-09-14 15:02:44,429 [INFO] ThirdParty:1030 - CMSIS Pack Vendor :Avnet-IOTCONNECT X-CUBE-iotc-st67-sdk 1.0.0
2026-09-14 15:02:44,429 [INFO] ThirdParty:1030 - CMSIS Pack Vendor :STMicroelectronics PDM2PCM 3.2.0
2026-09-14 15:02:44,429 [INFO] ThirdParty:1030 - CMSIS Pack Vendor :STMicroelectronics X-CUBE-WB05N 2.1.0
2026-09-14 15:02:44,429 [INFO] ThirdParty:1030 - CMSIS Pack Vendor :STMicroelectronics X-CUBE-NFC9 1.0.0
2026-09-14 15:02:44,429 [INFO] ThirdParty:1030 - CMSIS Pack Vendor :wolfSSL I-CUBE-wolfSSL 5.8.2
2026-09-14 15:02:44,429 [INFO] ThirdParty:1030 - CMSIS Pack Vendor :STMicroelectronics X-CUBE-BLE1 7.1.0
2026-09-14 15:02:44,429 [INFO] ThirdParty:1030 - CMSIS Pack Vendor :wolfSSL I-CUBE-wolfMQTT 1.19.2
2026-09-14 15:02:44,429 [INFO] ThirdParty:1030 - CMSIS Pack Vendor :STMicroelectronics USB_DEVICE 3.0.0
2026-09-14 15:02:44,429 [INFO] ThirdParty:1030 - CMSIS Pack Vendor :STMicroelectronics X-CUBE-EEPRMA1 5.2.0
2026-09-14 15:02:44,429 [INFO] ThirdParty:1030 - CMSIS Pack Vendor :STMicroelectronics X-CUBE-BLEMGR 4.1.0
2026-09-14 15:02:44,429 [INFO] ThirdParty:1030 - CMSIS Pack Vendor :STMicroelectronics X-CUBE-AZRTOS-WB 2.0.0
2026-09-14 15:02:44,429 [INFO] ThirdParty:1030 - CMSIS Pack Vendor :STMicroelectronics X-CUBE-GNSS1 7.0.1
2026-09-14 15:02:44,429 [INFO] ThirdParty:1030 - CMSIS Pack Vendor :STMicroelectronics X-CUBE-TOUCHGFX 4.25.0
2026-09-14 15:02:44,429 [INFO] ThirdParty:1030 - CMSIS Pack Vendor :STMicroelectronics FP-SNS-STAIOTCFT 1.1.0
2026-09-14 15:02:44,429 [INFO] ThirdParty:1030 - CMSIS Pack Vendor :quantropi X-CUBE-qispace-sdk-base 2.1.0
2026-09-14 15:02:44,429 [INFO] ThirdParty:1030 - CMSIS Pack Vendor :STMicroelectronics X-CUBE-STSE01 2.0.0
2026-09-14 15:02:44,429 [INFO] ThirdParty:1030 - CMSIS Pack Vendor :STMicroelectronics X-CUBE-AZRTOS-G0 1.1.0
2026-09-14 15:02:44,429 [INFO] ThirdParty:1030 - CMSIS Pack Vendor :STMicroelectronics X-CUBE-SAFEA1 1.2.2
2026-09-14 15:02:44,429 [INFO] ThirdParty:1030 - CMSIS Pack Vendor :STMicroelectronics X-CUBE-NFC4 3.0.0
2026-09-14 15:02:44,429 [INFO] ThirdParty:1030 - CMSIS Pack Vendor :STMicroelectronics X-CUBE-SUBG2 5.0.0
2026-09-14 15:02:44,429 [INFO] ThirdParty:1030 - CMSIS Pack Vendor :STMicroelectronics X-CUBE-AZRTOS-H7RS 1.1.0
2026-09-14 15:02:44,429 [INFO] ThirdParty:1030 - CMSIS Pack Vendor :STMicroelectronics STM32_WPAN 1.0.0
2026-09-14 15:02:44,429 [INFO] ThirdParty:1030 - CMSIS Pack Vendor :EmbeddedOffice I-CUBE-FS-RTOS 1.0.1
2026-09-14 15:02:44,429 [INFO] ThirdParty:1030 - CMSIS Pack Vendor :STMicroelectronics lwIP 2.0.3
2026-09-14 15:02:44,429 [INFO] ThirdParty:1030 - CMSIS Pack Vendor :Cesanta I-CUBE-Mongoose 7.13.0
2026-09-14 15:02:44,429 [INFO] ThirdParty:1030 - CMSIS Pack Vendor :STMicroelectronics USB_HOST 1.0.0
2026-09-14 15:02:44,429 [INFO] ThirdParty:1030 - CMSIS Pack Vendor :STMicroelectronics X-CUBE-AZRTOS-G4 2.0.0
2026-09-14 15:02:44,429 [INFO] ThirdParty:1030 - CMSIS Pack Vendor :STMicroelectronics X-CUBE-WB05N 2.0.0
2026-09-14 15:02:44,429 [INFO] ThirdParty:1030 - CMSIS Pack Vendor :STMicroelectronics PDM2PCM 3.1.0
2026-09-14 15:02:44,429 [INFO] ThirdParty:1030 - CMSIS Pack Vendor :wolfSSL I-CUBE-wolfTPM 3.8.0
2026-09-14 15:02:44,429 [INFO] ThirdParty:1030 - CMSIS Pack Vendor :wolfSSL I-CUBE-wolfSSH 1.4.20
2026-09-14 15:02:44,429 [INFO] ThirdParty:1030 - CMSIS Pack Vendor :STMicroelectronics X-CUBE-NFC7 2.0.0
2026-09-14 15:02:44,429 [INFO] ThirdParty:1030 - CMSIS Pack Vendor :STMicroelectronics X-CUBE-TCPP 4.2.0
2026-09-14 15:02:44,429 [INFO] ThirdParty:1030 - CMSIS Pack Vendor :RealThread X-CUBE-RT-Thread_Nano 4.1.1
2026-09-14 15:02:44,429 [INFO] ThirdParty:1030 - CMSIS Pack Vendor :STMicroelectronics FP-ATR-SIGFOX1 3.2.0
2026-09-14 15:02:44,429 [INFO] ThirdParty:1030 - CMSIS Pack Vendor :STMicroelectronics X-CUBE-FREERTOS 1.5.0
2026-09-14 15:02:44,429 [INFO] ThirdParty:1030 - CMSIS Pack Vendor :STMicroelectronics MBEDTLS 2.16.2
2026-09-14 15:02:44,429 [INFO] ThirdParty:1030 - CMSIS Pack Vendor :STMicroelectronics X-CUBE-IPS 3.1.0
2026-09-14 15:02:44,429 [INFO] ThirdParty:1030 - CMSIS Pack Vendor :STMicroelectronics X-CUBE-ALS 1.0.2
2026-09-14 15:02:44,430 [INFO] ThirdParty:1030 - CMSIS Pack Vendor :ITTIA_DB I-CUBE-ITTIADB 8.9.0
2026-09-14 15:02:44,430 [INFO] ThirdParty:1030 - CMSIS Pack Vendor :portGmbH I-Cube-SoM-uGOAL 1.1.0
2026-09-14 15:02:44,430 [INFO] ThirdParty:1030 - CMSIS Pack Vendor :STMicroelectronics X-CUBE-NFC6 3.2.0
2026-09-14 15:02:44,430 [INFO] ThirdParty:1030 - CMSIS Pack Vendor :STMicroelectronics X-CUBE-ST67W61 1.0.0
2026-09-14 15:02:44,430 [INFO] ThirdParty:1030 - CMSIS Pack Vendor :STMicroelectronics X-CUBE-AI 10.2.1
2026-09-14 15:02:44,430 [INFO] ThirdParty:1030 - CMSIS Pack Vendor :STMicroelectronics X-CUBE-AI 10.2.0
2026-09-14 15:02:44,430 [INFO] ThirdParty:1030 - CMSIS Pack Vendor :STMicroelectronics ThreadX 1.0.0
2026-09-14 15:02:44,430 [INFO] ThirdParty:1030 - CMSIS Pack Vendor :STMicroelectronics X-CUBE-MEMS1 12.1.0
2026-09-14 15:02:44,430 [INFO] ThirdParty:1030 - CMSIS Pack Vendor :SEGGER I-CUBE-embOS 1.3.1
2026-09-14 15:02:44,430 [INFO] ThirdParty:1030 - CMSIS Pack Vendor :STMicroelectronics X-CUBE-ALGOBUILD 1.4.0
2026-09-14 15:02:44,430 [INFO] ThirdParty:1030 - CMSIS Pack Vendor :STMicroelectronics X-CUBE-MEMS1 11.3.0
2026-09-14 15:02:44,430 [INFO] ThirdParty:1030 - CMSIS Pack Vendor :STMicroelectronics X-CUBE-TOF1 3.4.3
2026-09-14 15:02:44,430 [INFO] ThirdParty:1030 - CMSIS Pack Vendor :STMicroelectronics X-CUBE-NFC13 1.0.0
2026-09-14 15:02:44,430 [INFO] ThirdParty:841 - exiting critical section [change project]
2026-09-14 15:02:45,287 [INFO] PinOutPanel:1589 - setPackage(No Configuration,No Configuration)
2026-09-14 15:02:45,318 [INFO] PinOutPanel:1589 - setPackage(STM32F103C8Tx,LQFP48)
2026-09-14 15:02:46,576 [INFO] UtilMem:75 - Before build in PCC Used Memory: 795097000 Bytes (1073741824)
2026-09-14 15:02:47,160 [INFO] UtilMem:75 - After build in PCC Used Memory: 837207064 Bytes (1073741824)
2026-09-14 15:02:47,237 [INFO] IPUIPlugin:80 - create IPUIPlugin
2026-09-14 15:02:47,237 [INFO] IPUIPlugin:80 - create IPUIPlugin
2026-09-14 15:02:47,246 [INFO] IPUIPlugin:80 - create IPUIPlugin
2026-09-14 15:02:47,247 [INFO] IPUIPlugin:80 - create IPUIPlugin
2026-09-14 15:02:47,247 [INFO] IPUIPlugin:80 - create IPUIPlugin
2026-09-14 15:02:47,247 [INFO] IPUIPlugin:80 - create IPUIPlugin
2026-09-14 15:02:47,248 [INFO] IPUIPlugin:80 - create IPUIPlugin
2026-09-14 15:02:47,248 [INFO] IPUIPlugin:80 - create IPUIPlugin
2026-09-14 15:02:47,248 [INFO] IPUIPlugin:80 - create IPUIPlugin
2026-09-14 15:02:47,248 [INFO] IPUIPlugin:80 - create IPUIPlugin
2026-09-14 15:02:47,249 [INFO] IPUIPlugin:80 - create IPUIPlugin
2026-09-14 15:02:47,249 [INFO] IPUIPlugin:80 - create IPUIPlugin
2026-09-14 15:02:47,249 [INFO] IPUIPlugin:80 - create IPUIPlugin
2026-09-14 15:02:47,249 [INFO] IPUIPlugin:80 - create IPUIPlugin
2026-09-14 15:02:47,250 [INFO] IPUIPlugin:80 - create IPUIPlugin
2026-09-14 15:02:47,250 [INFO] IPUIPlugin:80 - create IPUIPlugin
2026-09-14 15:02:47,250 [INFO] IPUIPlugin:80 - create IPUIPlugin
2026-09-14 15:02:47,250 [INFO] IPUIPlugin:80 - create IPUIPlugin
2026-09-14 15:02:47,250 [INFO] IPUIPlugin:80 - create IPUIPlugin
2026-09-14 15:02:47,250 [INFO] IPUIPlugin:80 - create IPUIPlugin
2026-09-14 15:02:47,250 [INFO] IPUIPlugin:80 - create IPUIPlugin
2026-09-14 15:02:47,250 [INFO] IPUIPlugin:80 - create IPUIPlugin
2026-09-14 15:02:47,251 [INFO] IPUIPlugin:80 - create IPUIPlugin
2026-09-14 15:02:47,251 [INFO] IPUIPlugin:80 - create IPUIPlugin
2026-09-14 15:02:47,251 [INFO] IPUIPlugin:80 - create IPUIPlugin
2026-09-14 15:02:47,251 [INFO] IPUIPlugin:80 - create IPUIPlugin
2026-09-14 15:02:47,251 [INFO] IPUIPlugin:80 - create IPUIPlugin
2026-09-14 15:02:47,265 [INFO] Can:71 - Can Add PropertyChangeListener com.st.microxplorer.plugins.ip.can.Can@38e4a2e1
2026-09-14 15:02:47,395 [INFO] CADModel:165 - CPN selected for project levelSTM32F103C8T6
2026-09-14 15:02:47,395 [INFO] CADModel:114 - Register for checkConnection events
2026-09-14 15:02:47,460 [INFO] OpenFileManager:386 - Restore cursor
2026-09-14 15:59:59,826 [INFO] NvicIntPanel:101 - NVIC parent = com.st.microxplorer.plugins.ip.nvic.MultiNvicIntPanel[,0,0,637x328,layout=javax.swing.BoxLayout,alignmentX=0.0,alignmentY=0.0,border=,flags=9,maximumSize=,minimumSize=,preferredSize=]
2026-09-14 16:00:20,810 [INFO] MainUpdater:2872 - connection check result : 10
2026-09-14 16:00:20,815 [INFO] MainUpdater:2872 - connection check result : 10
2026-09-14 16:00:21,491 [INFO] MicroXplorer:468 - Change Database Path : 
2026-09-14 16:00:21,491 [INFO] MicroXplorer:498 - Change Database Version : DB.6.0.150
2026-09-14 16:00:21,629 [ERROR] ProjectManagerView:395 - 
java.lang.NullPointerException: Cannot invoke "javax.swing.JTextField.getText()" because the return value of "java.util.List.get(int)" is null
	at com.st.microxplorer.plugins.projectmanager.gui.ProjectChoiceTab$9.caretUpdate(ProjectChoiceTab.java:2706) ~[filemanager.jar:?]
	at javax.swing.text.JTextComponent.fireCaretUpdate(JTextComponent.java:408) ~[?:?]
	at javax.swing.text.JTextComponent$MutableCaretEvent.fire(JTextComponent.java:4484) ~[?:?]
	at javax.swing.text.JTextComponent$MutableCaretEvent.stateChanged(JTextComponent.java:4506) ~[?:?]
	at javax.swing.text.DefaultCaret.fireStateChanged(DefaultCaret.java:857) ~[?:?]
	at javax.swing.text.DefaultCaret.changeCaretPosition(DefaultCaret.java:1343) ~[?:?]
	at javax.swing.text.DefaultCaret.handleSetDot(DefaultCaret.java:1242) ~[?:?]
	at javax.swing.text.DefaultCaret.setDot(DefaultCaret.java:1223) ~[?:?]
	at javax.swing.text.DefaultCaret$Handler.insertUpdate(DefaultCaret.java:1819) ~[?:?]
	at javax.swing.text.AbstractDocument.fireInsertUpdate(AbstractDocument.java:227) ~[?:?]
	at javax.swing.text.AbstractDocument.handleInsertString(AbstractDocument.java:781) ~[?:?]
	at javax.swing.text.AbstractDocument.insertString(AbstractDocument.java:740) ~[?:?]
	at javax.swing.text.PlainDocument.insertString(PlainDocument.java:131) ~[?:?]
	at javax.swing.text.AbstractDocument.replace(AbstractDocument.java:699) ~[?:?]
	at javax.swing.text.JTextComponent.setText(JTextComponent.java:1725) ~[?:?]
	at com.st.microxplorer.plugins.projectmanager.gui.ProjectChoiceTab.createHeapStackFields(ProjectChoiceTab.java:993) ~[filemanager.jar:?]
	at com.st.microxplorer.plugins.projectmanager.gui.ProjectChoiceTab.buildLinkSettingsPanel(ProjectChoiceTab.java:3813) ~[filemanager.jar:?]
	at com.st.microxplorer.plugins.projectmanager.gui.ProjectChoiceTab.defineWindowsFields(ProjectChoiceTab.java:1987) ~[filemanager.jar:?]
	at com.st.microxplorer.plugins.projectmanager.gui.ProjectChoiceTab.updateSettings(ProjectChoiceTab.java:558) ~[filemanager.jar:?]
	at com.st.microxplorer.plugins.projectmanager.gui.ProjectSettingsPanel.UpdateDialog(ProjectSettingsPanel.java:247) ~[filemanager.jar:?]
	at com.st.microxplorer.plugins.projectmanager.ProjectManagerView.propertyChange(ProjectManagerView.java:392) ~[filemanager.jar:?]
	at java.beans.PropertyChangeSupport.fire(PropertyChangeSupport.java:343) ~[?:?]
	at java.beans.PropertyChangeSupport.firePropertyChange(PropertyChangeSupport.java:335) ~[?:?]
	at java.beans.PropertyChangeSupport.firePropertyChange(PropertyChangeSupport.java:268) ~[?:?]
	at com.st.microxplorer.util.MXPropertyChangeSupport.firePropertyChange(MXPropertyChangeSupport.java:54) ~[STM32CubeMX.jar:?]
	at com.st.microxplorer.mxsystem.MxSystem.closeConfig(MxSystem.java:899) ~[STM32CubeMX.jar:?]
	at com.st.microxplorer.maingui.MainPanel.closeConfig(MainPanel.java:792) ~[STM32CubeMX.jar:?]
	at com.st.microxplorer.plugins.filemanager.engine.OpenFileManager.loadConfigurationFile(OpenFileManager.java:288) ~[filemanager.jar:?]
	at com.st.microxplorer.plugins.filemanager.engine.MainFileManager.userLoadConfig(MainFileManager.java:364) ~[filemanager.jar:?]
	at com.st.microxplorer.plugins.filemanager.engine.MainFileManager.userLoadConfig(MainFileManager.java:342) ~[filemanager.jar:?]
	at com.st.microxplorer.plugins.filemanager.FileManagerView.getSpecificTask(FileManagerView.java:264) ~[filemanager.jar:?]
	at com.st.stm32cube.common.mx.editor.CubeMxEditor.getMxTabbedPaneInstance(CubeMxEditor.java:1198) ~[com.st.stm32cube.common.mx_6.15.0.202507011659/:?]
	at com.st.stm32cube.common.mx.editor.CubeMxEditor$12$1.createSwingComponent(CubeMxEditor.java:1068) ~[com.st.stm32cube.common.mx_6.15.0.202507011659/:?]
	at com.st.stm32cube.common.mx.oss.core.awtswtbridge.EmbeddedSwingComposite.doComponentCreation(EmbeddedSwingComposite.java:492) ~[com.st.stm32cube.common.mx.oss_6.15.0.202507011659/:?]
	at com.st.stm32cube.common.mx.oss.core.awtswtbridge.EmbeddedSwingComposite$4.run(EmbeddedSwingComposite.java:291) ~[com.st.stm32cube.common.mx.oss_6.15.0.202507011659/:?]
	at com.st.stm32cube.common.mx.oss.core.awtswtbridge.AwtEnvironment$2.run(AwtEnvironment.java:166) ~[com.st.stm32cube.common.mx.oss_6.15.0.202507011659/:?]
	at java.awt.event.InvocationEvent.dispatch(InvocationEvent.java:318) ~[?:?]
	at java.awt.EventQueue.dispatchEventImpl(EventQueue.java:773) ~[?:?]
	at java.awt.EventQueue$4.run(EventQueue.java:720) ~[?:?]
	at java.awt.EventQueue$4.run(EventQueue.java:714) ~[?:?]
	at java.security.AccessController.doPrivileged(AccessController.java:400) ~[?:?]
	at java.security.ProtectionDomain$JavaSecurityAccessImpl.doIntersectionPrivilege(ProtectionDomain.java:87) ~[?:?]
	at java.awt.EventQueue.dispatchEvent(EventQueue.java:742) ~[?:?]
	at java.awt.EventDispatchThread.pumpOneEventForFilters(EventDispatchThread.java:203) ~[?:?]
	at java.awt.EventDispatchThread.pumpEventsForFilter(EventDispatchThread.java:124) ~[?:?]
	at java.awt.EventDispatchThread.pumpEventsForHierarchy(EventDispatchThread.java:113) ~[?:?]
	at java.awt.EventDispatchThread.pumpEvents(EventDispatchThread.java:109) ~[?:?]
	at java.awt.EventDispatchThread.pumpEvents(EventDispatchThread.java:101) ~[?:?]
	at java.awt.EventDispatchThread.run(EventDispatchThread.java:90) ~[?:?]
2026-09-14 16:00:21,633 [WARN] ThirdParty:871 - waiting for thirdparty lock release [close project]
2026-09-14 16:00:21,633 [INFO] ThirdParty:873 - entering critical section [close project]
2026-09-14 16:00:21,634 [INFO] ThirdParty:883 - exiting critical section [close project]
2026-09-14 16:00:21,638 [INFO] PinOutPanel:1589 - setPackage(No Configuration,No Configuration)
2026-09-14 16:00:21,647 [INFO] UtilMem:75 - Begin LoadConfig() Used Memory: 942951816 Bytes (1073741824)
2026-09-14 16:00:21,649 [INFO] MicroXplorer:468 - Change Database Path : 
2026-09-14 16:00:21,649 [INFO] MicroXplorer:498 - Change Database Version : DB.6.0.150
2026-09-14 16:00:21,649 [INFO] OpenFileManager:355 - Change cursor
2026-09-14 16:00:21,706 [INFO] Mcu:2029 - Initializing MCU STM32F103C(8-B)Tx STM32F103C8Tx STM32F103C8T6
2026-09-14 16:00:22,606 [INFO] Context:786 - Trying to add GPIOservice into a context  which must be forbidden
2026-09-14 16:00:23,486 [INFO] ImportTextPane:234 - (OptionalMessage_ERROR) Pin9 (VP_RIF_VS_RIF1) cannot be retrieved for this MCU
2026-09-14 16:00:23,794 [INFO] RtosManager:558 - Registered RTOS mode: class=CMSIS, group=RTOS, mode=CMSIS_V1, owner=FREERTOS
2026-09-14 16:00:23,804 [INFO] RtosManager:558 - Registered RTOS mode: class=CMSIS, group=RTOS2, mode=CMSIS_V2, owner=FREERTOS
2026-09-14 16:00:23,805 [INFO] RtosManager:558 - Registered RTOS mode: class=RTOS, group=Core, mode=CMSIS_V1, owner=FREERTOS
2026-09-14 16:00:23,805 [INFO] RtosManager:558 - Registered RTOS mode: class=RTOS, group=Core, mode=CMSIS_V2, owner=FREERTOS
2026-09-14 16:00:23,805 [WARN] ModelIntegratedComponent:184 - Missing modes for component STMicroelectronics:FreeRTOS:0.0.1:STMicroelectronics:RTOS:FreeRTOS:Core:::10.2.0:
2026-09-14 16:00:24,497 [WARN] ModelIntegratedComponent:63 - No mode defined for component null
2026-09-14 16:00:24,519 [WARN] ModelIntegratedComponent:63 - No mode defined for component null
2026-09-14 16:00:24,525 [WARN] ModelIntegratedComponent:63 - No mode defined for component null
2026-09-14 16:00:24,525 [WARN] ModelIntegratedComponent:63 - No mode defined for component null
2026-09-14 16:00:24,525 [WARN] ModelIntegratedComponent:63 - No mode defined for component null
2026-09-14 16:00:24,525 [WARN] ModelIntegratedComponent:63 - No mode defined for component null
2026-09-14 16:00:24,525 [WARN] ModelIntegratedComponent:63 - No mode defined for component null
2026-09-14 16:00:24,525 [WARN] ModelIntegratedComponent:63 - No mode defined for component null
2026-09-14 16:00:24,525 [WARN] ModelIntegratedComponent:63 - No mode defined for component null
2026-09-14 16:00:24,525 [WARN] ModelIntegratedComponent:63 - No mode defined for component null
2026-09-14 16:00:24,525 [WARN] ModelIntegratedComponent:63 - No mode defined for component null
2026-09-14 16:00:24,525 [WARN] ModelIntegratedComponent:63 - No mode defined for component null
2026-09-14 16:00:24,525 [WARN] ModelIntegratedComponent:63 - No mode defined for component null
2026-09-14 16:00:24,525 [WARN] ModelIntegratedComponent:63 - No mode defined for component null
2026-09-14 16:00:24,525 [WARN] ModelIntegratedComponent:63 - No mode defined for component null
2026-09-14 16:00:24,525 [WARN] ModelIntegratedComponent:63 - No mode defined for component null
2026-09-14 16:00:24,525 [WARN] ModelIntegratedComponent:63 - No mode defined for component null
2026-09-14 16:00:24,525 [WARN] ModelIntegratedComponent:63 - No mode defined for component null
2026-09-14 16:00:24,525 [WARN] ModelIntegratedComponent:63 - No mode defined for component null
2026-09-14 16:00:24,525 [WARN] ModelIntegratedComponent:63 - No mode defined for component null
2026-09-14 16:00:24,525 [WARN] ModelIntegratedComponent:63 - No mode defined for component null
2026-09-14 16:00:24,525 [WARN] ModelIntegratedComponent:63 - No mode defined for component null
2026-09-14 16:00:24,525 [WARN] ModelIntegratedComponent:63 - No mode defined for component null
2026-09-14 16:00:24,525 [WARN] ModelIntegratedComponent:63 - No mode defined for component null
2026-09-14 16:00:24,525 [WARN] ModelIntegratedComponent:63 - No mode defined for component null
2026-09-14 16:00:24,525 [WARN] ModelIntegratedComponent:63 - No mode defined for component null
2026-09-14 16:00:24,525 [WARN] ModelIntegratedComponent:63 - No mode defined for component null
2026-09-14 16:00:24,525 [WARN] ModelIntegratedComponent:63 - No mode defined for component null
2026-09-14 16:00:24,525 [WARN] ModelIntegratedComponent:63 - No mode defined for component null
2026-09-14 16:00:24,525 [WARN] ModelIntegratedComponent:63 - No mode defined for component null
2026-09-14 16:00:24,526 [WARN] ModelIntegratedComponent:63 - No mode defined for component null
2026-09-14 16:00:24,526 [WARN] ModelIntegratedComponent:63 - No mode defined for component null
2026-09-14 16:00:24,526 [WARN] ModelIntegratedComponent:63 - No mode defined for component null
2026-09-14 16:00:24,526 [WARN] ModelIntegratedComponent:63 - No mode defined for component null
2026-09-14 16:00:24,526 [WARN] ModelIntegratedComponent:63 - No mode defined for component null
2026-09-14 16:00:24,526 [WARN] ModelPack:524 - Component already loaded: STMicroelectronics:HAL Drivers:0.0.0:STMicroelectronics:Device:STMicro_Driver:XSPI:HAL::0.0.1:HAL_XSPI
2026-09-14 16:00:24,727 [INFO] ThirdPartyModel:298 - Start build external matchings
2026-09-14 16:00:25,656 [INFO] ThirdPartyModel:316 - End build external matchings
2026-09-14 16:00:25,792 [INFO] ImportTextPane:234 - (OptionalMessage_ERROR) IP (RCC) : Parameter (ADCFreqValue) has invalid value (36000000)
2026-09-14 16:00:25,851 [INFO] ImportTextPane:234 - (OptionalMessage_ERROR) IP (RCC) : Invalid parameter (FamilyName)
2026-09-14 16:00:25,853 [INFO] ImportTextPane:234 - (OptionalMessage_ERROR) IP (RCC) : Parameter (MCOFreq_Value) has invalid value (72000000)
2026-09-14 16:00:25,905 [INFO] ImportTextPane:234 - (OptionalMessage_ERROR) IP (RCC) : Parameter (USBFreq_Value) has invalid value (72000000)
2026-09-14 16:00:26,220 [INFO] UtilMem:75 - End LoadConfig() Used Memory: 878424656 Bytes (1073741824)
2026-09-14 16:00:26,622 [WARN] ThirdParty:833 - waiting for thirdparty lock release [change project]
2026-09-14 16:00:26,645 [INFO] ThirdParty:835 - entering critical section [change project]
2026-09-14 16:00:26,646 [INFO] ThirdParty:1030 - CMSIS Pack Vendor :STMicroelectronics X-CUBE-AZRTOS-H7 3.5.0
2026-09-14 16:00:26,646 [INFO] ThirdParty:1030 - CMSIS Pack Vendor :STMicroelectronics X-CUBE-PM33A1 1.0.0
2026-09-14 16:00:26,646 [INFO] ThirdParty:1030 - CMSIS Pack Vendor :STMicroelectronics USBPD 4.1
2026-09-14 16:00:26,646 [INFO] ThirdParty:1030 - CMSIS Pack Vendor :STMicroelectronics USB_HOST 2.0.0
2026-09-14 16:00:26,646 [INFO] ThirdParty:1030 - CMSIS Pack Vendor :STMicroelectronics FP-SNS-MOTENVWB1 1.4.0
2026-09-14 16:00:26,646 [INFO] ThirdParty:1030 - CMSIS Pack Vendor :STMicroelectronics FP-ATR-ASTRA1 2.0.3
2026-09-14 16:00:26,646 [INFO] ThirdParty:1030 - CMSIS Pack Vendor :STMicroelectronics X-CUBE-AZRTOS-F4 1.1.0
2026-09-14 16:00:26,646 [INFO] ThirdParty:1030 - CMSIS Pack Vendor :STMicroelectronics LIBJPEG 8.0.0
2026-09-14 16:00:26,646 [INFO] ThirdParty:1030 - CMSIS Pack Vendor :STMicroelectronics FP-ATR-ASTRA1 2.0.2
2026-09-14 16:00:26,646 [INFO] ThirdParty:1030 - CMSIS Pack Vendor :Avnet-IotConnect X-CUBE-IoTC-DA16k-PMOD 1.0.0
2026-09-14 16:00:26,646 [INFO] ThirdParty:1030 - CMSIS Pack Vendor :STMicroelectronics X-CUBE-SMBUS 2.1.0
2026-09-14 16:00:26,646 [INFO] ThirdParty:1030 - CMSIS Pack Vendor :STMicroelectronics X-CUBE-ISPU 2.1.0
2026-09-14 16:00:26,646 [INFO] ThirdParty:1030 - CMSIS Pack Vendor :STMicroelectronics X-CUBE-IPS 3.2.0
2026-09-14 16:00:26,646 [INFO] ThirdParty:1030 - CMSIS Pack Vendor :STMicroelectronics eDS-WB_DPC_TT-BIDIR 2.1.1
2026-09-14 16:00:26,646 [INFO] ThirdParty:1030 - CMSIS Pack Vendor :STMicroelectronics X-CUBE-ST60 1.0.0
2026-09-14 16:00:26,646 [INFO] ThirdParty:1030 - CMSIS Pack Vendor :STMicroelectronics X-CUBE-NFC12 1.0.0
2026-09-14 16:00:26,646 [INFO] ThirdParty:1030 - CMSIS Pack Vendor :STMicroelectronics X-CUBE-AZRTOS-F7 1.1.0
2026-09-14 16:00:26,646 [INFO] ThirdParty:1030 - CMSIS Pack Vendor :STMicroelectronics X-CUBE-AZRTOS-L5 2.0.0
2026-09-14 16:00:26,646 [INFO] ThirdParty:1030 - CMSIS Pack Vendor :STMicroelectronics USB_DEVICE 2.0.0
2026-09-14 16:00:26,646 [INFO] ThirdParty:1030 - CMSIS Pack Vendor :STMicroelectronics X-CUBE-FREERTOS 1.6.0
2026-09-14 16:00:26,648 [INFO] ThirdParty:1030 - CMSIS Pack Vendor :STMicroelectronics X-CUBE-NFC6 3.1.0
2026-09-14 16:00:26,648 [INFO] ThirdParty:1030 - CMSIS Pack Vendor :STMicroelectronics X-CUBE-ALGOBUILD 1.5.0
2026-09-14 16:00:26,648 [INFO] ThirdParty:1030 - CMSIS Pack Vendor :STMicroelectronics FP-SNS-MOTENV1 5.1.0
2026-09-14 16:00:26,648 [INFO] ThirdParty:1030 - CMSIS Pack Vendor :STMicroelectronics FreeRTOS 0.0.1
2026-09-14 16:00:26,648 [INFO] ThirdParty:1030 - CMSIS Pack Vendor :STMicroelectronics X-CUBE-AZRTOS-H7RS 1.3.0
2026-09-14 16:00:26,648 [INFO] ThirdParty:1030 - CMSIS Pack Vendor :STMicroelectronics eDS-WB_DPC_VIENNA 1.2.0
2026-09-14 16:00:26,648 [INFO] ThirdParty:1030 - CMSIS Pack Vendor :WES I-CUBE-Cesium 1.4.0
2026-09-14 16:00:26,648 [INFO] ThirdParty:1030 - CMSIS Pack Vendor :STMicroelectronics X-CUBE-MEMS1 13.0.0
2026-09-14 16:00:26,648 [INFO] ThirdParty:1030 - CMSIS Pack Vendor :STMicroelectronics eDS-WB_DPC_3PH2L-BIDIR 1.1.1
2026-09-14 16:00:26,648 [INFO] ThirdParty:1030 - CMSIS Pack Vendor :Infineon AIROC-Wi-Fi-Bluetooth-STM32 1.7.1
2026-09-14 16:00:26,648 [INFO] ThirdParty:1030 - CMSIS Pack Vendor :STMicroelectronics PDM2PCM 3.3.0
2026-09-14 16:00:26,648 [INFO] ThirdParty:1030 - CMSIS Pack Vendor :STMicroelectronics X-CUBE-AZRTOS-H7 3.4.0
2026-09-14 16:00:26,648 [INFO] ThirdParty:1030 - CMSIS Pack Vendor :STMicroelectronics X-CUBE-DISPLAY 3.0.0
2026-09-14 16:00:26,649 [INFO] ThirdParty:1030 - CMSIS Pack Vendor :STMicroelectronics X-CUBE-GNSS1 7.1.1
2026-09-14 16:00:26,649 [INFO] ThirdParty:1030 - CMSIS Pack Vendor :STMicroelectronics FP-SNS-MOTENVWB1 1.5.0
2026-09-14 16:00:26,649 [INFO] ThirdParty:1030 - CMSIS Pack Vendor :STMicroelectronics X-CUBE-NFC10 1.0.0
2026-09-14 16:00:26,649 [INFO] ThirdParty:1030 - CMSIS Pack Vendor :STMicroelectronics X-CUBE-FREERTOS 1.3.1
2026-09-14 16:00:26,649 [INFO] ThirdParty:1030 - CMSIS Pack Vendor :STMicroelectronics HAL Drivers 0.0.0
2026-09-14 16:00:26,649 [INFO] ThirdParty:1030 - CMSIS Pack Vendor :STMicroelectronics X-CUBE-ST60 1.1.0
2026-09-14 16:00:26,649 [INFO] ThirdParty:1030 - CMSIS Pack Vendor :emotas I-CUBE-CANOPEN 1.3.0
2026-09-14 16:00:26,649 [INFO] ThirdParty:1030 - CMSIS Pack Vendor :STMicroelectronics MBEDTLS 2.14.1
2026-09-14 16:00:26,649 [INFO] ThirdParty:1030 - CMSIS Pack Vendor :STMicroelectronics X-CUBE-TOUCHGFX 4.26.1
2026-09-14 16:00:26,649 [INFO] ThirdParty:1030 - CMSIS Pack Vendor :STMicroelectronics FP-SNS-STBOX1 2.1.0
2026-09-14 16:00:26,649 [INFO] ThirdParty:1030 - CMSIS Pack Vendor :STMicroelectronics FP-SNS-STAIOTCFT 1.0.0
2026-09-14 16:00:26,649 [INFO] ThirdParty:1030 - CMSIS Pack Vendor :STMicroelectronics FP-SNS-SMARTAG2 1.2.0
2026-09-14 16:00:26,649 [INFO] ThirdParty:1030 - CMSIS Pack Vendor :STMicroelectronics FP-SNS-FLIGHT1 5.1.0
2026-09-14 16:00:26,649 [INFO] ThirdParty:1030 - CMSIS Pack Vendor :STMicroelectronics X-CUBE-AZRTOS-WL 2.0.0
2026-09-14 16:00:26,650 [INFO] ThirdParty:1030 - CMSIS Pack Vendor :STMicroelectronics X-CUBE-DPower 1.3.0
2026-09-14 16:00:26,650 [INFO] ThirdParty:1030 - CMSIS Pack Vendor :STMicroelectronics FP-SNS-MOTENV1 5.0.0
2026-09-14 16:00:26,650 [INFO] ThirdParty:1030 - CMSIS Pack Vendor :STMicroelectronics USB_DEVICE 1.0.0
2026-09-14 16:00:26,650 [INFO] ThirdParty:1030 - CMSIS Pack Vendor :STMicroelectronics X-CUBE-AZRTOS-H7RS 1.2.0
2026-09-14 16:00:26,650 [INFO] ThirdParty:1030 - CMSIS Pack Vendor :STMicroelectronics X-CUBE-AZRTOS-L4 2.0.0
2026-09-14 16:00:26,650 [INFO] ThirdParty:1030 - CMSIS Pack Vendor :STMicroelectronics ThreadX 0.0.2
2026-09-14 16:00:26,650 [INFO] ThirdParty:1030 - CMSIS Pack Vendor :WES I-CUBE-Cesium 1.3.0
2026-09-14 16:00:26,650 [INFO] ThirdParty:1030 - CMSIS Pack Vendor :STMicroelectronics lwIP 2.1.2
2026-09-14 16:00:26,650 [INFO] ThirdParty:1030 - CMSIS Pack Vendor :STMicroelectronics X-CUBE-SFXS2LP1 4.0.0
2026-09-14 16:00:26,650 [INFO] ThirdParty:1030 - CMSIS Pack Vendor :STMicroelectronics X-CUBE-BLE2 3.3.0
2026-09-14 16:00:26,650 [INFO] ThirdParty:1030 - CMSIS Pack Vendor :Avnet-IOTCONNECT X-CUBE-iotc-st67-sdk 1.0.0
2026-09-14 16:00:26,650 [INFO] ThirdParty:1030 - CMSIS Pack Vendor :STMicroelectronics PDM2PCM 3.2.0
2026-09-14 16:00:26,650 [INFO] ThirdParty:1030 - CMSIS Pack Vendor :STMicroelectronics X-CUBE-WB05N 2.1.0
2026-09-14 16:00:26,650 [INFO] ThirdParty:1030 - CMSIS Pack Vendor :STMicroelectronics X-CUBE-NFC9 1.0.0
2026-09-14 16:00:26,650 [INFO] ThirdParty:1030 - CMSIS Pack Vendor :wolfSSL I-CUBE-wolfSSL 5.8.2
2026-09-14 16:00:26,650 [INFO] ThirdParty:1030 - CMSIS Pack Vendor :STMicroelectronics X-CUBE-BLE1 7.1.0
2026-09-14 16:00:26,650 [INFO] ThirdParty:1030 - CMSIS Pack Vendor :wolfSSL I-CUBE-wolfMQTT 1.19.2
2026-09-14 16:00:26,650 [INFO] ThirdParty:1030 - CMSIS Pack Vendor :STMicroelectronics USB_DEVICE 3.0.0
2026-09-14 16:00:26,650 [INFO] ThirdParty:1030 - CMSIS Pack Vendor :STMicroelectronics X-CUBE-EEPRMA1 5.2.0
2026-09-14 16:00:26,650 [INFO] ThirdParty:1030 - CMSIS Pack Vendor :STMicroelectronics X-CUBE-BLEMGR 4.1.0
2026-09-14 16:00:26,650 [INFO] ThirdParty:1030 - CMSIS Pack Vendor :STMicroelectronics X-CUBE-AZRTOS-WB 2.0.0
2026-09-14 16:00:26,650 [INFO] ThirdParty:1030 - CMSIS Pack Vendor :STMicroelectronics X-CUBE-GNSS1 7.0.1
2026-09-14 16:00:26,650 [INFO] ThirdParty:1030 - CMSIS Pack Vendor :STMicroelectronics X-CUBE-TOUCHGFX 4.25.0
2026-09-14 16:00:26,650 [INFO] ThirdParty:1030 - CMSIS Pack Vendor :STMicroelectronics FP-SNS-STAIOTCFT 1.1.0
2026-09-14 16:00:26,650 [INFO] ThirdParty:1030 - CMSIS Pack Vendor :quantropi X-CUBE-qispace-sdk-base 2.1.0
2026-09-14 16:00:26,650 [INFO] ThirdParty:1030 - CMSIS Pack Vendor :STMicroelectronics X-CUBE-STSE01 2.0.0
2026-09-14 16:00:26,650 [INFO] ThirdParty:1030 - CMSIS Pack Vendor :STMicroelectronics X-CUBE-AZRTOS-G0 1.1.0
2026-09-14 16:00:26,650 [INFO] ThirdParty:1030 - CMSIS Pack Vendor :STMicroelectronics X-CUBE-SAFEA1 1.2.2
2026-09-14 16:00:26,651 [INFO] ThirdParty:1030 - CMSIS Pack Vendor :STMicroelectronics X-CUBE-NFC4 3.0.0
2026-09-14 16:00:26,651 [INFO] ThirdParty:1030 - CMSIS Pack Vendor :STMicroelectronics X-CUBE-SUBG2 5.0.0
2026-09-14 16:00:26,651 [INFO] ThirdParty:1030 - CMSIS Pack Vendor :STMicroelectronics X-CUBE-AZRTOS-H7RS 1.1.0
2026-09-14 16:00:26,651 [INFO] ThirdParty:1030 - CMSIS Pack Vendor :STMicroelectronics STM32_WPAN 1.0.0
2026-09-14 16:00:26,651 [INFO] ThirdParty:1030 - CMSIS Pack Vendor :EmbeddedOffice I-CUBE-FS-RTOS 1.0.1
2026-09-14 16:00:26,651 [INFO] ThirdParty:1030 - CMSIS Pack Vendor :STMicroelectronics lwIP 2.0.3
2026-09-14 16:00:26,651 [INFO] ThirdParty:1030 - CMSIS Pack Vendor :Cesanta I-CUBE-Mongoose 7.13.0
2026-09-14 16:00:26,651 [INFO] ThirdParty:1030 - CMSIS Pack Vendor :STMicroelectronics USB_HOST 1.0.0
2026-09-14 16:00:26,651 [INFO] ThirdParty:1030 - CMSIS Pack Vendor :STMicroelectronics X-CUBE-AZRTOS-G4 2.0.0
2026-09-14 16:00:26,651 [INFO] ThirdParty:1030 - CMSIS Pack Vendor :STMicroelectronics X-CUBE-WB05N 2.0.0
2026-09-14 16:00:26,651 [INFO] ThirdParty:1030 - CMSIS Pack Vendor :STMicroelectronics PDM2PCM 3.1.0
2026-09-14 16:00:26,651 [INFO] ThirdParty:1030 - CMSIS Pack Vendor :wolfSSL I-CUBE-wolfTPM 3.8.0
2026-09-14 16:00:26,651 [INFO] ThirdParty:1030 - CMSIS Pack Vendor :wolfSSL I-CUBE-wolfSSH 1.4.20
2026-09-14 16:00:26,651 [INFO] ThirdParty:1030 - CMSIS Pack Vendor :STMicroelectronics X-CUBE-NFC7 2.0.0
2026-09-14 16:00:26,651 [INFO] ThirdParty:1030 - CMSIS Pack Vendor :STMicroelectronics X-CUBE-TCPP 4.2.0
2026-09-14 16:00:26,651 [INFO] ThirdParty:1030 - CMSIS Pack Vendor :RealThread X-CUBE-RT-Thread_Nano 4.1.1
2026-09-14 16:00:26,651 [INFO] ThirdParty:1030 - CMSIS Pack Vendor :STMicroelectronics FP-ATR-SIGFOX1 3.2.0
2026-09-14 16:00:26,651 [INFO] ThirdParty:1030 - CMSIS Pack Vendor :STMicroelectronics X-CUBE-FREERTOS 1.5.0
2026-09-14 16:00:26,651 [INFO] ThirdParty:1030 - CMSIS Pack Vendor :STMicroelectronics MBEDTLS 2.16.2
2026-09-14 16:00:26,651 [INFO] ThirdParty:1030 - CMSIS Pack Vendor :STMicroelectronics X-CUBE-IPS 3.1.0
2026-09-14 16:00:26,651 [INFO] ThirdParty:1030 - CMSIS Pack Vendor :STMicroelectronics X-CUBE-ALS 1.0.2
2026-09-14 16:00:26,652 [INFO] ThirdParty:1030 - CMSIS Pack Vendor :ITTIA_DB I-CUBE-ITTIADB 8.9.0
2026-09-14 16:00:26,652 [INFO] ThirdParty:1030 - CMSIS Pack Vendor :portGmbH I-Cube-SoM-uGOAL 1.1.0
2026-09-14 16:00:26,652 [INFO] ThirdParty:1030 - CMSIS Pack Vendor :STMicroelectronics X-CUBE-NFC6 3.2.0
2026-09-14 16:00:26,652 [INFO] ThirdParty:1030 - CMSIS Pack Vendor :STMicroelectronics X-CUBE-ST67W61 1.0.0
2026-09-14 16:00:26,652 [INFO] ThirdParty:1030 - CMSIS Pack Vendor :STMicroelectronics X-CUBE-AI 10.2.1
2026-09-14 16:00:26,652 [INFO] ThirdParty:1030 - CMSIS Pack Vendor :STMicroelectronics X-CUBE-AI 10.2.0
2026-09-14 16:00:26,652 [INFO] ThirdParty:1030 - CMSIS Pack Vendor :STMicroelectronics ThreadX 1.0.0
2026-09-14 16:00:26,652 [INFO] ThirdParty:1030 - CMSIS Pack Vendor :STMicroelectronics X-CUBE-MEMS1 12.1.0
2026-09-14 16:00:26,652 [INFO] ThirdParty:1030 - CMSIS Pack Vendor :SEGGER I-CUBE-embOS 1.3.1
2026-09-14 16:00:26,652 [INFO] ThirdParty:1030 - CMSIS Pack Vendor :STMicroelectronics X-CUBE-ALGOBUILD 1.4.0
2026-09-14 16:00:26,652 [INFO] ThirdParty:1030 - CMSIS Pack Vendor :STMicroelectronics X-CUBE-MEMS1 11.3.0
2026-09-14 16:00:26,652 [INFO] ThirdParty:1030 - CMSIS Pack Vendor :STMicroelectronics X-CUBE-TOF1 3.4.3
2026-09-14 16:00:26,652 [INFO] ThirdParty:1030 - CMSIS Pack Vendor :STMicroelectronics X-CUBE-NFC13 1.0.0
2026-09-14 16:00:26,656 [INFO] ThirdParty:841 - exiting critical section [change project]
2026-09-14 16:00:27,473 [INFO] PinOutPanel:1589 - setPackage(No Configuration,No Configuration)
2026-09-14 16:00:27,481 [INFO] PinOutPanel:1589 - setPackage(STM32F103C8Tx,LQFP48)
2026-09-14 16:00:28,083 [INFO] UtilMem:75 - Before build in PCC Used Memory: 732839320 Bytes (1073741824)
2026-09-14 16:00:28,491 [INFO] UtilMem:75 - After build in PCC Used Memory: 775304600 Bytes (1073741824)
2026-09-14 16:00:28,532 [INFO] IPUIPlugin:80 - create IPUIPlugin
2026-09-14 16:00:28,532 [INFO] IPUIPlugin:80 - create IPUIPlugin
2026-09-14 16:00:28,532 [INFO] IPUIPlugin:80 - create IPUIPlugin
2026-09-14 16:00:28,533 [INFO] IPUIPlugin:80 - create IPUIPlugin
2026-09-14 16:00:28,533 [INFO] IPUIPlugin:80 - create IPUIPlugin
2026-09-14 16:00:28,533 [INFO] IPUIPlugin:80 - create IPUIPlugin
2026-09-14 16:00:28,533 [INFO] IPUIPlugin:80 - create IPUIPlugin
2026-09-14 16:00:28,533 [INFO] IPUIPlugin:80 - create IPUIPlugin
2026-09-14 16:00:28,533 [INFO] IPUIPlugin:80 - create IPUIPlugin
2026-09-14 16:00:28,534 [INFO] IPUIPlugin:80 - create IPUIPlugin
2026-09-14 16:00:28,534 [INFO] IPUIPlugin:80 - create IPUIPlugin
2026-09-14 16:00:28,534 [INFO] IPUIPlugin:80 - create IPUIPlugin
2026-09-14 16:00:28,534 [INFO] IPUIPlugin:80 - create IPUIPlugin
2026-09-14 16:00:28,534 [INFO] IPUIPlugin:80 - create IPUIPlugin
2026-09-14 16:00:28,534 [INFO] IPUIPlugin:80 - create IPUIPlugin
2026-09-14 16:00:28,534 [INFO] IPUIPlugin:80 - create IPUIPlugin
2026-09-14 16:00:28,535 [INFO] IPUIPlugin:80 - create IPUIPlugin
2026-09-14 16:00:28,535 [INFO] IPUIPlugin:80 - create IPUIPlugin
2026-09-14 16:00:28,535 [INFO] IPUIPlugin:80 - create IPUIPlugin
2026-09-14 16:00:28,535 [INFO] IPUIPlugin:80 - create IPUIPlugin
2026-09-14 16:00:28,535 [INFO] IPUIPlugin:80 - create IPUIPlugin
2026-09-14 16:00:28,535 [INFO] IPUIPlugin:80 - create IPUIPlugin
2026-09-14 16:00:28,535 [INFO] IPUIPlugin:80 - create IPUIPlugin
2026-09-14 16:00:28,535 [INFO] IPUIPlugin:80 - create IPUIPlugin
2026-09-14 16:00:28,536 [INFO] IPUIPlugin:80 - create IPUIPlugin
2026-09-14 16:00:28,536 [INFO] IPUIPlugin:80 - create IPUIPlugin
2026-09-14 16:00:28,536 [INFO] IPUIPlugin:80 - create IPUIPlugin
2026-09-14 16:00:28,548 [INFO] Can:71 - Can Add PropertyChangeListener com.st.microxplorer.plugins.ip.can.Can@61e71fe6
2026-09-14 16:00:28,695 [INFO] CADModel:165 - CPN selected for project levelSTM32F103C8T6
2026-09-14 16:00:28,695 [INFO] CADModel:114 - Register for checkConnection events
2026-09-14 16:00:28,735 [INFO] OpenFileManager:386 - Restore cursor
2026-09-14 16:04:15,615 [INFO] MainUpdater:2872 - connection check result : 10
2026-09-14 16:04:15,629 [INFO] MainUpdater:2872 - connection check result : 10
2026-09-14 16:04:16,308 [INFO] MicroXplorer:468 - Change Database Path : 
2026-09-14 16:04:16,308 [INFO] MicroXplorer:498 - Change Database Version : DB.6.0.150
2026-09-14 16:04:16,514 [ERROR] ProjectManagerView:395 - 
java.lang.NullPointerException: Cannot invoke "javax.swing.JTextField.getText()" because the return value of "java.util.List.get(int)" is null
	at com.st.microxplorer.plugins.projectmanager.gui.ProjectChoiceTab$9.caretUpdate(ProjectChoiceTab.java:2706) ~[filemanager.jar:?]
	at javax.swing.text.JTextComponent.fireCaretUpdate(JTextComponent.java:408) ~[?:?]
	at javax.swing.text.JTextComponent$MutableCaretEvent.fire(JTextComponent.java:4484) ~[?:?]
	at javax.swing.text.JTextComponent$MutableCaretEvent.stateChanged(JTextComponent.java:4506) ~[?:?]
	at javax.swing.text.DefaultCaret.fireStateChanged(DefaultCaret.java:857) ~[?:?]
	at javax.swing.text.DefaultCaret.changeCaretPosition(DefaultCaret.java:1343) ~[?:?]
	at javax.swing.text.DefaultCaret.handleSetDot(DefaultCaret.java:1242) ~[?:?]
	at javax.swing.text.DefaultCaret.setDot(DefaultCaret.java:1223) ~[?:?]
	at javax.swing.text.DefaultCaret$Handler.insertUpdate(DefaultCaret.java:1819) ~[?:?]
	at javax.swing.text.AbstractDocument.fireInsertUpdate(AbstractDocument.java:227) ~[?:?]
	at javax.swing.text.AbstractDocument.handleInsertString(AbstractDocument.java:781) ~[?:?]
	at javax.swing.text.AbstractDocument.insertString(AbstractDocument.java:740) ~[?:?]
	at javax.swing.text.PlainDocument.insertString(PlainDocument.java:131) ~[?:?]
	at javax.swing.text.AbstractDocument.replace(AbstractDocument.java:699) ~[?:?]
	at javax.swing.text.JTextComponent.setText(JTextComponent.java:1725) ~[?:?]
	at com.st.microxplorer.plugins.projectmanager.gui.ProjectChoiceTab.createHeapStackFields(ProjectChoiceTab.java:993) ~[filemanager.jar:?]
	at com.st.microxplorer.plugins.projectmanager.gui.ProjectChoiceTab.buildLinkSettingsPanel(ProjectChoiceTab.java:3813) ~[filemanager.jar:?]
	at com.st.microxplorer.plugins.projectmanager.gui.ProjectChoiceTab.defineWindowsFields(ProjectChoiceTab.java:1987) ~[filemanager.jar:?]
	at com.st.microxplorer.plugins.projectmanager.gui.ProjectChoiceTab.updateSettings(ProjectChoiceTab.java:558) ~[filemanager.jar:?]
	at com.st.microxplorer.plugins.projectmanager.gui.ProjectSettingsPanel.UpdateDialog(ProjectSettingsPanel.java:247) ~[filemanager.jar:?]
	at com.st.microxplorer.plugins.projectmanager.ProjectManagerView.propertyChange(ProjectManagerView.java:392) ~[filemanager.jar:?]
	at java.beans.PropertyChangeSupport.fire(PropertyChangeSupport.java:343) ~[?:?]
	at java.beans.PropertyChangeSupport.firePropertyChange(PropertyChangeSupport.java:335) ~[?:?]
	at java.beans.PropertyChangeSupport.firePropertyChange(PropertyChangeSupport.java:268) ~[?:?]
	at com.st.microxplorer.util.MXPropertyChangeSupport.firePropertyChange(MXPropertyChangeSupport.java:54) ~[STM32CubeMX.jar:?]
	at com.st.microxplorer.mxsystem.MxSystem.closeConfig(MxSystem.java:899) ~[STM32CubeMX.jar:?]
	at com.st.microxplorer.maingui.MainPanel.closeConfig(MainPanel.java:792) ~[STM32CubeMX.jar:?]
	at com.st.microxplorer.plugins.filemanager.engine.OpenFileManager.loadConfigurationFile(OpenFileManager.java:288) ~[filemanager.jar:?]
	at com.st.microxplorer.plugins.filemanager.engine.MainFileManager.userLoadConfig(MainFileManager.java:364) ~[filemanager.jar:?]
	at com.st.microxplorer.plugins.filemanager.engine.MainFileManager.userLoadConfig(MainFileManager.java:342) ~[filemanager.jar:?]
	at com.st.microxplorer.plugins.filemanager.FileManagerView.getSpecificTask(FileManagerView.java:264) ~[filemanager.jar:?]
	at com.st.stm32cube.common.mx.editor.CubeMxEditor.getMxTabbedPaneInstance(CubeMxEditor.java:1198) ~[com.st.stm32cube.common.mx_6.15.0.202507011659/:?]
	at com.st.stm32cube.common.mx.editor.CubeMxEditor$12$1.createSwingComponent(CubeMxEditor.java:1068) ~[com.st.stm32cube.common.mx_6.15.0.202507011659/:?]
	at com.st.stm32cube.common.mx.oss.core.awtswtbridge.EmbeddedSwingComposite.doComponentCreation(EmbeddedSwingComposite.java:492) ~[com.st.stm32cube.common.mx.oss_6.15.0.202507011659/:?]
	at com.st.stm32cube.common.mx.oss.core.awtswtbridge.EmbeddedSwingComposite$4.run(EmbeddedSwingComposite.java:291) ~[com.st.stm32cube.common.mx.oss_6.15.0.202507011659/:?]
	at com.st.stm32cube.common.mx.oss.core.awtswtbridge.AwtEnvironment$2.run(AwtEnvironment.java:166) ~[com.st.stm32cube.common.mx.oss_6.15.0.202507011659/:?]
	at java.awt.event.InvocationEvent.dispatch(InvocationEvent.java:318) ~[?:?]
	at java.awt.EventQueue.dispatchEventImpl(EventQueue.java:773) ~[?:?]
	at java.awt.EventQueue$4.run(EventQueue.java:720) ~[?:?]
	at java.awt.EventQueue$4.run(EventQueue.java:714) ~[?:?]
	at java.security.AccessController.doPrivileged(AccessController.java:400) ~[?:?]
	at java.security.ProtectionDomain$JavaSecurityAccessImpl.doIntersectionPrivilege(ProtectionDomain.java:87) ~[?:?]
	at java.awt.EventQueue.dispatchEvent(EventQueue.java:742) ~[?:?]
	at java.awt.EventDispatchThread.pumpOneEventForFilters(EventDispatchThread.java:203) ~[?:?]
	at java.awt.EventDispatchThread.pumpEventsForFilter(EventDispatchThread.java:124) ~[?:?]
	at java.awt.EventDispatchThread.pumpEventsForHierarchy(EventDispatchThread.java:113) ~[?:?]
	at java.awt.EventDispatchThread.pumpEvents(EventDispatchThread.java:109) ~[?:?]
	at java.awt.EventDispatchThread.pumpEvents(EventDispatchThread.java:101) ~[?:?]
	at java.awt.EventDispatchThread.run(EventDispatchThread.java:90) ~[?:?]
2026-09-14 16:04:16,524 [WARN] ThirdParty:871 - waiting for thirdparty lock release [close project]
2026-09-14 16:04:16,524 [INFO] ThirdParty:873 - entering critical section [close project]
2026-09-14 16:04:16,525 [INFO] ThirdParty:883 - exiting critical section [close project]
2026-09-14 16:04:16,531 [INFO] PinOutPanel:1589 - setPackage(No Configuration,No Configuration)
2026-09-14 16:04:16,541 [INFO] UtilMem:75 - Begin LoadConfig() Used Memory: 817543104 Bytes (1073741824)
2026-09-14 16:04:16,543 [INFO] MicroXplorer:468 - Change Database Path : 
2026-09-14 16:04:16,543 [INFO] MicroXplorer:498 - Change Database Version : DB.6.0.150
2026-09-14 16:04:16,543 [INFO] OpenFileManager:355 - Change cursor
2026-09-14 16:04:16,604 [INFO] Mcu:2029 - Initializing MCU STM32F103C(8-B)Tx STM32F103C8Tx STM32F103C8T6
2026-09-14 16:04:17,259 [INFO] Context:786 - Trying to add GPIOservice into a context  which must be forbidden
2026-09-14 16:04:17,647 [INFO] ImportTextPane:234 - (OptionalMessage_ERROR) Pin5 (VP_RIF_VS_RIF1) cannot be retrieved for this MCU
2026-09-14 16:04:17,747 [INFO] RtosManager:558 - Registered RTOS mode: class=CMSIS, group=RTOS, mode=CMSIS_V1, owner=FREERTOS
2026-09-14 16:04:17,747 [INFO] RtosManager:558 - Registered RTOS mode: class=CMSIS, group=RTOS2, mode=CMSIS_V2, owner=FREERTOS
2026-09-14 16:04:17,747 [INFO] RtosManager:558 - Registered RTOS mode: class=RTOS, group=Core, mode=CMSIS_V1, owner=FREERTOS
2026-09-14 16:04:17,747 [INFO] RtosManager:558 - Registered RTOS mode: class=RTOS, group=Core, mode=CMSIS_V2, owner=FREERTOS
2026-09-14 16:04:17,747 [WARN] ModelIntegratedComponent:184 - Missing modes for component STMicroelectronics:FreeRTOS:0.0.1:STMicroelectronics:RTOS:FreeRTOS:Core:::10.2.0:
2026-09-14 16:04:17,795 [WARN] ModelIntegratedComponent:63 - No mode defined for component null
2026-09-14 16:04:17,796 [WARN] ModelIntegratedComponent:63 - No mode defined for component null
2026-09-14 16:04:17,796 [WARN] ModelIntegratedComponent:63 - No mode defined for component null
2026-09-14 16:04:17,796 [WARN] ModelIntegratedComponent:63 - No mode defined for component null
2026-09-14 16:04:17,796 [WARN] ModelIntegratedComponent:63 - No mode defined for component null
2026-09-14 16:04:17,796 [WARN] ModelIntegratedComponent:63 - No mode defined for component null
2026-09-14 16:04:17,796 [WARN] ModelIntegratedComponent:63 - No mode defined for component null
2026-09-14 16:04:17,796 [WARN] ModelIntegratedComponent:63 - No mode defined for component null
2026-09-14 16:04:17,796 [WARN] ModelIntegratedComponent:63 - No mode defined for component null
2026-09-14 16:04:17,796 [WARN] ModelIntegratedComponent:63 - No mode defined for component null
2026-09-14 16:04:17,796 [WARN] ModelIntegratedComponent:63 - No mode defined for component null
2026-09-14 16:04:17,796 [WARN] ModelIntegratedComponent:63 - No mode defined for component null
2026-09-14 16:04:17,796 [WARN] ModelIntegratedComponent:63 - No mode defined for component null
2026-09-14 16:04:17,796 [WARN] ModelIntegratedComponent:63 - No mode defined for component null
2026-09-14 16:04:17,796 [WARN] ModelIntegratedComponent:63 - No mode defined for component null
2026-09-14 16:04:17,796 [WARN] ModelIntegratedComponent:63 - No mode defined for component null
2026-09-14 16:04:17,796 [WARN] ModelIntegratedComponent:63 - No mode defined for component null
2026-09-14 16:04:17,796 [WARN] ModelIntegratedComponent:63 - No mode defined for component null
2026-09-14 16:04:17,796 [WARN] ModelIntegratedComponent:63 - No mode defined for component null
2026-09-14 16:04:17,796 [WARN] ModelIntegratedComponent:63 - No mode defined for component null
2026-09-14 16:04:17,796 [WARN] ModelIntegratedComponent:63 - No mode defined for component null
2026-09-14 16:04:17,796 [WARN] ModelIntegratedComponent:63 - No mode defined for component null
2026-09-14 16:04:17,796 [WARN] ModelIntegratedComponent:63 - No mode defined for component null
2026-09-14 16:04:17,796 [WARN] ModelIntegratedComponent:63 - No mode defined for component null
2026-09-14 16:04:17,796 [WARN] ModelIntegratedComponent:63 - No mode defined for component null
2026-09-14 16:04:17,796 [WARN] ModelIntegratedComponent:63 - No mode defined for component null
2026-09-14 16:04:17,796 [WARN] ModelIntegratedComponent:63 - No mode defined for component null
2026-09-14 16:04:17,796 [WARN] ModelIntegratedComponent:63 - No mode defined for component null
2026-09-14 16:04:17,797 [WARN] ModelIntegratedComponent:63 - No mode defined for component null
2026-09-14 16:04:17,797 [WARN] ModelIntegratedComponent:63 - No mode defined for component null
2026-09-14 16:04:17,797 [WARN] ModelIntegratedComponent:63 - No mode defined for component null
2026-09-14 16:04:17,797 [WARN] ModelIntegratedComponent:63 - No mode defined for component null
2026-09-14 16:04:17,797 [WARN] ModelIntegratedComponent:63 - No mode defined for component null
2026-09-14 16:04:17,797 [WARN] ModelIntegratedComponent:63 - No mode defined for component null
2026-09-14 16:04:17,797 [WARN] ModelIntegratedComponent:63 - No mode defined for component null
2026-09-14 16:04:17,797 [WARN] ModelPack:524 - Component already loaded: STMicroelectronics:HAL Drivers:0.0.0:STMicroelectronics:Device:STMicro_Driver:XSPI:HAL::0.0.1:HAL_XSPI
2026-09-14 16:04:17,933 [INFO] ThirdPartyModel:298 - Start build external matchings
2026-09-14 16:04:18,842 [INFO] ThirdPartyModel:316 - End build external matchings
2026-09-14 16:04:19,107 [INFO] UtilMem:75 - End LoadConfig() Used Memory: 819910008 Bytes (1073741824)
2026-09-14 16:04:19,182 [WARN] ThirdParty:833 - waiting for thirdparty lock release [change project]
2026-09-14 16:04:19,183 [INFO] ThirdParty:835 - entering critical section [change project]
2026-09-14 16:04:19,183 [INFO] ThirdParty:1030 - CMSIS Pack Vendor :STMicroelectronics X-CUBE-AZRTOS-H7 3.5.0
2026-09-14 16:04:19,183 [INFO] ThirdParty:1030 - CMSIS Pack Vendor :STMicroelectronics X-CUBE-PM33A1 1.0.0
2026-09-14 16:04:19,184 [INFO] ThirdParty:1030 - CMSIS Pack Vendor :STMicroelectronics USBPD 4.1
2026-09-14 16:04:19,184 [INFO] ThirdParty:1030 - CMSIS Pack Vendor :STMicroelectronics USB_HOST 2.0.0
2026-09-14 16:04:19,184 [INFO] ThirdParty:1030 - CMSIS Pack Vendor :STMicroelectronics FP-SNS-MOTENVWB1 1.4.0
2026-09-14 16:04:19,184 [INFO] ThirdParty:1030 - CMSIS Pack Vendor :STMicroelectronics FP-ATR-ASTRA1 2.0.3
2026-09-14 16:04:19,184 [INFO] ThirdParty:1030 - CMSIS Pack Vendor :STMicroelectronics X-CUBE-AZRTOS-F4 1.1.0
2026-09-14 16:04:19,184 [INFO] ThirdParty:1030 - CMSIS Pack Vendor :STMicroelectronics LIBJPEG 8.0.0
2026-09-14 16:04:19,184 [INFO] ThirdParty:1030 - CMSIS Pack Vendor :STMicroelectronics FP-ATR-ASTRA1 2.0.2
2026-09-14 16:04:19,184 [INFO] ThirdParty:1030 - CMSIS Pack Vendor :Avnet-IotConnect X-CUBE-IoTC-DA16k-PMOD 1.0.0
2026-09-14 16:04:19,184 [INFO] ThirdParty:1030 - CMSIS Pack Vendor :STMicroelectronics X-CUBE-SMBUS 2.1.0
2026-09-14 16:04:19,184 [INFO] ThirdParty:1030 - CMSIS Pack Vendor :STMicroelectronics X-CUBE-ISPU 2.1.0
2026-09-14 16:04:19,184 [INFO] ThirdParty:1030 - CMSIS Pack Vendor :STMicroelectronics X-CUBE-IPS 3.2.0
2026-09-14 16:04:19,184 [INFO] ThirdParty:1030 - CMSIS Pack Vendor :STMicroelectronics eDS-WB_DPC_TT-BIDIR 2.1.1
2026-09-14 16:04:19,184 [INFO] ThirdParty:1030 - CMSIS Pack Vendor :STMicroelectronics X-CUBE-ST60 1.0.0
2026-09-14 16:04:19,184 [INFO] ThirdParty:1030 - CMSIS Pack Vendor :STMicroelectronics X-CUBE-NFC12 1.0.0
2026-09-14 16:04:19,184 [INFO] ThirdParty:1030 - CMSIS Pack Vendor :STMicroelectronics X-CUBE-AZRTOS-F7 1.1.0
2026-09-14 16:04:19,184 [INFO] ThirdParty:1030 - CMSIS Pack Vendor :STMicroelectronics X-CUBE-AZRTOS-L5 2.0.0
2026-09-14 16:04:19,184 [INFO] ThirdParty:1030 - CMSIS Pack Vendor :STMicroelectronics USB_DEVICE 2.0.0
2026-09-14 16:04:19,184 [INFO] ThirdParty:1030 - CMSIS Pack Vendor :STMicroelectronics X-CUBE-FREERTOS 1.6.0
2026-09-14 16:04:19,184 [INFO] ThirdParty:1030 - CMSIS Pack Vendor :STMicroelectronics X-CUBE-NFC6 3.1.0
2026-09-14 16:04:19,184 [INFO] ThirdParty:1030 - CMSIS Pack Vendor :STMicroelectronics X-CUBE-ALGOBUILD 1.5.0
2026-09-14 16:04:19,184 [INFO] ThirdParty:1030 - CMSIS Pack Vendor :STMicroelectronics FP-SNS-MOTENV1 5.1.0
2026-09-14 16:04:19,184 [INFO] ThirdParty:1030 - CMSIS Pack Vendor :STMicroelectronics FreeRTOS 0.0.1
2026-09-14 16:04:19,184 [INFO] ThirdParty:1030 - CMSIS Pack Vendor :STMicroelectronics X-CUBE-AZRTOS-H7RS 1.3.0
2026-09-14 16:04:19,184 [INFO] ThirdParty:1030 - CMSIS Pack Vendor :STMicroelectronics eDS-WB_DPC_VIENNA 1.2.0
2026-09-14 16:04:19,184 [INFO] ThirdParty:1030 - CMSIS Pack Vendor :WES I-CUBE-Cesium 1.4.0
2026-09-14 16:04:19,184 [INFO] ThirdParty:1030 - CMSIS Pack Vendor :STMicroelectronics X-CUBE-MEMS1 13.0.0
2026-09-14 16:04:19,184 [INFO] ThirdParty:1030 - CMSIS Pack Vendor :STMicroelectronics eDS-WB_DPC_3PH2L-BIDIR 1.1.1
2026-09-14 16:04:19,184 [INFO] ThirdParty:1030 - CMSIS Pack Vendor :Infineon AIROC-Wi-Fi-Bluetooth-STM32 1.7.1
2026-09-14 16:04:19,185 [INFO] ThirdParty:1030 - CMSIS Pack Vendor :STMicroelectronics PDM2PCM 3.3.0
2026-09-14 16:04:19,185 [INFO] ThirdParty:1030 - CMSIS Pack Vendor :STMicroelectronics X-CUBE-AZRTOS-H7 3.4.0
2026-09-14 16:04:19,185 [INFO] ThirdParty:1030 - CMSIS Pack Vendor :STMicroelectronics X-CUBE-DISPLAY 3.0.0
2026-09-14 16:04:19,185 [INFO] ThirdParty:1030 - CMSIS Pack Vendor :STMicroelectronics X-CUBE-GNSS1 7.1.1
2026-09-14 16:04:19,185 [INFO] ThirdParty:1030 - CMSIS Pack Vendor :STMicroelectronics FP-SNS-MOTENVWB1 1.5.0
2026-09-14 16:04:19,185 [INFO] ThirdParty:1030 - CMSIS Pack Vendor :STMicroelectronics X-CUBE-NFC10 1.0.0
2026-09-14 16:04:19,185 [INFO] ThirdParty:1030 - CMSIS Pack Vendor :STMicroelectronics X-CUBE-FREERTOS 1.3.1
2026-09-14 16:04:19,185 [INFO] ThirdParty:1030 - CMSIS Pack Vendor :STMicroelectronics HAL Drivers 0.0.0
2026-09-14 16:04:19,185 [INFO] ThirdParty:1030 - CMSIS Pack Vendor :STMicroelectronics X-CUBE-ST60 1.1.0
2026-09-14 16:04:19,185 [INFO] ThirdParty:1030 - CMSIS Pack Vendor :emotas I-CUBE-CANOPEN 1.3.0
2026-09-14 16:04:19,185 [INFO] ThirdParty:1030 - CMSIS Pack Vendor :STMicroelectronics MBEDTLS 2.14.1
2026-09-14 16:04:19,185 [INFO] ThirdParty:1030 - CMSIS Pack Vendor :STMicroelectronics X-CUBE-TOUCHGFX 4.26.1
2026-09-14 16:04:19,185 [INFO] ThirdParty:1030 - CMSIS Pack Vendor :STMicroelectronics FP-SNS-STBOX1 2.1.0
2026-09-14 16:04:19,185 [INFO] ThirdParty:1030 - CMSIS Pack Vendor :STMicroelectronics FP-SNS-STAIOTCFT 1.0.0
2026-09-14 16:04:19,185 [INFO] ThirdParty:1030 - CMSIS Pack Vendor :STMicroelectronics FP-SNS-SMARTAG2 1.2.0
2026-09-14 16:04:19,185 [INFO] ThirdParty:1030 - CMSIS Pack Vendor :STMicroelectronics FP-SNS-FLIGHT1 5.1.0
2026-09-14 16:04:19,185 [INFO] ThirdParty:1030 - CMSIS Pack Vendor :STMicroelectronics X-CUBE-AZRTOS-WL 2.0.0
2026-09-14 16:04:19,185 [INFO] ThirdParty:1030 - CMSIS Pack Vendor :STMicroelectronics X-CUBE-DPower 1.3.0
2026-09-14 16:04:19,185 [INFO] ThirdParty:1030 - CMSIS Pack Vendor :STMicroelectronics FP-SNS-MOTENV1 5.0.0
2026-09-14 16:04:19,185 [INFO] ThirdParty:1030 - CMSIS Pack Vendor :STMicroelectronics USB_DEVICE 1.0.0
2026-09-14 16:04:19,185 [INFO] ThirdParty:1030 - CMSIS Pack Vendor :STMicroelectronics X-CUBE-AZRTOS-H7RS 1.2.0
2026-09-14 16:04:19,185 [INFO] ThirdParty:1030 - CMSIS Pack Vendor :STMicroelectronics X-CUBE-AZRTOS-L4 2.0.0
2026-09-14 16:04:19,185 [INFO] ThirdParty:1030 - CMSIS Pack Vendor :STMicroelectronics ThreadX 0.0.2
2026-09-14 16:04:19,185 [INFO] ThirdParty:1030 - CMSIS Pack Vendor :WES I-CUBE-Cesium 1.3.0
2026-09-14 16:04:19,185 [INFO] ThirdParty:1030 - CMSIS Pack Vendor :STMicroelectronics lwIP 2.1.2
2026-09-14 16:04:19,185 [INFO] ThirdParty:1030 - CMSIS Pack Vendor :STMicroelectronics X-CUBE-SFXS2LP1 4.0.0
2026-09-14 16:04:19,185 [INFO] ThirdParty:1030 - CMSIS Pack Vendor :STMicroelectronics X-CUBE-BLE2 3.3.0
2026-09-14 16:04:19,185 [INFO] ThirdParty:1030 - CMSIS Pack Vendor :Avnet-IOTCONNECT X-CUBE-iotc-st67-sdk 1.0.0
2026-09-14 16:04:19,185 [INFO] ThirdParty:1030 - CMSIS Pack Vendor :STMicroelectronics PDM2PCM 3.2.0
2026-09-14 16:04:19,185 [INFO] ThirdParty:1030 - CMSIS Pack Vendor :STMicroelectronics X-CUBE-WB05N 2.1.0
2026-09-14 16:04:19,185 [INFO] ThirdParty:1030 - CMSIS Pack Vendor :STMicroelectronics X-CUBE-NFC9 1.0.0
2026-09-14 16:04:19,185 [INFO] ThirdParty:1030 - CMSIS Pack Vendor :wolfSSL I-CUBE-wolfSSL 5.8.2
2026-09-14 16:04:19,185 [INFO] ThirdParty:1030 - CMSIS Pack Vendor :STMicroelectronics X-CUBE-BLE1 7.1.0
2026-09-14 16:04:19,185 [INFO] ThirdParty:1030 - CMSIS Pack Vendor :wolfSSL I-CUBE-wolfMQTT 1.19.2
2026-09-14 16:04:19,185 [INFO] ThirdParty:1030 - CMSIS Pack Vendor :STMicroelectronics USB_DEVICE 3.0.0
2026-09-14 16:04:19,185 [INFO] ThirdParty:1030 - CMSIS Pack Vendor :STMicroelectronics X-CUBE-EEPRMA1 5.2.0
2026-09-14 16:04:19,185 [INFO] ThirdParty:1030 - CMSIS Pack Vendor :STMicroelectronics X-CUBE-BLEMGR 4.1.0
2026-09-14 16:04:19,185 [INFO] ThirdParty:1030 - CMSIS Pack Vendor :STMicroelectronics X-CUBE-AZRTOS-WB 2.0.0
2026-09-14 16:04:19,185 [INFO] ThirdParty:1030 - CMSIS Pack Vendor :STMicroelectronics X-CUBE-GNSS1 7.0.1
2026-09-14 16:04:19,185 [INFO] ThirdParty:1030 - CMSIS Pack Vendor :STMicroelectronics X-CUBE-TOUCHGFX 4.25.0
2026-09-14 16:04:19,185 [INFO] ThirdParty:1030 - CMSIS Pack Vendor :STMicroelectronics FP-SNS-STAIOTCFT 1.1.0
2026-09-14 16:04:19,185 [INFO] ThirdParty:1030 - CMSIS Pack Vendor :quantropi X-CUBE-qispace-sdk-base 2.1.0
2026-09-14 16:04:19,185 [INFO] ThirdParty:1030 - CMSIS Pack Vendor :STMicroelectronics X-CUBE-STSE01 2.0.0
2026-09-14 16:04:19,185 [INFO] ThirdParty:1030 - CMSIS Pack Vendor :STMicroelectronics X-CUBE-AZRTOS-G0 1.1.0
2026-09-14 16:04:19,185 [INFO] ThirdParty:1030 - CMSIS Pack Vendor :STMicroelectronics X-CUBE-SAFEA1 1.2.2
2026-09-14 16:04:19,185 [INFO] ThirdParty:1030 - CMSIS Pack Vendor :STMicroelectronics X-CUBE-NFC4 3.0.0
2026-09-14 16:04:19,185 [INFO] ThirdParty:1030 - CMSIS Pack Vendor :STMicroelectronics X-CUBE-SUBG2 5.0.0
2026-09-14 16:04:19,185 [INFO] ThirdParty:1030 - CMSIS Pack Vendor :STMicroelectronics X-CUBE-AZRTOS-H7RS 1.1.0
2026-09-14 16:04:19,185 [INFO] ThirdParty:1030 - CMSIS Pack Vendor :STMicroelectronics STM32_WPAN 1.0.0
2026-09-14 16:04:19,186 [INFO] ThirdParty:1030 - CMSIS Pack Vendor :EmbeddedOffice I-CUBE-FS-RTOS 1.0.1
2026-09-14 16:04:19,186 [INFO] ThirdParty:1030 - CMSIS Pack Vendor :STMicroelectronics lwIP 2.0.3
2026-09-14 16:04:19,186 [INFO] ThirdParty:1030 - CMSIS Pack Vendor :Cesanta I-CUBE-Mongoose 7.13.0
2026-09-14 16:04:19,186 [INFO] ThirdParty:1030 - CMSIS Pack Vendor :STMicroelectronics USB_HOST 1.0.0
2026-09-14 16:04:19,186 [INFO] ThirdParty:1030 - CMSIS Pack Vendor :STMicroelectronics X-CUBE-AZRTOS-G4 2.0.0
2026-09-14 16:04:19,186 [INFO] ThirdParty:1030 - CMSIS Pack Vendor :STMicroelectronics X-CUBE-WB05N 2.0.0
2026-09-14 16:04:19,186 [INFO] ThirdParty:1030 - CMSIS Pack Vendor :STMicroelectronics PDM2PCM 3.1.0
2026-09-14 16:04:19,186 [INFO] ThirdParty:1030 - CMSIS Pack Vendor :wolfSSL I-CUBE-wolfTPM 3.8.0
2026-09-14 16:04:19,186 [INFO] ThirdParty:1030 - CMSIS Pack Vendor :wolfSSL I-CUBE-wolfSSH 1.4.20
2026-09-14 16:04:19,186 [INFO] ThirdParty:1030 - CMSIS Pack Vendor :STMicroelectronics X-CUBE-NFC7 2.0.0
2026-09-14 16:04:19,186 [INFO] ThirdParty:1030 - CMSIS Pack Vendor :STMicroelectronics X-CUBE-TCPP 4.2.0
2026-09-14 16:04:19,186 [INFO] ThirdParty:1030 - CMSIS Pack Vendor :RealThread X-CUBE-RT-Thread_Nano 4.1.1
2026-09-14 16:04:19,186 [INFO] ThirdParty:1030 - CMSIS Pack Vendor :STMicroelectronics FP-ATR-SIGFOX1 3.2.0
2026-09-14 16:04:19,186 [INFO] ThirdParty:1030 - CMSIS Pack Vendor :STMicroelectronics X-CUBE-FREERTOS 1.5.0
2026-09-14 16:04:19,186 [INFO] ThirdParty:1030 - CMSIS Pack Vendor :STMicroelectronics MBEDTLS 2.16.2
2026-09-14 16:04:19,186 [INFO] ThirdParty:1030 - CMSIS Pack Vendor :STMicroelectronics X-CUBE-IPS 3.1.0
2026-09-14 16:04:19,186 [INFO] ThirdParty:1030 - CMSIS Pack Vendor :STMicroelectronics X-CUBE-ALS 1.0.2
2026-09-14 16:04:19,186 [INFO] ThirdParty:1030 - CMSIS Pack Vendor :ITTIA_DB I-CUBE-ITTIADB 8.9.0
2026-09-14 16:04:19,186 [INFO] ThirdParty:1030 - CMSIS Pack Vendor :portGmbH I-Cube-SoM-uGOAL 1.1.0
2026-09-14 16:04:19,186 [INFO] ThirdParty:1030 - CMSIS Pack Vendor :STMicroelectronics X-CUBE-NFC6 3.2.0
2026-09-14 16:04:19,186 [INFO] ThirdParty:1030 - CMSIS Pack Vendor :STMicroelectronics X-CUBE-ST67W61 1.0.0
2026-09-14 16:04:19,186 [INFO] ThirdParty:1030 - CMSIS Pack Vendor :STMicroelectronics X-CUBE-AI 10.2.1
2026-09-14 16:04:19,186 [INFO] ThirdParty:1030 - CMSIS Pack Vendor :STMicroelectronics X-CUBE-AI 10.2.0
2026-09-14 16:04:19,186 [INFO] ThirdParty:1030 - CMSIS Pack Vendor :STMicroelectronics ThreadX 1.0.0
2026-09-14 16:04:19,186 [INFO] ThirdParty:1030 - CMSIS Pack Vendor :STMicroelectronics X-CUBE-MEMS1 12.1.0
2026-09-14 16:04:19,186 [INFO] ThirdParty:1030 - CMSIS Pack Vendor :SEGGER I-CUBE-embOS 1.3.1
2026-09-14 16:04:19,186 [INFO] ThirdParty:1030 - CMSIS Pack Vendor :STMicroelectronics X-CUBE-ALGOBUILD 1.4.0
2026-09-14 16:04:19,186 [INFO] ThirdParty:1030 - CMSIS Pack Vendor :STMicroelectronics X-CUBE-MEMS1 11.3.0
2026-09-14 16:04:19,186 [INFO] ThirdParty:1030 - CMSIS Pack Vendor :STMicroelectronics X-CUBE-TOF1 3.4.3
2026-09-14 16:04:19,186 [INFO] ThirdParty:1030 - CMSIS Pack Vendor :STMicroelectronics X-CUBE-NFC13 1.0.0
2026-09-14 16:04:19,186 [INFO] ThirdParty:841 - exiting critical section [change project]
2026-09-14 16:04:19,506 [INFO] PinOutPanel:1589 - setPackage(No Configuration,No Configuration)
2026-09-14 16:04:19,508 [INFO] PinOutPanel:1589 - setPackage(STM32F103C8Tx,LQFP48)
2026-09-14 16:04:20,176 [INFO] UtilMem:75 - Before build in PCC Used Memory: 736252808 Bytes (1073741824)
2026-09-14 16:04:21,659 [INFO] UtilMem:75 - After build in PCC Used Memory: 765612936 Bytes (1073741824)
2026-09-14 16:04:21,831 [INFO] IPUIPlugin:80 - create IPUIPlugin
2026-09-14 16:04:21,839 [INFO] IPUIPlugin:80 - create IPUIPlugin
2026-09-14 16:04:21,841 [INFO] IPUIPlugin:80 - create IPUIPlugin
2026-09-14 16:04:21,842 [INFO] IPUIPlugin:80 - create IPUIPlugin
2026-09-14 16:04:21,842 [INFO] IPUIPlugin:80 - create IPUIPlugin
2026-09-14 16:04:21,843 [INFO] IPUIPlugin:80 - create IPUIPlugin
2026-09-14 16:04:21,843 [INFO] IPUIPlugin:80 - create IPUIPlugin
2026-09-14 16:04:21,844 [INFO] IPUIPlugin:80 - create IPUIPlugin
2026-09-14 16:04:21,844 [INFO] IPUIPlugin:80 - create IPUIPlugin
2026-09-14 16:04:21,844 [INFO] IPUIPlugin:80 - create IPUIPlugin
2026-09-14 16:04:21,844 [INFO] IPUIPlugin:80 - create IPUIPlugin
2026-09-14 16:04:21,845 [INFO] IPUIPlugin:80 - create IPUIPlugin
2026-09-14 16:04:21,845 [INFO] IPUIPlugin:80 - create IPUIPlugin
2026-09-14 16:04:21,845 [INFO] IPUIPlugin:80 - create IPUIPlugin
2026-09-14 16:04:21,845 [INFO] IPUIPlugin:80 - create IPUIPlugin
2026-09-14 16:04:21,845 [INFO] IPUIPlugin:80 - create IPUIPlugin
2026-09-14 16:04:21,846 [INFO] IPUIPlugin:80 - create IPUIPlugin
2026-09-14 16:04:21,846 [INFO] IPUIPlugin:80 - create IPUIPlugin
2026-09-14 16:04:21,846 [INFO] IPUIPlugin:80 - create IPUIPlugin
2026-09-14 16:04:21,846 [INFO] IPUIPlugin:80 - create IPUIPlugin
2026-09-14 16:04:21,846 [INFO] IPUIPlugin:80 - create IPUIPlugin
2026-09-14 16:04:21,846 [INFO] IPUIPlugin:80 - create IPUIPlugin
2026-09-14 16:04:21,847 [INFO] IPUIPlugin:80 - create IPUIPlugin
2026-09-14 16:04:21,847 [INFO] IPUIPlugin:80 - create IPUIPlugin
2026-09-14 16:04:21,847 [INFO] IPUIPlugin:80 - create IPUIPlugin
2026-09-14 16:04:21,848 [INFO] IPUIPlugin:80 - create IPUIPlugin
2026-09-14 16:04:21,848 [INFO] IPUIPlugin:80 - create IPUIPlugin
2026-09-14 16:04:21,929 [INFO] Can:71 - Can Add PropertyChangeListener com.st.microxplorer.plugins.ip.can.Can@12cb68b3
2026-09-14 16:04:22,120 [INFO] CADModel:165 - CPN selected for project levelSTM32F103C8T6
2026-09-14 16:04:22,121 [INFO] CADModel:114 - Register for checkConnection events
2026-09-14 16:04:22,185 [INFO] OpenFileManager:386 - Restore cursor
2026-09-14 16:09:48,407 [INFO] NvicIntPanel:101 - NVIC parent = com.st.microxplorer.plugins.ip.nvic.MultiNvicIntPanel[,0,0,861x321,layout=javax.swing.BoxLayout,alignmentX=0.0,alignmentY=0.0,border=,flags=9,maximumSize=,minimumSize=,preferredSize=]
2026-09-14 16:09:57,704 [INFO] UtilMem:75 - End SaveConfig() Used Memory: 909725024 Bytes (1073741824)
2026-09-14 16:10:00,244 [INFO] UtilMem:75 - End SaveConfig() Used Memory: 933119272 Bytes (1073741824)
2026-09-14 16:10:05,472 [INFO] UtilMem:75 - End SaveConfig() Used Memory: 728173360 Bytes (1073741824)
2026-09-14 16:10:06,824 [INFO] BlockDiagram:2775 - set Specific Code input for plugin: NVIC
2026-09-14 16:10:06,829 [INFO] BlockDiagram:2775 - set Specific Code input for plugin: SYS
2026-09-14 16:10:06,829 [INFO] BlockDiagram:2775 - set Specific Code input for plugin: GPIO
2026-09-14 16:10:06,829 [INFO] BlockDiagram:2775 - set Specific Code input for plugin: CAN
2026-09-14 16:10:06,829 [INFO] BlockDiagram:2775 - set Specific Code input for plugin: RCC
2026-09-14 16:10:06,832 [INFO] CodeGenerator:892 - code generatio: config db path: /Applications/STM32CubeIDE.app/Contents/Eclipse/plugins/com.st.stm32cube.common.mx_6.15.0.202507011659//db/
2026-09-14 16:10:07,082 [INFO] CodeEngine:265 - oldGeneratedFile, /Users/MAC/STM32CubeIDE/workspace_1.19.0/Test_Can/MXTmpFiles/license.tmp_save
2026-09-14 16:10:07,706 [INFO] CodeEngine:289 - Generated code: /Users/MAC/STM32CubeIDE/workspace_1.19.0/Test_Can/MXTmpFiles/license.tmp
2026-09-14 16:10:07,872 [INFO] CodeEngine:265 - oldGeneratedFile, /Users/MAC/STM32CubeIDE/workspace_1.19.0/Test_Can/MXTmpFiles/gpio.tmp_save
2026-09-14 16:10:08,146 [INFO] CodeEngine:289 - Generated code: /Users/MAC/STM32CubeIDE/workspace_1.19.0/Test_Can/MXTmpFiles/gpio.tmp
2026-09-14 16:10:08,226 [INFO] CodeEngine:265 - oldGeneratedFile, /Users/MAC/STM32CubeIDE/workspace_1.19.0/Test_Can/Core/Src/stm32f1xx_it.c_save
2026-09-14 16:10:08,718 [INFO] CodeEngine:289 - Generated code: /Users/MAC/STM32CubeIDE/workspace_1.19.0/Test_Can/Core/Src/stm32f1xx_it.c
2026-09-14 16:10:08,721 [INFO] CodeEngine:265 - oldGeneratedFile, /Users/MAC/STM32CubeIDE/workspace_1.19.0/Test_Can/Core/Inc/stm32f1xx_it.h_save
2026-09-14 16:10:09,037 [INFO] CodeEngine:289 - Generated code: /Users/MAC/STM32CubeIDE/workspace_1.19.0/Test_Can/Core/Inc/stm32f1xx_it.h
2026-09-14 16:10:09,047 [INFO] CodeEngine:265 - oldGeneratedFile, /Users/MAC/STM32CubeIDE/workspace_1.19.0/Test_Can/Core/Src/stm32f1xx_hal_msp.c_save
2026-09-14 16:10:09,368 [INFO] CodeEngine:289 - Generated code: /Users/MAC/STM32CubeIDE/workspace_1.19.0/Test_Can/Core/Src/stm32f1xx_hal_msp.c
2026-09-14 16:10:09,370 [INFO] CodeEngine:265 - oldGeneratedFile, /Users/MAC/STM32CubeIDE/workspace_1.19.0/Test_Can/MXTmpFiles/system.tmp_save
2026-09-14 16:10:09,463 [INFO] CodeEngine:289 - Generated code: /Users/MAC/STM32CubeIDE/workspace_1.19.0/Test_Can/MXTmpFiles/system.tmp
2026-09-14 16:10:09,471 [INFO] CodeEngine:321 - oldGeneratedFile, /Users/MAC/STM32CubeIDE/workspace_1.19.0/Test_Can/Core/Inc/stm32f1xx_hal_conf.h_save
2026-09-14 16:10:09,565 [INFO] CodeEngine:345 - Generated code: /Users/MAC/STM32CubeIDE/workspace_1.19.0/Test_Can/Core/Inc/stm32f1xx_hal_conf.h
2026-09-14 16:10:09,631 [INFO] ApiDbMcu:532 - Load IP Config File for CAN
2026-09-14 16:10:09,639 [INFO] ApiDbMcu:532 - Load IP Config File for RCC
2026-09-14 16:10:09,646 [INFO] CodeEngine:265 - oldGeneratedFile, /Users/MAC/STM32CubeIDE/workspace_1.19.0/Test_Can/Core/Inc/main.h_save
2026-09-14 16:10:09,818 [INFO] CodeEngine:289 - Generated code: /Users/MAC/STM32CubeIDE/workspace_1.19.0/Test_Can/Core/Inc/main.h
2026-09-14 16:10:09,821 [INFO] CodeEngine:265 - oldGeneratedFile, /Users/MAC/STM32CubeIDE/workspace_1.19.0/Test_Can/Core/Src/main.c_save
2026-09-14 16:10:09,989 [INFO] CodeEngine:289 - Generated code: /Users/MAC/STM32CubeIDE/workspace_1.19.0/Test_Can/Core/Src/main.c
2026-09-14 16:10:10,292 [INFO] ProjectBuilder:3606 - Time for Copy HAL[1] : 74mS.
2026-09-14 16:10:10,299 [INFO] ProjectBuilder:5216 - Project Generator version: 4.7.0-B52
2026-09-14 16:10:10,426 [INFO] ConfigFileManager:1595 - The Die is : DIE410
2026-09-14 16:10:10,453 [INFO] ApiDbMcu:532 - Load IP Config File for FATFS
2026-09-14 16:10:10,544 [INFO] ApiDbMcu:532 - Load IP Config File for FREERTOS
2026-09-14 16:10:10,633 [INFO] ApiDbMcu:532 - Load IP Config File for USB_DEVICE
2026-09-14 16:10:16,774 [INFO] ProjectBuilder:5496 - Time for Generating toolchain IDE Files: 6454mS.
2026-09-14 16:10:16,808 [INFO] ProjectBuilder:3463 - Time for Copy CMSIS : 4mS.
2026-09-14 16:10:16,816 [INFO] ProjectBuilder:3463 - Time for Copy CMSIS : 1mS.
2026-09-14 16:10:46,755 [INFO] MainUpdater:2872 - connection check result : 10
2026-09-14 16:10:46,757 [INFO] MainUpdater:2872 - connection check result : 10
2026-09-14 16:10:47,274 [INFO] MicroXplorer:468 - Change Database Path : 
2026-09-14 16:10:47,275 [INFO] MicroXplorer:498 - Change Database Version : DB.6.0.150
2026-09-14 16:10:47,422 [ERROR] ProjectManagerView:395 - 
java.lang.NullPointerException: Cannot invoke "javax.swing.JTextField.getText()" because the return value of "java.util.List.get(int)" is null
	at com.st.microxplorer.plugins.projectmanager.gui.ProjectChoiceTab$9.caretUpdate(ProjectChoiceTab.java:2706) ~[filemanager.jar:?]
	at javax.swing.text.JTextComponent.fireCaretUpdate(JTextComponent.java:408) ~[?:?]
	at javax.swing.text.JTextComponent$MutableCaretEvent.fire(JTextComponent.java:4484) ~[?:?]
	at javax.swing.text.JTextComponent$MutableCaretEvent.stateChanged(JTextComponent.java:4506) ~[?:?]
	at javax.swing.text.DefaultCaret.fireStateChanged(DefaultCaret.java:857) ~[?:?]
	at javax.swing.text.DefaultCaret.changeCaretPosition(DefaultCaret.java:1343) ~[?:?]
	at javax.swing.text.DefaultCaret.handleSetDot(DefaultCaret.java:1242) ~[?:?]
	at javax.swing.text.DefaultCaret.setDot(DefaultCaret.java:1223) ~[?:?]
	at javax.swing.text.DefaultCaret$Handler.insertUpdate(DefaultCaret.java:1819) ~[?:?]
	at javax.swing.text.AbstractDocument.fireInsertUpdate(AbstractDocument.java:227) ~[?:?]
	at javax.swing.text.AbstractDocument.handleInsertString(AbstractDocument.java:781) ~[?:?]
	at javax.swing.text.AbstractDocument.insertString(AbstractDocument.java:740) ~[?:?]
	at javax.swing.text.PlainDocument.insertString(PlainDocument.java:131) ~[?:?]
	at javax.swing.text.AbstractDocument.replace(AbstractDocument.java:699) ~[?:?]
	at javax.swing.text.JTextComponent.setText(JTextComponent.java:1725) ~[?:?]
	at com.st.microxplorer.plugins.projectmanager.gui.ProjectChoiceTab.createHeapStackFields(ProjectChoiceTab.java:993) ~[filemanager.jar:?]
	at com.st.microxplorer.plugins.projectmanager.gui.ProjectChoiceTab.buildLinkSettingsPanel(ProjectChoiceTab.java:3813) ~[filemanager.jar:?]
	at com.st.microxplorer.plugins.projectmanager.gui.ProjectChoiceTab.defineWindowsFields(ProjectChoiceTab.java:1987) ~[filemanager.jar:?]
	at com.st.microxplorer.plugins.projectmanager.gui.ProjectChoiceTab.updateSettings(ProjectChoiceTab.java:558) ~[filemanager.jar:?]
	at com.st.microxplorer.plugins.projectmanager.gui.ProjectSettingsPanel.UpdateDialog(ProjectSettingsPanel.java:247) ~[filemanager.jar:?]
	at com.st.microxplorer.plugins.projectmanager.ProjectManagerView.propertyChange(ProjectManagerView.java:392) ~[filemanager.jar:?]
	at java.beans.PropertyChangeSupport.fire(PropertyChangeSupport.java:343) ~[?:?]
	at java.beans.PropertyChangeSupport.firePropertyChange(PropertyChangeSupport.java:335) ~[?:?]
	at java.beans.PropertyChangeSupport.firePropertyChange(PropertyChangeSupport.java:268) ~[?:?]
	at com.st.microxplorer.util.MXPropertyChangeSupport.firePropertyChange(MXPropertyChangeSupport.java:54) ~[STM32CubeMX.jar:?]
	at com.st.microxplorer.mxsystem.MxSystem.closeConfig(MxSystem.java:899) ~[STM32CubeMX.jar:?]
	at com.st.microxplorer.maingui.MainPanel.closeConfig(MainPanel.java:792) ~[STM32CubeMX.jar:?]
	at com.st.microxplorer.plugins.filemanager.engine.OpenFileManager.loadConfigurationFile(OpenFileManager.java:288) ~[filemanager.jar:?]
	at com.st.microxplorer.plugins.filemanager.engine.MainFileManager.userLoadConfig(MainFileManager.java:364) ~[filemanager.jar:?]
	at com.st.microxplorer.plugins.filemanager.engine.MainFileManager.userLoadConfig(MainFileManager.java:342) ~[filemanager.jar:?]
	at com.st.microxplorer.plugins.filemanager.FileManagerView.getSpecificTask(FileManagerView.java:264) ~[filemanager.jar:?]
	at com.st.stm32cube.common.mx.editor.CubeMxEditor.getMxTabbedPaneInstance(CubeMxEditor.java:1198) ~[com.st.stm32cube.common.mx_6.15.0.202507011659/:?]
	at com.st.stm32cube.common.mx.editor.CubeMxEditor$12$1.createSwingComponent(CubeMxEditor.java:1068) ~[com.st.stm32cube.common.mx_6.15.0.202507011659/:?]
	at com.st.stm32cube.common.mx.oss.core.awtswtbridge.EmbeddedSwingComposite.doComponentCreation(EmbeddedSwingComposite.java:492) ~[com.st.stm32cube.common.mx.oss_6.15.0.202507011659/:?]
	at com.st.stm32cube.common.mx.oss.core.awtswtbridge.EmbeddedSwingComposite$4.run(EmbeddedSwingComposite.java:291) ~[com.st.stm32cube.common.mx.oss_6.15.0.202507011659/:?]
	at com.st.stm32cube.common.mx.oss.core.awtswtbridge.AwtEnvironment$2.run(AwtEnvironment.java:166) ~[com.st.stm32cube.common.mx.oss_6.15.0.202507011659/:?]
	at java.awt.event.InvocationEvent.dispatch(InvocationEvent.java:318) ~[?:?]
	at java.awt.EventQueue.dispatchEventImpl(EventQueue.java:773) ~[?:?]
	at java.awt.EventQueue$4.run(EventQueue.java:720) ~[?:?]
	at java.awt.EventQueue$4.run(EventQueue.java:714) ~[?:?]
	at java.security.AccessController.doPrivileged(AccessController.java:400) ~[?:?]
	at java.security.ProtectionDomain$JavaSecurityAccessImpl.doIntersectionPrivilege(ProtectionDomain.java:87) ~[?:?]
	at java.awt.EventQueue.dispatchEvent(EventQueue.java:742) ~[?:?]
	at java.awt.EventDispatchThread.pumpOneEventForFilters(EventDispatchThread.java:203) ~[?:?]
	at java.awt.EventDispatchThread.pumpEventsForFilter(EventDispatchThread.java:124) ~[?:?]
	at java.awt.EventDispatchThread.pumpEventsForHierarchy(EventDispatchThread.java:113) ~[?:?]
	at java.awt.EventDispatchThread.pumpEvents(EventDispatchThread.java:109) ~[?:?]
	at java.awt.EventDispatchThread.pumpEvents(EventDispatchThread.java:101) ~[?:?]
	at java.awt.EventDispatchThread.run(EventDispatchThread.java:90) ~[?:?]
2026-09-14 16:10:47,428 [WARN] ThirdParty:871 - waiting for thirdparty lock release [close project]
2026-09-14 16:10:47,428 [INFO] ThirdParty:873 - entering critical section [close project]
2026-09-14 16:10:47,429 [INFO] ThirdParty:883 - exiting critical section [close project]
2026-09-14 16:10:47,438 [INFO] PinOutPanel:1589 - setPackage(No Configuration,No Configuration)
2026-09-14 16:10:47,458 [INFO] UtilMem:75 - Begin LoadConfig() Used Memory: 778337112 Bytes (1073741824)
2026-09-14 16:10:47,459 [INFO] MicroXplorer:468 - Change Database Path : 
2026-09-14 16:10:47,459 [INFO] MicroXplorer:498 - Change Database Version : DB.6.0.150
2026-09-14 16:10:47,459 [INFO] OpenFileManager:355 - Change cursor
2026-09-14 16:10:47,523 [INFO] RulesReader:64 - Compatibility file has been processed (317 Rules)
2026-09-14 16:10:47,534 [INFO] Mcu:2029 - Initializing MCU STM32F103C(8-B)Tx STM32F103C8Tx STM32F103C8T6
2026-09-14 16:10:48,181 [INFO] Context:786 - Trying to add GPIOservice into a context  which must be forbidden
2026-09-14 16:10:50,093 [INFO] ImportTextPane:234 - (OptionalMessage_ERROR) Pin9 (VP_RIF_VS_RIF1) cannot be retrieved for this MCU
2026-09-14 16:10:50,414 [INFO] RtosManager:558 - Registered RTOS mode: class=CMSIS, group=RTOS, mode=CMSIS_V1, owner=FREERTOS
2026-09-14 16:10:50,427 [INFO] RtosManager:558 - Registered RTOS mode: class=CMSIS, group=RTOS2, mode=CMSIS_V2, owner=FREERTOS
2026-09-14 16:10:50,427 [INFO] RtosManager:558 - Registered RTOS mode: class=RTOS, group=Core, mode=CMSIS_V1, owner=FREERTOS
2026-09-14 16:10:50,428 [INFO] RtosManager:558 - Registered RTOS mode: class=RTOS, group=Core, mode=CMSIS_V2, owner=FREERTOS
2026-09-14 16:10:50,428 [WARN] ModelIntegratedComponent:184 - Missing modes for component STMicroelectronics:FreeRTOS:0.0.1:STMicroelectronics:RTOS:FreeRTOS:Core:::10.2.0:
2026-09-14 16:10:50,505 [WARN] ModelIntegratedComponent:63 - No mode defined for component null
2026-09-14 16:10:50,506 [WARN] ModelIntegratedComponent:63 - No mode defined for component null
2026-09-14 16:10:50,506 [WARN] ModelIntegratedComponent:63 - No mode defined for component null
2026-09-14 16:10:50,506 [WARN] ModelIntegratedComponent:63 - No mode defined for component null
2026-09-14 16:10:50,506 [WARN] ModelIntegratedComponent:63 - No mode defined for component null
2026-09-14 16:10:50,506 [WARN] ModelIntegratedComponent:63 - No mode defined for component null
2026-09-14 16:10:50,506 [WARN] ModelIntegratedComponent:63 - No mode defined for component null
2026-09-14 16:10:50,506 [WARN] ModelIntegratedComponent:63 - No mode defined for component null
2026-09-14 16:10:50,506 [WARN] ModelIntegratedComponent:63 - No mode defined for component null
2026-09-14 16:10:50,506 [WARN] ModelIntegratedComponent:63 - No mode defined for component null
2026-09-14 16:10:50,506 [WARN] ModelIntegratedComponent:63 - No mode defined for component null
2026-09-14 16:10:50,506 [WARN] ModelIntegratedComponent:63 - No mode defined for component null
2026-09-14 16:10:50,506 [WARN] ModelIntegratedComponent:63 - No mode defined for component null
2026-09-14 16:10:50,506 [WARN] ModelIntegratedComponent:63 - No mode defined for component null
2026-09-14 16:10:50,506 [WARN] ModelIntegratedComponent:63 - No mode defined for component null
2026-09-14 16:10:50,506 [WARN] ModelIntegratedComponent:63 - No mode defined for component null
2026-09-14 16:10:50,506 [WARN] ModelIntegratedComponent:63 - No mode defined for component null
2026-09-14 16:10:50,506 [WARN] ModelIntegratedComponent:63 - No mode defined for component null
2026-09-14 16:10:50,506 [WARN] ModelIntegratedComponent:63 - No mode defined for component null
2026-09-14 16:10:50,506 [WARN] ModelIntegratedComponent:63 - No mode defined for component null
2026-09-14 16:10:50,506 [WARN] ModelIntegratedComponent:63 - No mode defined for component null
2026-09-14 16:10:50,507 [WARN] ModelIntegratedComponent:63 - No mode defined for component null
2026-09-14 16:10:50,507 [WARN] ModelIntegratedComponent:63 - No mode defined for component null
2026-09-14 16:10:50,507 [WARN] ModelIntegratedComponent:63 - No mode defined for component null
2026-09-14 16:10:50,507 [WARN] ModelIntegratedComponent:63 - No mode defined for component null
2026-09-14 16:10:50,507 [WARN] ModelIntegratedComponent:63 - No mode defined for component null
2026-09-14 16:10:50,507 [WARN] ModelIntegratedComponent:63 - No mode defined for component null
2026-09-14 16:10:50,507 [WARN] ModelIntegratedComponent:63 - No mode defined for component null
2026-09-14 16:10:50,507 [WARN] ModelIntegratedComponent:63 - No mode defined for component null
2026-09-14 16:10:50,507 [WARN] ModelIntegratedComponent:63 - No mode defined for component null
2026-09-14 16:10:50,507 [WARN] ModelIntegratedComponent:63 - No mode defined for component null
2026-09-14 16:10:50,507 [WARN] ModelIntegratedComponent:63 - No mode defined for component null
2026-09-14 16:10:50,507 [WARN] ModelIntegratedComponent:63 - No mode defined for component null
2026-09-14 16:10:50,507 [WARN] ModelIntegratedComponent:63 - No mode defined for component null
2026-09-14 16:10:50,507 [WARN] ModelIntegratedComponent:63 - No mode defined for component null
2026-09-14 16:10:50,507 [WARN] ModelPack:524 - Component already loaded: STMicroelectronics:HAL Drivers:0.0.0:STMicroelectronics:Device:STMicro_Driver:XSPI:HAL::0.0.1:HAL_XSPI
2026-09-14 16:10:50,684 [INFO] ThirdPartyModel:298 - Start build external matchings
2026-09-14 16:10:51,610 [INFO] ThirdPartyModel:316 - End build external matchings
2026-09-14 16:10:51,705 [INFO] ImportTextPane:234 - (OptionalMessage_ERROR) IP (RCC) : Parameter (ADCFreqValue) has invalid value (36000000)
2026-09-14 16:10:51,711 [INFO] ImportTextPane:234 - (OptionalMessage_ERROR) IP (RCC) : Invalid parameter (FamilyName)
2026-09-14 16:10:51,711 [INFO] ImportTextPane:234 - (OptionalMessage_ERROR) IP (RCC) : Parameter (MCOFreq_Value) has invalid value (72000000)
2026-09-14 16:10:51,714 [INFO] ImportTextPane:234 - (OptionalMessage_ERROR) IP (RCC) : Parameter (USBFreq_Value) has invalid value (72000000)
2026-09-14 16:10:51,950 [INFO] UtilMem:75 - End LoadConfig() Used Memory: 897298328 Bytes (1073741824)
2026-09-14 16:10:52,329 [WARN] ThirdParty:833 - waiting for thirdparty lock release [change project]
2026-09-14 16:10:52,330 [INFO] ThirdParty:835 - entering critical section [change project]
2026-09-14 16:10:52,330 [INFO] ThirdParty:1030 - CMSIS Pack Vendor :STMicroelectronics X-CUBE-AZRTOS-H7 3.5.0
2026-09-14 16:10:52,331 [INFO] ThirdParty:1030 - CMSIS Pack Vendor :STMicroelectronics X-CUBE-PM33A1 1.0.0
2026-09-14 16:10:52,331 [INFO] ThirdParty:1030 - CMSIS Pack Vendor :STMicroelectronics USBPD 4.1
2026-09-14 16:10:52,331 [INFO] ThirdParty:1030 - CMSIS Pack Vendor :STMicroelectronics USB_HOST 2.0.0
2026-09-14 16:10:52,331 [INFO] ThirdParty:1030 - CMSIS Pack Vendor :STMicroelectronics FP-SNS-MOTENVWB1 1.4.0
2026-09-14 16:10:52,331 [INFO] ThirdParty:1030 - CMSIS Pack Vendor :STMicroelectronics FP-ATR-ASTRA1 2.0.3
2026-09-14 16:10:52,331 [INFO] ThirdParty:1030 - CMSIS Pack Vendor :STMicroelectronics X-CUBE-AZRTOS-F4 1.1.0
2026-09-14 16:10:52,331 [INFO] ThirdParty:1030 - CMSIS Pack Vendor :STMicroelectronics LIBJPEG 8.0.0
2026-09-14 16:10:52,331 [INFO] ThirdParty:1030 - CMSIS Pack Vendor :STMicroelectronics FP-ATR-ASTRA1 2.0.2
2026-09-14 16:10:52,331 [INFO] ThirdParty:1030 - CMSIS Pack Vendor :Avnet-IotConnect X-CUBE-IoTC-DA16k-PMOD 1.0.0
2026-09-14 16:10:52,331 [INFO] ThirdParty:1030 - CMSIS Pack Vendor :STMicroelectronics X-CUBE-SMBUS 2.1.0
2026-09-14 16:10:52,331 [INFO] ThirdParty:1030 - CMSIS Pack Vendor :STMicroelectronics X-CUBE-ISPU 2.1.0
2026-09-14 16:10:52,331 [INFO] ThirdParty:1030 - CMSIS Pack Vendor :STMicroelectronics X-CUBE-IPS 3.2.0
2026-09-14 16:10:52,331 [INFO] ThirdParty:1030 - CMSIS Pack Vendor :STMicroelectronics eDS-WB_DPC_TT-BIDIR 2.1.1
2026-09-14 16:10:52,331 [INFO] ThirdParty:1030 - CMSIS Pack Vendor :STMicroelectronics X-CUBE-ST60 1.0.0
2026-09-14 16:10:52,331 [INFO] ThirdParty:1030 - CMSIS Pack Vendor :STMicroelectronics X-CUBE-NFC12 1.0.0
2026-09-14 16:10:52,331 [INFO] ThirdParty:1030 - CMSIS Pack Vendor :STMicroelectronics X-CUBE-AZRTOS-F7 1.1.0
2026-09-14 16:10:52,331 [INFO] ThirdParty:1030 - CMSIS Pack Vendor :STMicroelectronics X-CUBE-AZRTOS-L5 2.0.0
2026-09-14 16:10:52,331 [INFO] ThirdParty:1030 - CMSIS Pack Vendor :STMicroelectronics USB_DEVICE 2.0.0
2026-09-14 16:10:52,331 [INFO] ThirdParty:1030 - CMSIS Pack Vendor :STMicroelectronics X-CUBE-FREERTOS 1.6.0
2026-09-14 16:10:52,331 [INFO] ThirdParty:1030 - CMSIS Pack Vendor :STMicroelectronics X-CUBE-NFC6 3.1.0
2026-09-14 16:10:52,331 [INFO] ThirdParty:1030 - CMSIS Pack Vendor :STMicroelectronics X-CUBE-ALGOBUILD 1.5.0
2026-09-14 16:10:52,331 [INFO] ThirdParty:1030 - CMSIS Pack Vendor :STMicroelectronics FP-SNS-MOTENV1 5.1.0
2026-09-14 16:10:52,331 [INFO] ThirdParty:1030 - CMSIS Pack Vendor :STMicroelectronics FreeRTOS 0.0.1
2026-09-14 16:10:52,331 [INFO] ThirdParty:1030 - CMSIS Pack Vendor :STMicroelectronics X-CUBE-AZRTOS-H7RS 1.3.0
2026-09-14 16:10:52,331 [INFO] ThirdParty:1030 - CMSIS Pack Vendor :STMicroelectronics eDS-WB_DPC_VIENNA 1.2.0
2026-09-14 16:10:52,331 [INFO] ThirdParty:1030 - CMSIS Pack Vendor :WES I-CUBE-Cesium 1.4.0
2026-09-14 16:10:52,331 [INFO] ThirdParty:1030 - CMSIS Pack Vendor :STMicroelectronics X-CUBE-MEMS1 13.0.0
2026-09-14 16:10:52,331 [INFO] ThirdParty:1030 - CMSIS Pack Vendor :STMicroelectronics eDS-WB_DPC_3PH2L-BIDIR 1.1.1
2026-09-14 16:10:52,331 [INFO] ThirdParty:1030 - CMSIS Pack Vendor :Infineon AIROC-Wi-Fi-Bluetooth-STM32 1.7.1
2026-09-14 16:10:52,331 [INFO] ThirdParty:1030 - CMSIS Pack Vendor :STMicroelectronics PDM2PCM 3.3.0
2026-09-14 16:10:52,331 [INFO] ThirdParty:1030 - CMSIS Pack Vendor :STMicroelectronics X-CUBE-AZRTOS-H7 3.4.0
2026-09-14 16:10:52,331 [INFO] ThirdParty:1030 - CMSIS Pack Vendor :STMicroelectronics X-CUBE-DISPLAY 3.0.0
2026-09-14 16:10:52,331 [INFO] ThirdParty:1030 - CMSIS Pack Vendor :STMicroelectronics X-CUBE-GNSS1 7.1.1
2026-09-14 16:10:52,331 [INFO] ThirdParty:1030 - CMSIS Pack Vendor :STMicroelectronics FP-SNS-MOTENVWB1 1.5.0
2026-09-14 16:10:52,331 [INFO] ThirdParty:1030 - CMSIS Pack Vendor :STMicroelectronics X-CUBE-NFC10 1.0.0
2026-09-14 16:10:52,331 [INFO] ThirdParty:1030 - CMSIS Pack Vendor :STMicroelectronics X-CUBE-FREERTOS 1.3.1
2026-09-14 16:10:52,331 [INFO] ThirdParty:1030 - CMSIS Pack Vendor :STMicroelectronics HAL Drivers 0.0.0
2026-09-14 16:10:52,331 [INFO] ThirdParty:1030 - CMSIS Pack Vendor :STMicroelectronics X-CUBE-ST60 1.1.0
2026-09-14 16:10:52,331 [INFO] ThirdParty:1030 - CMSIS Pack Vendor :emotas I-CUBE-CANOPEN 1.3.0
2026-09-14 16:10:52,331 [INFO] ThirdParty:1030 - CMSIS Pack Vendor :STMicroelectronics MBEDTLS 2.14.1
2026-09-14 16:10:52,331 [INFO] ThirdParty:1030 - CMSIS Pack Vendor :STMicroelectronics X-CUBE-TOUCHGFX 4.26.1
2026-09-14 16:10:52,332 [INFO] ThirdParty:1030 - CMSIS Pack Vendor :STMicroelectronics FP-SNS-STBOX1 2.1.0
2026-09-14 16:10:52,332 [INFO] ThirdParty:1030 - CMSIS Pack Vendor :STMicroelectronics FP-SNS-STAIOTCFT 1.0.0
2026-09-14 16:10:52,332 [INFO] ThirdParty:1030 - CMSIS Pack Vendor :STMicroelectronics FP-SNS-SMARTAG2 1.2.0
2026-09-14 16:10:52,332 [INFO] ThirdParty:1030 - CMSIS Pack Vendor :STMicroelectronics FP-SNS-FLIGHT1 5.1.0
2026-09-14 16:10:52,332 [INFO] ThirdParty:1030 - CMSIS Pack Vendor :STMicroelectronics X-CUBE-AZRTOS-WL 2.0.0
2026-09-14 16:10:52,332 [INFO] ThirdParty:1030 - CMSIS Pack Vendor :STMicroelectronics X-CUBE-DPower 1.3.0
2026-09-14 16:10:52,332 [INFO] ThirdParty:1030 - CMSIS Pack Vendor :STMicroelectronics FP-SNS-MOTENV1 5.0.0
2026-09-14 16:10:52,332 [INFO] ThirdParty:1030 - CMSIS Pack Vendor :STMicroelectronics USB_DEVICE 1.0.0
2026-09-14 16:10:52,332 [INFO] ThirdParty:1030 - CMSIS Pack Vendor :STMicroelectronics X-CUBE-AZRTOS-H7RS 1.2.0
2026-09-14 16:10:52,332 [INFO] ThirdParty:1030 - CMSIS Pack Vendor :STMicroelectronics X-CUBE-AZRTOS-L4 2.0.0
2026-09-14 16:10:52,332 [INFO] ThirdParty:1030 - CMSIS Pack Vendor :STMicroelectronics ThreadX 0.0.2
2026-09-14 16:10:52,332 [INFO] ThirdParty:1030 - CMSIS Pack Vendor :WES I-CUBE-Cesium 1.3.0
2026-09-14 16:10:52,332 [INFO] ThirdParty:1030 - CMSIS Pack Vendor :STMicroelectronics lwIP 2.1.2
2026-09-14 16:10:52,332 [INFO] ThirdParty:1030 - CMSIS Pack Vendor :STMicroelectronics X-CUBE-SFXS2LP1 4.0.0
2026-09-14 16:10:52,332 [INFO] ThirdParty:1030 - CMSIS Pack Vendor :STMicroelectronics X-CUBE-BLE2 3.3.0
2026-09-14 16:10:52,333 [INFO] ThirdParty:1030 - CMSIS Pack Vendor :Avnet-IOTCONNECT X-CUBE-iotc-st67-sdk 1.0.0
2026-09-14 16:10:52,334 [INFO] ThirdParty:1030 - CMSIS Pack Vendor :STMicroelectronics PDM2PCM 3.2.0
2026-09-14 16:10:52,335 [INFO] ThirdParty:1030 - CMSIS Pack Vendor :STMicroelectronics X-CUBE-WB05N 2.1.0
2026-09-14 16:10:52,336 [INFO] ThirdParty:1030 - CMSIS Pack Vendor :STMicroelectronics X-CUBE-NFC9 1.0.0
2026-09-14 16:10:52,336 [INFO] ThirdParty:1030 - CMSIS Pack Vendor :wolfSSL I-CUBE-wolfSSL 5.8.2
2026-09-14 16:10:52,336 [INFO] ThirdParty:1030 - CMSIS Pack Vendor :STMicroelectronics X-CUBE-BLE1 7.1.0
2026-09-14 16:10:52,336 [INFO] ThirdParty:1030 - CMSIS Pack Vendor :wolfSSL I-CUBE-wolfMQTT 1.19.2
2026-09-14 16:10:52,336 [INFO] ThirdParty:1030 - CMSIS Pack Vendor :STMicroelectronics USB_DEVICE 3.0.0
2026-09-14 16:10:52,336 [INFO] ThirdParty:1030 - CMSIS Pack Vendor :STMicroelectronics X-CUBE-EEPRMA1 5.2.0
2026-09-14 16:10:52,336 [INFO] ThirdParty:1030 - CMSIS Pack Vendor :STMicroelectronics X-CUBE-BLEMGR 4.1.0
2026-09-14 16:10:52,336 [INFO] ThirdParty:1030 - CMSIS Pack Vendor :STMicroelectronics X-CUBE-AZRTOS-WB 2.0.0
2026-09-14 16:10:52,336 [INFO] ThirdParty:1030 - CMSIS Pack Vendor :STMicroelectronics X-CUBE-GNSS1 7.0.1
2026-09-14 16:10:52,336 [INFO] ThirdParty:1030 - CMSIS Pack Vendor :STMicroelectronics X-CUBE-TOUCHGFX 4.25.0
2026-09-14 16:10:52,336 [INFO] ThirdParty:1030 - CMSIS Pack Vendor :STMicroelectronics FP-SNS-STAIOTCFT 1.1.0
2026-09-14 16:10:52,336 [INFO] ThirdParty:1030 - CMSIS Pack Vendor :quantropi X-CUBE-qispace-sdk-base 2.1.0
2026-09-14 16:10:52,336 [INFO] ThirdParty:1030 - CMSIS Pack Vendor :STMicroelectronics X-CUBE-STSE01 2.0.0
2026-09-14 16:10:52,336 [INFO] ThirdParty:1030 - CMSIS Pack Vendor :STMicroelectronics X-CUBE-AZRTOS-G0 1.1.0
2026-09-14 16:10:52,336 [INFO] ThirdParty:1030 - CMSIS Pack Vendor :STMicroelectronics X-CUBE-SAFEA1 1.2.2
2026-09-14 16:10:52,336 [INFO] ThirdParty:1030 - CMSIS Pack Vendor :STMicroelectronics X-CUBE-NFC4 3.0.0
2026-09-14 16:10:52,336 [INFO] ThirdParty:1030 - CMSIS Pack Vendor :STMicroelectronics X-CUBE-SUBG2 5.0.0
2026-09-14 16:10:52,337 [INFO] ThirdParty:1030 - CMSIS Pack Vendor :STMicroelectronics X-CUBE-AZRTOS-H7RS 1.1.0
2026-09-14 16:10:52,337 [INFO] ThirdParty:1030 - CMSIS Pack Vendor :STMicroelectronics STM32_WPAN 1.0.0
2026-09-14 16:10:52,337 [INFO] ThirdParty:1030 - CMSIS Pack Vendor :EmbeddedOffice I-CUBE-FS-RTOS 1.0.1
2026-09-14 16:10:52,337 [INFO] ThirdParty:1030 - CMSIS Pack Vendor :STMicroelectronics lwIP 2.0.3
2026-09-14 16:10:52,337 [INFO] ThirdParty:1030 - CMSIS Pack Vendor :Cesanta I-CUBE-Mongoose 7.13.0
2026-09-14 16:10:52,337 [INFO] ThirdParty:1030 - CMSIS Pack Vendor :STMicroelectronics USB_HOST 1.0.0
2026-09-14 16:10:52,337 [INFO] ThirdParty:1030 - CMSIS Pack Vendor :STMicroelectronics X-CUBE-AZRTOS-G4 2.0.0
2026-09-14 16:10:52,337 [INFO] ThirdParty:1030 - CMSIS Pack Vendor :STMicroelectronics X-CUBE-WB05N 2.0.0
2026-09-14 16:10:52,337 [INFO] ThirdParty:1030 - CMSIS Pack Vendor :STMicroelectronics PDM2PCM 3.1.0
2026-09-14 16:10:52,337 [INFO] ThirdParty:1030 - CMSIS Pack Vendor :wolfSSL I-CUBE-wolfTPM 3.8.0
2026-09-14 16:10:52,337 [INFO] ThirdParty:1030 - CMSIS Pack Vendor :wolfSSL I-CUBE-wolfSSH 1.4.20
2026-09-14 16:10:52,337 [INFO] ThirdParty:1030 - CMSIS Pack Vendor :STMicroelectronics X-CUBE-NFC7 2.0.0
2026-09-14 16:10:52,337 [INFO] ThirdParty:1030 - CMSIS Pack Vendor :STMicroelectronics X-CUBE-TCPP 4.2.0
2026-09-14 16:10:52,337 [INFO] ThirdParty:1030 - CMSIS Pack Vendor :RealThread X-CUBE-RT-Thread_Nano 4.1.1
2026-09-14 16:10:52,337 [INFO] ThirdParty:1030 - CMSIS Pack Vendor :STMicroelectronics FP-ATR-SIGFOX1 3.2.0
2026-09-14 16:10:52,337 [INFO] ThirdParty:1030 - CMSIS Pack Vendor :STMicroelectronics X-CUBE-FREERTOS 1.5.0
2026-09-14 16:10:52,337 [INFO] ThirdParty:1030 - CMSIS Pack Vendor :STMicroelectronics MBEDTLS 2.16.2
2026-09-14 16:10:52,337 [INFO] ThirdParty:1030 - CMSIS Pack Vendor :STMicroelectronics X-CUBE-IPS 3.1.0
2026-09-14 16:10:52,337 [INFO] ThirdParty:1030 - CMSIS Pack Vendor :STMicroelectronics X-CUBE-ALS 1.0.2
2026-09-14 16:10:52,337 [INFO] ThirdParty:1030 - CMSIS Pack Vendor :ITTIA_DB I-CUBE-ITTIADB 8.9.0
2026-09-14 16:10:52,337 [INFO] ThirdParty:1030 - CMSIS Pack Vendor :portGmbH I-Cube-SoM-uGOAL 1.1.0
2026-09-14 16:10:52,337 [INFO] ThirdParty:1030 - CMSIS Pack Vendor :STMicroelectronics X-CUBE-NFC6 3.2.0
2026-09-14 16:10:52,337 [INFO] ThirdParty:1030 - CMSIS Pack Vendor :STMicroelectronics X-CUBE-ST67W61 1.0.0
2026-09-14 16:10:52,337 [INFO] ThirdParty:1030 - CMSIS Pack Vendor :STMicroelectronics X-CUBE-AI 10.2.1
2026-09-14 16:10:52,337 [INFO] ThirdParty:1030 - CMSIS Pack Vendor :STMicroelectronics X-CUBE-AI 10.2.0
2026-09-14 16:10:52,337 [INFO] ThirdParty:1030 - CMSIS Pack Vendor :STMicroelectronics ThreadX 1.0.0
2026-09-14 16:10:52,337 [INFO] ThirdParty:1030 - CMSIS Pack Vendor :STMicroelectronics X-CUBE-MEMS1 12.1.0
2026-09-14 16:10:52,337 [INFO] ThirdParty:1030 - CMSIS Pack Vendor :SEGGER I-CUBE-embOS 1.3.1
2026-09-14 16:10:52,337 [INFO] ThirdParty:1030 - CMSIS Pack Vendor :STMicroelectronics X-CUBE-ALGOBUILD 1.4.0
2026-09-14 16:10:52,337 [INFO] ThirdParty:1030 - CMSIS Pack Vendor :STMicroelectronics X-CUBE-MEMS1 11.3.0
2026-09-14 16:10:52,337 [INFO] ThirdParty:1030 - CMSIS Pack Vendor :STMicroelectronics X-CUBE-TOF1 3.4.3
2026-09-14 16:10:52,337 [INFO] ThirdParty:1030 - CMSIS Pack Vendor :STMicroelectronics X-CUBE-NFC13 1.0.0
2026-09-14 16:10:52,343 [INFO] ThirdParty:841 - exiting critical section [change project]
2026-09-14 16:10:53,161 [INFO] PinOutPanel:1589 - setPackage(No Configuration,No Configuration)
2026-09-14 16:10:53,170 [INFO] PinOutPanel:1589 - setPackage(STM32F103C8Tx,LQFP48)
2026-09-14 16:10:53,710 [INFO] UtilMem:75 - Before build in PCC Used Memory: 751701432 Bytes (1073741824)
2026-09-14 16:10:54,236 [INFO] UtilMem:75 - After build in PCC Used Memory: 793644472 Bytes (1073741824)
2026-09-14 16:10:54,289 [INFO] IPUIPlugin:80 - create IPUIPlugin
2026-09-14 16:10:54,290 [INFO] IPUIPlugin:80 - create IPUIPlugin
2026-09-14 16:10:54,290 [INFO] IPUIPlugin:80 - create IPUIPlugin
2026-09-14 16:10:54,290 [INFO] IPUIPlugin:80 - create IPUIPlugin
2026-09-14 16:10:54,290 [INFO] IPUIPlugin:80 - create IPUIPlugin
2026-09-14 16:10:54,290 [INFO] IPUIPlugin:80 - create IPUIPlugin
2026-09-14 16:10:54,291 [INFO] IPUIPlugin:80 - create IPUIPlugin
2026-09-14 16:10:54,291 [INFO] IPUIPlugin:80 - create IPUIPlugin
2026-09-14 16:10:54,291 [INFO] IPUIPlugin:80 - create IPUIPlugin
2026-09-14 16:10:54,291 [INFO] IPUIPlugin:80 - create IPUIPlugin
2026-09-14 16:10:54,291 [INFO] IPUIPlugin:80 - create IPUIPlugin
2026-09-14 16:10:54,292 [INFO] IPUIPlugin:80 - create IPUIPlugin
2026-09-14 16:10:54,292 [INFO] IPUIPlugin:80 - create IPUIPlugin
2026-09-14 16:10:54,292 [INFO] IPUIPlugin:80 - create IPUIPlugin
2026-09-14 16:10:54,292 [INFO] IPUIPlugin:80 - create IPUIPlugin
2026-09-14 16:10:54,292 [INFO] IPUIPlugin:80 - create IPUIPlugin
2026-09-14 16:10:54,292 [INFO] IPUIPlugin:80 - create IPUIPlugin
2026-09-14 16:10:54,293 [INFO] IPUIPlugin:80 - create IPUIPlugin
2026-09-14 16:10:54,293 [INFO] IPUIPlugin:80 - create IPUIPlugin
2026-09-14 16:10:54,293 [INFO] IPUIPlugin:80 - create IPUIPlugin
2026-09-14 16:10:54,293 [INFO] IPUIPlugin:80 - create IPUIPlugin
2026-09-14 16:10:54,293 [INFO] IPUIPlugin:80 - create IPUIPlugin
2026-09-14 16:10:54,294 [INFO] IPUIPlugin:80 - create IPUIPlugin
2026-09-14 16:10:54,294 [INFO] IPUIPlugin:80 - create IPUIPlugin
2026-09-14 16:10:54,294 [INFO] IPUIPlugin:80 - create IPUIPlugin
2026-09-14 16:10:54,295 [INFO] IPUIPlugin:80 - create IPUIPlugin
2026-09-14 16:10:54,295 [INFO] IPUIPlugin:80 - create IPUIPlugin
2026-09-14 16:10:54,309 [INFO] Can:71 - Can Add PropertyChangeListener com.st.microxplorer.plugins.ip.can.Can@1a8d0c7a
2026-09-14 16:10:54,421 [INFO] CADModel:165 - CPN selected for project levelSTM32F103C8T6
2026-09-14 16:10:54,421 [INFO] CADModel:114 - Register for checkConnection events
2026-09-14 16:10:54,467 [INFO] OpenFileManager:386 - Restore cursor
2026-09-14 16:11:36,088 [INFO] UtilMem:75 - End SaveConfig() Used Memory: 889140800 Bytes (1073741824)
2026-09-14 16:11:37,429 [INFO] UtilMem:75 - End SaveConfig() Used Memory: 913040424 Bytes (1073741824)
2026-09-14 16:11:40,637 [INFO] UtilMem:75 - End SaveConfig() Used Memory: 752539384 Bytes (1073741824)
2026-09-14 16:11:41,010 [INFO] BlockDiagram:2775 - set Specific Code input for plugin: NVIC
2026-09-14 16:11:41,010 [INFO] BlockDiagram:2775 - set Specific Code input for plugin: USART
2026-09-14 16:11:41,011 [INFO] BlockDiagram:2775 - set Specific Code input for plugin: SYS
2026-09-14 16:11:41,011 [INFO] BlockDiagram:2775 - set Specific Code input for plugin: GPIO
2026-09-14 16:11:41,011 [INFO] BlockDiagram:2775 - set Specific Code input for plugin: CAN
2026-09-14 16:11:41,011 [INFO] BlockDiagram:2775 - set Specific Code input for plugin: RCC
2026-09-14 16:11:41,012 [INFO] CodeGenerator:892 - code generatio: config db path: /Applications/STM32CubeIDE.app/Contents/Eclipse/plugins/com.st.stm32cube.common.mx_6.15.0.202507011659//db/
2026-09-14 16:11:41,144 [INFO] CodeEngine:265 - oldGeneratedFile, /Users/MAC/STM32CubeIDE/workspace_1.19.0/Demo_Project_f103/MXTmpFiles/license.tmp_save
2026-09-14 16:11:41,360 [INFO] CodeEngine:289 - Generated code: /Users/MAC/STM32CubeIDE/workspace_1.19.0/Demo_Project_f103/MXTmpFiles/license.tmp
2026-09-14 16:11:41,477 [INFO] CodeEngine:265 - oldGeneratedFile, /Users/MAC/STM32CubeIDE/workspace_1.19.0/Demo_Project_f103/MXTmpFiles/gpio.tmp_save
2026-09-14 16:11:41,635 [INFO] CodeEngine:289 - Generated code: /Users/MAC/STM32CubeIDE/workspace_1.19.0/Demo_Project_f103/MXTmpFiles/gpio.tmp
2026-09-14 16:11:41,778 [INFO] CodeEngine:265 - oldGeneratedFile, /Users/MAC/STM32CubeIDE/workspace_1.19.0/Demo_Project_f103/Core/Src/stm32f1xx_it.c_save
2026-09-14 16:11:41,951 [INFO] CodeEngine:289 - Generated code: /Users/MAC/STM32CubeIDE/workspace_1.19.0/Demo_Project_f103/Core/Src/stm32f1xx_it.c
2026-09-14 16:11:41,954 [INFO] CodeEngine:265 - oldGeneratedFile, /Users/MAC/STM32CubeIDE/workspace_1.19.0/Demo_Project_f103/Core/Inc/stm32f1xx_it.h_save
2026-09-14 16:11:42,040 [INFO] CodeEngine:289 - Generated code: /Users/MAC/STM32CubeIDE/workspace_1.19.0/Demo_Project_f103/Core/Inc/stm32f1xx_it.h
2026-09-14 16:11:42,053 [INFO] CodeEngine:265 - oldGeneratedFile, /Users/MAC/STM32CubeIDE/workspace_1.19.0/Demo_Project_f103/Core/Src/stm32f1xx_hal_msp.c_save
2026-09-14 16:11:42,223 [INFO] CodeEngine:289 - Generated code: /Users/MAC/STM32CubeIDE/workspace_1.19.0/Demo_Project_f103/Core/Src/stm32f1xx_hal_msp.c
2026-09-14 16:11:42,225 [INFO] CodeEngine:265 - oldGeneratedFile, /Users/MAC/STM32CubeIDE/workspace_1.19.0/Demo_Project_f103/MXTmpFiles/system.tmp_save
2026-09-14 16:11:42,314 [INFO] CodeEngine:289 - Generated code: /Users/MAC/STM32CubeIDE/workspace_1.19.0/Demo_Project_f103/MXTmpFiles/system.tmp
2026-09-14 16:11:42,322 [INFO] CodeEngine:321 - oldGeneratedFile, /Users/MAC/STM32CubeIDE/workspace_1.19.0/Demo_Project_f103/Core/Inc/stm32f1xx_hal_conf.h_save
2026-09-14 16:11:42,414 [INFO] CodeEngine:345 - Generated code: /Users/MAC/STM32CubeIDE/workspace_1.19.0/Demo_Project_f103/Core/Inc/stm32f1xx_hal_conf.h
2026-09-14 16:11:42,464 [INFO] ApiDbMcu:532 - Load IP Config File for CAN
2026-09-14 16:11:42,482 [INFO] ApiDbMcu:532 - Load IP Config File for USART1
2026-09-14 16:11:42,491 [INFO] ApiDbMcu:532 - Load IP Config File for RCC
2026-09-14 16:11:42,498 [INFO] CodeEngine:265 - oldGeneratedFile, /Users/MAC/STM32CubeIDE/workspace_1.19.0/Demo_Project_f103/Core/Inc/main.h_save
2026-09-14 16:11:42,628 [INFO] CodeEngine:289 - Generated code: /Users/MAC/STM32CubeIDE/workspace_1.19.0/Demo_Project_f103/Core/Inc/main.h
2026-09-14 16:11:42,632 [INFO] CodeEngine:265 - oldGeneratedFile, /Users/MAC/STM32CubeIDE/workspace_1.19.0/Demo_Project_f103/Core/Src/main.c_save
2026-09-14 16:11:42,781 [INFO] CodeEngine:289 - Generated code: /Users/MAC/STM32CubeIDE/workspace_1.19.0/Demo_Project_f103/Core/Src/main.c
2026-09-14 16:11:43,059 [INFO] ProjectBuilder:3606 - Time for Copy HAL[1] : 74mS.
2026-09-14 16:11:43,065 [INFO] ProjectBuilder:5216 - Project Generator version: 4.7.0-B52
2026-09-14 16:11:43,194 [INFO] ConfigFileManager:1595 - The Die is : DIE410
2026-09-14 16:11:43,214 [INFO] ApiDbMcu:532 - Load IP Config File for FATFS
2026-09-14 16:11:43,306 [INFO] ApiDbMcu:532 - Load IP Config File for FREERTOS
2026-09-14 16:11:43,401 [INFO] ApiDbMcu:532 - Load IP Config File for USB_DEVICE
2026-09-14 16:11:47,514 [INFO] ProjectBuilder:5496 - Time for Generating toolchain IDE Files: 4433mS.
2026-09-14 16:11:47,534 [INFO] ProjectBuilder:3463 - Time for Copy CMSIS : 1mS.
2026-09-14 16:11:47,544 [INFO] ProjectBuilder:3463 - Time for Copy CMSIS : 0mS.
2026-09-14 16:41:09,293 [INFO] MainUpdater:2872 - connection check result : 10
2026-09-14 16:41:09,305 [INFO] MainUpdater:2872 - connection check result : 10
2026-09-14 16:41:10,083 [INFO] MicroXplorer:468 - Change Database Path : 
2026-09-14 16:41:10,083 [INFO] MicroXplorer:498 - Change Database Version : DB.6.0.150
2026-09-14 16:41:10,335 [ERROR] ProjectManagerView:395 - 
java.lang.NullPointerException: Cannot invoke "javax.swing.JTextField.getText()" because the return value of "java.util.List.get(int)" is null
	at com.st.microxplorer.plugins.projectmanager.gui.ProjectChoiceTab$9.caretUpdate(ProjectChoiceTab.java:2706) ~[filemanager.jar:?]
	at javax.swing.text.JTextComponent.fireCaretUpdate(JTextComponent.java:408) ~[?:?]
	at javax.swing.text.JTextComponent$MutableCaretEvent.fire(JTextComponent.java:4484) ~[?:?]
	at javax.swing.text.JTextComponent$MutableCaretEvent.stateChanged(JTextComponent.java:4506) ~[?:?]
	at javax.swing.text.DefaultCaret.fireStateChanged(DefaultCaret.java:857) ~[?:?]
	at javax.swing.text.DefaultCaret.changeCaretPosition(DefaultCaret.java:1343) ~[?:?]
	at javax.swing.text.DefaultCaret.handleSetDot(DefaultCaret.java:1242) ~[?:?]
	at javax.swing.text.DefaultCaret.setDot(DefaultCaret.java:1223) ~[?:?]
	at javax.swing.text.DefaultCaret$Handler.insertUpdate(DefaultCaret.java:1819) ~[?:?]
	at javax.swing.text.AbstractDocument.fireInsertUpdate(AbstractDocument.java:227) ~[?:?]
	at javax.swing.text.AbstractDocument.handleInsertString(AbstractDocument.java:781) ~[?:?]
	at javax.swing.text.AbstractDocument.insertString(AbstractDocument.java:740) ~[?:?]
	at javax.swing.text.PlainDocument.insertString(PlainDocument.java:131) ~[?:?]
	at javax.swing.text.AbstractDocument.replace(AbstractDocument.java:699) ~[?:?]
	at javax.swing.text.JTextComponent.setText(JTextComponent.java:1725) ~[?:?]
	at com.st.microxplorer.plugins.projectmanager.gui.ProjectChoiceTab.createHeapStackFields(ProjectChoiceTab.java:993) ~[filemanager.jar:?]
	at com.st.microxplorer.plugins.projectmanager.gui.ProjectChoiceTab.buildLinkSettingsPanel(ProjectChoiceTab.java:3813) ~[filemanager.jar:?]
	at com.st.microxplorer.plugins.projectmanager.gui.ProjectChoiceTab.defineWindowsFields(ProjectChoiceTab.java:1987) ~[filemanager.jar:?]
	at com.st.microxplorer.plugins.projectmanager.gui.ProjectChoiceTab.updateSettings(ProjectChoiceTab.java:558) ~[filemanager.jar:?]
	at com.st.microxplorer.plugins.projectmanager.gui.ProjectSettingsPanel.UpdateDialog(ProjectSettingsPanel.java:247) ~[filemanager.jar:?]
	at com.st.microxplorer.plugins.projectmanager.ProjectManagerView.propertyChange(ProjectManagerView.java:392) ~[filemanager.jar:?]
	at java.beans.PropertyChangeSupport.fire(PropertyChangeSupport.java:343) ~[?:?]
	at java.beans.PropertyChangeSupport.firePropertyChange(PropertyChangeSupport.java:335) ~[?:?]
	at java.beans.PropertyChangeSupport.firePropertyChange(PropertyChangeSupport.java:268) ~[?:?]
	at com.st.microxplorer.util.MXPropertyChangeSupport.firePropertyChange(MXPropertyChangeSupport.java:54) ~[STM32CubeMX.jar:?]
	at com.st.microxplorer.mxsystem.MxSystem.closeConfig(MxSystem.java:899) ~[STM32CubeMX.jar:?]
	at com.st.microxplorer.maingui.MainPanel.closeConfig(MainPanel.java:792) ~[STM32CubeMX.jar:?]
	at com.st.microxplorer.plugins.filemanager.engine.OpenFileManager.loadConfigurationFile(OpenFileManager.java:288) ~[filemanager.jar:?]
	at com.st.microxplorer.plugins.filemanager.engine.MainFileManager.userLoadConfig(MainFileManager.java:364) ~[filemanager.jar:?]
	at com.st.microxplorer.plugins.filemanager.engine.MainFileManager.userLoadConfig(MainFileManager.java:342) ~[filemanager.jar:?]
	at com.st.microxplorer.plugins.filemanager.FileManagerView.getSpecificTask(FileManagerView.java:264) ~[filemanager.jar:?]
	at com.st.stm32cube.common.mx.editor.CubeMxEditor.getMxTabbedPaneInstance(CubeMxEditor.java:1198) ~[com.st.stm32cube.common.mx_6.15.0.202507011659/:?]
	at com.st.stm32cube.common.mx.editor.CubeMxEditor$12$1.createSwingComponent(CubeMxEditor.java:1068) ~[com.st.stm32cube.common.mx_6.15.0.202507011659/:?]
	at com.st.stm32cube.common.mx.oss.core.awtswtbridge.EmbeddedSwingComposite.doComponentCreation(EmbeddedSwingComposite.java:492) ~[com.st.stm32cube.common.mx.oss_6.15.0.202507011659/:?]
	at com.st.stm32cube.common.mx.oss.core.awtswtbridge.EmbeddedSwingComposite$4.run(EmbeddedSwingComposite.java:291) ~[com.st.stm32cube.common.mx.oss_6.15.0.202507011659/:?]
	at com.st.stm32cube.common.mx.oss.core.awtswtbridge.AwtEnvironment$2.run(AwtEnvironment.java:166) ~[com.st.stm32cube.common.mx.oss_6.15.0.202507011659/:?]
	at java.awt.event.InvocationEvent.dispatch(InvocationEvent.java:318) ~[?:?]
	at java.awt.EventQueue.dispatchEventImpl(EventQueue.java:773) ~[?:?]
	at java.awt.EventQueue$4.run(EventQueue.java:720) ~[?:?]
	at java.awt.EventQueue$4.run(EventQueue.java:714) ~[?:?]
	at java.security.AccessController.doPrivileged(AccessController.java:400) ~[?:?]
	at java.security.ProtectionDomain$JavaSecurityAccessImpl.doIntersectionPrivilege(ProtectionDomain.java:87) ~[?:?]
	at java.awt.EventQueue.dispatchEvent(EventQueue.java:742) ~[?:?]
	at java.awt.EventDispatchThread.pumpOneEventForFilters(EventDispatchThread.java:203) ~[?:?]
	at java.awt.EventDispatchThread.pumpEventsForFilter(EventDispatchThread.java:124) ~[?:?]
	at java.awt.EventDispatchThread.pumpEventsForHierarchy(EventDispatchThread.java:113) ~[?:?]
	at java.awt.EventDispatchThread.pumpEvents(EventDispatchThread.java:109) ~[?:?]
	at java.awt.EventDispatchThread.pumpEvents(EventDispatchThread.java:101) ~[?:?]
	at java.awt.EventDispatchThread.run(EventDispatchThread.java:90) ~[?:?]
2026-09-14 16:41:10,342 [WARN] ThirdParty:871 - waiting for thirdparty lock release [close project]
2026-09-14 16:41:10,342 [INFO] ThirdParty:873 - entering critical section [close project]
2026-09-14 16:41:10,343 [INFO] ThirdParty:883 - exiting critical section [close project]
2026-09-14 16:41:10,362 [INFO] PinOutPanel:1589 - setPackage(No Configuration,No Configuration)
2026-09-14 16:41:10,406 [INFO] UtilMem:75 - Begin LoadConfig() Used Memory: 936176088 Bytes (1073741824)
2026-09-14 16:41:10,408 [INFO] MicroXplorer:468 - Change Database Path : 
2026-09-14 16:41:10,408 [INFO] MicroXplorer:498 - Change Database Version : DB.6.0.150
2026-09-14 16:41:10,409 [INFO] OpenFileManager:355 - Change cursor
2026-09-14 16:41:10,512 [INFO] RulesReader:64 - Compatibility file has been processed (317 Rules)
2026-09-14 16:41:10,532 [INFO] Mcu:2029 - Initializing MCU STM32F103C(8-B)Tx STM32F103C8Tx STM32F103C8T6
2026-09-14 16:41:11,297 [INFO] Context:786 - Trying to add GPIOservice into a context  which must be forbidden
2026-09-14 16:41:11,614 [INFO] ImportTextPane:234 - (OptionalMessage_ERROR) Pin5 (VP_RIF_VS_RIF1) cannot be retrieved for this MCU
2026-09-14 16:41:11,681 [INFO] RtosManager:558 - Registered RTOS mode: class=CMSIS, group=RTOS, mode=CMSIS_V1, owner=FREERTOS
2026-09-14 16:41:11,681 [INFO] RtosManager:558 - Registered RTOS mode: class=CMSIS, group=RTOS2, mode=CMSIS_V2, owner=FREERTOS
2026-09-14 16:41:11,681 [INFO] RtosManager:558 - Registered RTOS mode: class=RTOS, group=Core, mode=CMSIS_V1, owner=FREERTOS
2026-09-14 16:41:11,681 [INFO] RtosManager:558 - Registered RTOS mode: class=RTOS, group=Core, mode=CMSIS_V2, owner=FREERTOS
2026-09-14 16:41:11,682 [WARN] ModelIntegratedComponent:184 - Missing modes for component STMicroelectronics:FreeRTOS:0.0.1:STMicroelectronics:RTOS:FreeRTOS:Core:::10.2.0:
2026-09-14 16:41:11,725 [WARN] ModelIntegratedComponent:63 - No mode defined for component null
2026-09-14 16:41:11,726 [WARN] ModelIntegratedComponent:63 - No mode defined for component null
2026-09-14 16:41:11,726 [WARN] ModelIntegratedComponent:63 - No mode defined for component null
2026-09-14 16:41:11,726 [WARN] ModelIntegratedComponent:63 - No mode defined for component null
2026-09-14 16:41:11,726 [WARN] ModelIntegratedComponent:63 - No mode defined for component null
2026-09-14 16:41:11,726 [WARN] ModelIntegratedComponent:63 - No mode defined for component null
2026-09-14 16:41:11,726 [WARN] ModelIntegratedComponent:63 - No mode defined for component null
2026-09-14 16:41:11,726 [WARN] ModelIntegratedComponent:63 - No mode defined for component null
2026-09-14 16:41:11,726 [WARN] ModelIntegratedComponent:63 - No mode defined for component null
2026-09-14 16:41:11,726 [WARN] ModelIntegratedComponent:63 - No mode defined for component null
2026-09-14 16:41:11,726 [WARN] ModelIntegratedComponent:63 - No mode defined for component null
2026-09-14 16:41:11,726 [WARN] ModelIntegratedComponent:63 - No mode defined for component null
2026-09-14 16:41:11,726 [WARN] ModelIntegratedComponent:63 - No mode defined for component null
2026-09-14 16:41:11,726 [WARN] ModelIntegratedComponent:63 - No mode defined for component null
2026-09-14 16:41:11,726 [WARN] ModelIntegratedComponent:63 - No mode defined for component null
2026-09-14 16:41:11,726 [WARN] ModelIntegratedComponent:63 - No mode defined for component null
2026-09-14 16:41:11,726 [WARN] ModelIntegratedComponent:63 - No mode defined for component null
2026-09-14 16:41:11,726 [WARN] ModelIntegratedComponent:63 - No mode defined for component null
2026-09-14 16:41:11,726 [WARN] ModelIntegratedComponent:63 - No mode defined for component null
2026-09-14 16:41:11,726 [WARN] ModelIntegratedComponent:63 - No mode defined for component null
2026-09-14 16:41:11,726 [WARN] ModelIntegratedComponent:63 - No mode defined for component null
2026-09-14 16:41:11,727 [WARN] ModelIntegratedComponent:63 - No mode defined for component null
2026-09-14 16:41:11,727 [WARN] ModelIntegratedComponent:63 - No mode defined for component null
2026-09-14 16:41:11,727 [WARN] ModelIntegratedComponent:63 - No mode defined for component null
2026-09-14 16:41:11,727 [WARN] ModelIntegratedComponent:63 - No mode defined for component null
2026-09-14 16:41:11,727 [WARN] ModelIntegratedComponent:63 - No mode defined for component null
2026-09-14 16:41:11,727 [WARN] ModelIntegratedComponent:63 - No mode defined for component null
2026-09-14 16:41:11,727 [WARN] ModelIntegratedComponent:63 - No mode defined for component null
2026-09-14 16:41:11,728 [WARN] ModelIntegratedComponent:63 - No mode defined for component null
2026-09-14 16:41:11,730 [WARN] ModelIntegratedComponent:63 - No mode defined for component null
2026-09-14 16:41:11,730 [WARN] ModelIntegratedComponent:63 - No mode defined for component null
2026-09-14 16:41:11,730 [WARN] ModelIntegratedComponent:63 - No mode defined for component null
2026-09-14 16:41:11,730 [WARN] ModelIntegratedComponent:63 - No mode defined for component null
2026-09-14 16:41:11,730 [WARN] ModelIntegratedComponent:63 - No mode defined for component null
2026-09-14 16:41:11,730 [WARN] ModelIntegratedComponent:63 - No mode defined for component null
2026-09-14 16:41:11,730 [WARN] ModelPack:524 - Component already loaded: STMicroelectronics:HAL Drivers:0.0.0:STMicroelectronics:Device:STMicro_Driver:XSPI:HAL::0.0.1:HAL_XSPI
2026-09-14 16:41:11,863 [INFO] ThirdPartyModel:298 - Start build external matchings
2026-09-14 16:41:12,989 [INFO] ThirdPartyModel:316 - End build external matchings
2026-09-14 16:41:13,408 [INFO] UtilMem:75 - End LoadConfig() Used Memory: 830450520 Bytes (1073741824)
2026-09-14 16:41:13,547 [WARN] ThirdParty:833 - waiting for thirdparty lock release [change project]
2026-09-14 16:41:13,547 [INFO] ThirdParty:835 - entering critical section [change project]
2026-09-14 16:41:13,548 [INFO] ThirdParty:1030 - CMSIS Pack Vendor :STMicroelectronics X-CUBE-AZRTOS-H7 3.5.0
2026-09-14 16:41:13,548 [INFO] ThirdParty:1030 - CMSIS Pack Vendor :STMicroelectronics X-CUBE-PM33A1 1.0.0
2026-09-14 16:41:13,548 [INFO] ThirdParty:1030 - CMSIS Pack Vendor :STMicroelectronics USBPD 4.1
2026-09-14 16:41:13,548 [INFO] ThirdParty:1030 - CMSIS Pack Vendor :STMicroelectronics USB_HOST 2.0.0
2026-09-14 16:41:13,548 [INFO] ThirdParty:1030 - CMSIS Pack Vendor :STMicroelectronics FP-SNS-MOTENVWB1 1.4.0
2026-09-14 16:41:13,548 [INFO] ThirdParty:1030 - CMSIS Pack Vendor :STMicroelectronics FP-ATR-ASTRA1 2.0.3
2026-09-14 16:41:13,548 [INFO] ThirdParty:1030 - CMSIS Pack Vendor :STMicroelectronics X-CUBE-AZRTOS-F4 1.1.0
2026-09-14 16:41:13,548 [INFO] ThirdParty:1030 - CMSIS Pack Vendor :STMicroelectronics LIBJPEG 8.0.0
2026-09-14 16:41:13,548 [INFO] ThirdParty:1030 - CMSIS Pack Vendor :STMicroelectronics FP-ATR-ASTRA1 2.0.2
2026-09-14 16:41:13,548 [INFO] ThirdParty:1030 - CMSIS Pack Vendor :Avnet-IotConnect X-CUBE-IoTC-DA16k-PMOD 1.0.0
2026-09-14 16:41:13,548 [INFO] ThirdParty:1030 - CMSIS Pack Vendor :STMicroelectronics X-CUBE-SMBUS 2.1.0
2026-09-14 16:41:13,548 [INFO] ThirdParty:1030 - CMSIS Pack Vendor :STMicroelectronics X-CUBE-ISPU 2.1.0
2026-09-14 16:41:13,548 [INFO] ThirdParty:1030 - CMSIS Pack Vendor :STMicroelectronics X-CUBE-IPS 3.2.0
2026-09-14 16:41:13,548 [INFO] ThirdParty:1030 - CMSIS Pack Vendor :STMicroelectronics eDS-WB_DPC_TT-BIDIR 2.1.1
2026-09-14 16:41:13,549 [INFO] ThirdParty:1030 - CMSIS Pack Vendor :STMicroelectronics X-CUBE-ST60 1.0.0
2026-09-14 16:41:13,549 [INFO] ThirdParty:1030 - CMSIS Pack Vendor :STMicroelectronics X-CUBE-NFC12 1.0.0
2026-09-14 16:41:13,549 [INFO] ThirdParty:1030 - CMSIS Pack Vendor :STMicroelectronics X-CUBE-AZRTOS-F7 1.1.0
2026-09-14 16:41:13,549 [INFO] ThirdParty:1030 - CMSIS Pack Vendor :STMicroelectronics X-CUBE-AZRTOS-L5 2.0.0
2026-09-14 16:41:13,549 [INFO] ThirdParty:1030 - CMSIS Pack Vendor :STMicroelectronics USB_DEVICE 2.0.0
2026-09-14 16:41:13,549 [INFO] ThirdParty:1030 - CMSIS Pack Vendor :STMicroelectronics X-CUBE-FREERTOS 1.6.0
2026-09-14 16:41:13,549 [INFO] ThirdParty:1030 - CMSIS Pack Vendor :STMicroelectronics X-CUBE-NFC6 3.1.0
2026-09-14 16:41:13,549 [INFO] ThirdParty:1030 - CMSIS Pack Vendor :STMicroelectronics X-CUBE-ALGOBUILD 1.5.0
2026-09-14 16:41:13,549 [INFO] ThirdParty:1030 - CMSIS Pack Vendor :STMicroelectronics FP-SNS-MOTENV1 5.1.0
2026-09-14 16:41:13,549 [INFO] ThirdParty:1030 - CMSIS Pack Vendor :STMicroelectronics FreeRTOS 0.0.1
2026-09-14 16:41:13,549 [INFO] ThirdParty:1030 - CMSIS Pack Vendor :STMicroelectronics X-CUBE-AZRTOS-H7RS 1.3.0
2026-09-14 16:41:13,549 [INFO] ThirdParty:1030 - CMSIS Pack Vendor :STMicroelectronics eDS-WB_DPC_VIENNA 1.2.0
2026-09-14 16:41:13,549 [INFO] ThirdParty:1030 - CMSIS Pack Vendor :WES I-CUBE-Cesium 1.4.0
2026-09-14 16:41:13,549 [INFO] ThirdParty:1030 - CMSIS Pack Vendor :STMicroelectronics X-CUBE-MEMS1 13.0.0
2026-09-14 16:41:13,549 [INFO] ThirdParty:1030 - CMSIS Pack Vendor :STMicroelectronics eDS-WB_DPC_3PH2L-BIDIR 1.1.1
2026-09-14 16:41:13,549 [INFO] ThirdParty:1030 - CMSIS Pack Vendor :Infineon AIROC-Wi-Fi-Bluetooth-STM32 1.7.1
2026-09-14 16:41:13,549 [INFO] ThirdParty:1030 - CMSIS Pack Vendor :STMicroelectronics PDM2PCM 3.3.0
2026-09-14 16:41:13,549 [INFO] ThirdParty:1030 - CMSIS Pack Vendor :STMicroelectronics X-CUBE-AZRTOS-H7 3.4.0
2026-09-14 16:41:13,549 [INFO] ThirdParty:1030 - CMSIS Pack Vendor :STMicroelectronics X-CUBE-DISPLAY 3.0.0
2026-09-14 16:41:13,549 [INFO] ThirdParty:1030 - CMSIS Pack Vendor :STMicroelectronics X-CUBE-GNSS1 7.1.1
2026-09-14 16:41:13,549 [INFO] ThirdParty:1030 - CMSIS Pack Vendor :STMicroelectronics FP-SNS-MOTENVWB1 1.5.0
2026-09-14 16:41:13,549 [INFO] ThirdParty:1030 - CMSIS Pack Vendor :STMicroelectronics X-CUBE-NFC10 1.0.0
2026-09-14 16:41:13,549 [INFO] ThirdParty:1030 - CMSIS Pack Vendor :STMicroelectronics X-CUBE-FREERTOS 1.3.1
2026-09-14 16:41:13,549 [INFO] ThirdParty:1030 - CMSIS Pack Vendor :STMicroelectronics HAL Drivers 0.0.0
2026-09-14 16:41:13,549 [INFO] ThirdParty:1030 - CMSIS Pack Vendor :STMicroelectronics X-CUBE-ST60 1.1.0
2026-09-14 16:41:13,549 [INFO] ThirdParty:1030 - CMSIS Pack Vendor :emotas I-CUBE-CANOPEN 1.3.0
2026-09-14 16:41:13,549 [INFO] ThirdParty:1030 - CMSIS Pack Vendor :STMicroelectronics MBEDTLS 2.14.1
2026-09-14 16:41:13,549 [INFO] ThirdParty:1030 - CMSIS Pack Vendor :STMicroelectronics X-CUBE-TOUCHGFX 4.26.1
2026-09-14 16:41:13,549 [INFO] ThirdParty:1030 - CMSIS Pack Vendor :STMicroelectronics FP-SNS-STBOX1 2.1.0
2026-09-14 16:41:13,549 [INFO] ThirdParty:1030 - CMSIS Pack Vendor :STMicroelectronics FP-SNS-STAIOTCFT 1.0.0
2026-09-14 16:41:13,549 [INFO] ThirdParty:1030 - CMSIS Pack Vendor :STMicroelectronics FP-SNS-SMARTAG2 1.2.0
2026-09-14 16:41:13,549 [INFO] ThirdParty:1030 - CMSIS Pack Vendor :STMicroelectronics FP-SNS-FLIGHT1 5.1.0
2026-09-14 16:41:13,549 [INFO] ThirdParty:1030 - CMSIS Pack Vendor :STMicroelectronics X-CUBE-AZRTOS-WL 2.0.0
2026-09-14 16:41:13,549 [INFO] ThirdParty:1030 - CMSIS Pack Vendor :STMicroelectronics X-CUBE-DPower 1.3.0
2026-09-14 16:41:13,549 [INFO] ThirdParty:1030 - CMSIS Pack Vendor :STMicroelectronics FP-SNS-MOTENV1 5.0.0
2026-09-14 16:41:13,549 [INFO] ThirdParty:1030 - CMSIS Pack Vendor :STMicroelectronics USB_DEVICE 1.0.0
2026-09-14 16:41:13,549 [INFO] ThirdParty:1030 - CMSIS Pack Vendor :STMicroelectronics X-CUBE-AZRTOS-H7RS 1.2.0
2026-09-14 16:41:13,549 [INFO] ThirdParty:1030 - CMSIS Pack Vendor :STMicroelectronics X-CUBE-AZRTOS-L4 2.0.0
2026-09-14 16:41:13,549 [INFO] ThirdParty:1030 - CMSIS Pack Vendor :STMicroelectronics ThreadX 0.0.2
2026-09-14 16:41:13,549 [INFO] ThirdParty:1030 - CMSIS Pack Vendor :WES I-CUBE-Cesium 1.3.0
2026-09-14 16:41:13,549 [INFO] ThirdParty:1030 - CMSIS Pack Vendor :STMicroelectronics lwIP 2.1.2
2026-09-14 16:41:13,549 [INFO] ThirdParty:1030 - CMSIS Pack Vendor :STMicroelectronics X-CUBE-SFXS2LP1 4.0.0
2026-09-14 16:41:13,549 [INFO] ThirdParty:1030 - CMSIS Pack Vendor :STMicroelectronics X-CUBE-BLE2 3.3.0
2026-09-14 16:41:13,549 [INFO] ThirdParty:1030 - CMSIS Pack Vendor :Avnet-IOTCONNECT X-CUBE-iotc-st67-sdk 1.0.0
2026-09-14 16:41:13,550 [INFO] ThirdParty:1030 - CMSIS Pack Vendor :STMicroelectronics PDM2PCM 3.2.0
2026-09-14 16:41:13,550 [INFO] ThirdParty:1030 - CMSIS Pack Vendor :STMicroelectronics X-CUBE-WB05N 2.1.0
2026-09-14 16:41:13,550 [INFO] ThirdParty:1030 - CMSIS Pack Vendor :STMicroelectronics X-CUBE-NFC9 1.0.0
2026-09-14 16:41:13,550 [INFO] ThirdParty:1030 - CMSIS Pack Vendor :wolfSSL I-CUBE-wolfSSL 5.8.2
2026-09-14 16:41:13,550 [INFO] ThirdParty:1030 - CMSIS Pack Vendor :STMicroelectronics X-CUBE-BLE1 7.1.0
2026-09-14 16:41:13,550 [INFO] ThirdParty:1030 - CMSIS Pack Vendor :wolfSSL I-CUBE-wolfMQTT 1.19.2
2026-09-14 16:41:13,550 [INFO] ThirdParty:1030 - CMSIS Pack Vendor :STMicroelectronics USB_DEVICE 3.0.0
2026-09-14 16:41:13,550 [INFO] ThirdParty:1030 - CMSIS Pack Vendor :STMicroelectronics X-CUBE-EEPRMA1 5.2.0
2026-09-14 16:41:13,550 [INFO] ThirdParty:1030 - CMSIS Pack Vendor :STMicroelectronics X-CUBE-BLEMGR 4.1.0
2026-09-14 16:41:13,550 [INFO] ThirdParty:1030 - CMSIS Pack Vendor :STMicroelectronics X-CUBE-AZRTOS-WB 2.0.0
2026-09-14 16:41:13,550 [INFO] ThirdParty:1030 - CMSIS Pack Vendor :STMicroelectronics X-CUBE-GNSS1 7.0.1
2026-09-14 16:41:13,550 [INFO] ThirdParty:1030 - CMSIS Pack Vendor :STMicroelectronics X-CUBE-TOUCHGFX 4.25.0
2026-09-14 16:41:13,550 [INFO] ThirdParty:1030 - CMSIS Pack Vendor :STMicroelectronics FP-SNS-STAIOTCFT 1.1.0
2026-09-14 16:41:13,550 [INFO] ThirdParty:1030 - CMSIS Pack Vendor :quantropi X-CUBE-qispace-sdk-base 2.1.0
2026-09-14 16:41:13,550 [INFO] ThirdParty:1030 - CMSIS Pack Vendor :STMicroelectronics X-CUBE-STSE01 2.0.0
2026-09-14 16:41:13,550 [INFO] ThirdParty:1030 - CMSIS Pack Vendor :STMicroelectronics X-CUBE-AZRTOS-G0 1.1.0
2026-09-14 16:41:13,550 [INFO] ThirdParty:1030 - CMSIS Pack Vendor :STMicroelectronics X-CUBE-SAFEA1 1.2.2
2026-09-14 16:41:13,550 [INFO] ThirdParty:1030 - CMSIS Pack Vendor :STMicroelectronics X-CUBE-NFC4 3.0.0
2026-09-14 16:41:13,550 [INFO] ThirdParty:1030 - CMSIS Pack Vendor :STMicroelectronics X-CUBE-SUBG2 5.0.0
2026-09-14 16:41:13,550 [INFO] ThirdParty:1030 - CMSIS Pack Vendor :STMicroelectronics X-CUBE-AZRTOS-H7RS 1.1.0
2026-09-14 16:41:13,550 [INFO] ThirdParty:1030 - CMSIS Pack Vendor :STMicroelectronics STM32_WPAN 1.0.0
2026-09-14 16:41:13,550 [INFO] ThirdParty:1030 - CMSIS Pack Vendor :EmbeddedOffice I-CUBE-FS-RTOS 1.0.1
2026-09-14 16:41:13,550 [INFO] ThirdParty:1030 - CMSIS Pack Vendor :STMicroelectronics lwIP 2.0.3
2026-09-14 16:41:13,550 [INFO] ThirdParty:1030 - CMSIS Pack Vendor :Cesanta I-CUBE-Mongoose 7.13.0
2026-09-14 16:41:13,550 [INFO] ThirdParty:1030 - CMSIS Pack Vendor :STMicroelectronics USB_HOST 1.0.0
2026-09-14 16:41:13,550 [INFO] ThirdParty:1030 - CMSIS Pack Vendor :STMicroelectronics X-CUBE-AZRTOS-G4 2.0.0
2026-09-14 16:41:13,550 [INFO] ThirdParty:1030 - CMSIS Pack Vendor :STMicroelectronics X-CUBE-WB05N 2.0.0
2026-09-14 16:41:13,550 [INFO] ThirdParty:1030 - CMSIS Pack Vendor :STMicroelectronics PDM2PCM 3.1.0
2026-09-14 16:41:13,550 [INFO] ThirdParty:1030 - CMSIS Pack Vendor :wolfSSL I-CUBE-wolfTPM 3.8.0
2026-09-14 16:41:13,550 [INFO] ThirdParty:1030 - CMSIS Pack Vendor :wolfSSL I-CUBE-wolfSSH 1.4.20
2026-09-14 16:41:13,550 [INFO] ThirdParty:1030 - CMSIS Pack Vendor :STMicroelectronics X-CUBE-NFC7 2.0.0
2026-09-14 16:41:13,550 [INFO] ThirdParty:1030 - CMSIS Pack Vendor :STMicroelectronics X-CUBE-TCPP 4.2.0
2026-09-14 16:41:13,550 [INFO] ThirdParty:1030 - CMSIS Pack Vendor :RealThread X-CUBE-RT-Thread_Nano 4.1.1
2026-09-14 16:41:13,550 [INFO] ThirdParty:1030 - CMSIS Pack Vendor :STMicroelectronics FP-ATR-SIGFOX1 3.2.0
2026-09-14 16:41:13,550 [INFO] ThirdParty:1030 - CMSIS Pack Vendor :STMicroelectronics X-CUBE-FREERTOS 1.5.0
2026-09-14 16:41:13,550 [INFO] ThirdParty:1030 - CMSIS Pack Vendor :STMicroelectronics MBEDTLS 2.16.2
2026-09-14 16:41:13,550 [INFO] ThirdParty:1030 - CMSIS Pack Vendor :STMicroelectronics X-CUBE-IPS 3.1.0
2026-09-14 16:41:13,551 [INFO] ThirdParty:1030 - CMSIS Pack Vendor :STMicroelectronics X-CUBE-ALS 1.0.2
2026-09-14 16:41:13,551 [INFO] ThirdParty:1030 - CMSIS Pack Vendor :ITTIA_DB I-CUBE-ITTIADB 8.9.0
2026-09-14 16:41:13,551 [INFO] ThirdParty:1030 - CMSIS Pack Vendor :portGmbH I-Cube-SoM-uGOAL 1.1.0
2026-09-14 16:41:13,551 [INFO] ThirdParty:1030 - CMSIS Pack Vendor :STMicroelectronics X-CUBE-NFC6 3.2.0
2026-09-14 16:41:13,551 [INFO] ThirdParty:1030 - CMSIS Pack Vendor :STMicroelectronics X-CUBE-ST67W61 1.0.0
2026-09-14 16:41:13,551 [INFO] ThirdParty:1030 - CMSIS Pack Vendor :STMicroelectronics X-CUBE-AI 10.2.1
2026-09-14 16:41:13,551 [INFO] ThirdParty:1030 - CMSIS Pack Vendor :STMicroelectronics X-CUBE-AI 10.2.0
2026-09-14 16:41:13,551 [INFO] ThirdParty:1030 - CMSIS Pack Vendor :STMicroelectronics ThreadX 1.0.0
2026-09-14 16:41:13,551 [INFO] ThirdParty:1030 - CMSIS Pack Vendor :STMicroelectronics X-CUBE-MEMS1 12.1.0
2026-09-14 16:41:13,551 [INFO] ThirdParty:1030 - CMSIS Pack Vendor :SEGGER I-CUBE-embOS 1.3.1
2026-09-14 16:41:13,551 [INFO] ThirdParty:1030 - CMSIS Pack Vendor :STMicroelectronics X-CUBE-ALGOBUILD 1.4.0
2026-09-14 16:41:13,551 [INFO] ThirdParty:1030 - CMSIS Pack Vendor :STMicroelectronics X-CUBE-MEMS1 11.3.0
2026-09-14 16:41:13,551 [INFO] ThirdParty:1030 - CMSIS Pack Vendor :STMicroelectronics X-CUBE-TOF1 3.4.3
2026-09-14 16:41:13,552 [INFO] ThirdParty:1030 - CMSIS Pack Vendor :STMicroelectronics X-CUBE-NFC13 1.0.0
2026-09-14 16:41:13,554 [INFO] ThirdParty:841 - exiting critical section [change project]
2026-09-14 16:41:14,044 [INFO] PinOutPanel:1589 - setPackage(No Configuration,No Configuration)
2026-09-14 16:41:14,046 [INFO] PinOutPanel:1589 - setPackage(STM32F103C8Tx,LQFP48)
2026-09-14 16:41:14,770 [INFO] UtilMem:75 - Before build in PCC Used Memory: 755625240 Bytes (1073741824)
2026-09-14 16:41:16,375 [INFO] UtilMem:75 - After build in PCC Used Memory: 784985368 Bytes (1073741824)
2026-09-14 16:41:16,551 [INFO] IPUIPlugin:80 - create IPUIPlugin
2026-09-14 16:41:16,559 [INFO] IPUIPlugin:80 - create IPUIPlugin
2026-09-14 16:41:16,560 [INFO] IPUIPlugin:80 - create IPUIPlugin
2026-09-14 16:41:16,565 [INFO] IPUIPlugin:80 - create IPUIPlugin
2026-09-14 16:41:16,566 [INFO] IPUIPlugin:80 - create IPUIPlugin
2026-09-14 16:41:16,566 [INFO] IPUIPlugin:80 - create IPUIPlugin
2026-09-14 16:41:16,566 [INFO] IPUIPlugin:80 - create IPUIPlugin
2026-09-14 16:41:16,567 [INFO] IPUIPlugin:80 - create IPUIPlugin
2026-09-14 16:41:16,568 [INFO] IPUIPlugin:80 - create IPUIPlugin
2026-09-14 16:41:16,568 [INFO] IPUIPlugin:80 - create IPUIPlugin
2026-09-14 16:41:16,569 [INFO] IPUIPlugin:80 - create IPUIPlugin
2026-09-14 16:41:16,569 [INFO] IPUIPlugin:80 - create IPUIPlugin
2026-09-14 16:41:16,569 [INFO] IPUIPlugin:80 - create IPUIPlugin
2026-09-14 16:41:16,573 [INFO] IPUIPlugin:80 - create IPUIPlugin
2026-09-14 16:41:16,574 [INFO] IPUIPlugin:80 - create IPUIPlugin
2026-09-14 16:41:16,574 [INFO] IPUIPlugin:80 - create IPUIPlugin
2026-09-14 16:41:16,574 [INFO] IPUIPlugin:80 - create IPUIPlugin
2026-09-14 16:41:16,575 [INFO] IPUIPlugin:80 - create IPUIPlugin
2026-09-14 16:41:16,578 [INFO] IPUIPlugin:80 - create IPUIPlugin
2026-09-14 16:41:16,578 [INFO] IPUIPlugin:80 - create IPUIPlugin
2026-09-14 16:41:16,578 [INFO] IPUIPlugin:80 - create IPUIPlugin
2026-09-14 16:41:16,579 [INFO] IPUIPlugin:80 - create IPUIPlugin
2026-09-14 16:41:16,579 [INFO] IPUIPlugin:80 - create IPUIPlugin
2026-09-14 16:41:16,579 [INFO] IPUIPlugin:80 - create IPUIPlugin
2026-09-14 16:41:16,580 [INFO] IPUIPlugin:80 - create IPUIPlugin
2026-09-14 16:41:16,580 [INFO] IPUIPlugin:80 - create IPUIPlugin
2026-09-14 16:41:16,580 [INFO] IPUIPlugin:80 - create IPUIPlugin
2026-09-14 16:41:16,636 [INFO] Can:71 - Can Add PropertyChangeListener com.st.microxplorer.plugins.ip.can.Can@44c23686
2026-09-14 16:41:16,826 [INFO] CADModel:165 - CPN selected for project levelSTM32F103C8T6
2026-09-14 16:41:16,826 [INFO] CADModel:114 - Register for checkConnection events
2026-09-14 16:41:16,891 [INFO] OpenFileManager:386 - Restore cursor
2026-09-14 16:42:23,642 [INFO] MainUpdater:2872 - connection check result : 10
2026-09-14 16:42:23,647 [INFO] MainUpdater:2872 - connection check result : 10
2026-09-14 16:42:24,125 [INFO] MicroXplorer:468 - Change Database Path : 
2026-09-14 16:42:24,125 [INFO] MicroXplorer:498 - Change Database Version : DB.6.0.150
2026-09-14 16:42:24,193 [ERROR] ProjectManagerView:395 - 
java.lang.NullPointerException: Cannot invoke "javax.swing.JTextField.getText()" because the return value of "java.util.List.get(int)" is null
	at com.st.microxplorer.plugins.projectmanager.gui.ProjectChoiceTab$9.caretUpdate(ProjectChoiceTab.java:2706) ~[filemanager.jar:?]
	at javax.swing.text.JTextComponent.fireCaretUpdate(JTextComponent.java:408) ~[?:?]
	at javax.swing.text.JTextComponent$MutableCaretEvent.fire(JTextComponent.java:4484) ~[?:?]
	at javax.swing.text.JTextComponent$MutableCaretEvent.stateChanged(JTextComponent.java:4506) ~[?:?]
	at javax.swing.text.DefaultCaret.fireStateChanged(DefaultCaret.java:857) ~[?:?]
	at javax.swing.text.DefaultCaret.changeCaretPosition(DefaultCaret.java:1343) ~[?:?]
	at javax.swing.text.DefaultCaret.handleSetDot(DefaultCaret.java:1242) ~[?:?]
	at javax.swing.text.DefaultCaret.setDot(DefaultCaret.java:1223) ~[?:?]
	at javax.swing.text.DefaultCaret$Handler.insertUpdate(DefaultCaret.java:1819) ~[?:?]
	at javax.swing.text.AbstractDocument.fireInsertUpdate(AbstractDocument.java:227) ~[?:?]
	at javax.swing.text.AbstractDocument.handleInsertString(AbstractDocument.java:781) ~[?:?]
	at javax.swing.text.AbstractDocument.insertString(AbstractDocument.java:740) ~[?:?]
	at javax.swing.text.PlainDocument.insertString(PlainDocument.java:131) ~[?:?]
	at javax.swing.text.AbstractDocument.replace(AbstractDocument.java:699) ~[?:?]
	at javax.swing.text.JTextComponent.setText(JTextComponent.java:1725) ~[?:?]
	at com.st.microxplorer.plugins.projectmanager.gui.ProjectChoiceTab.createHeapStackFields(ProjectChoiceTab.java:993) ~[filemanager.jar:?]
	at com.st.microxplorer.plugins.projectmanager.gui.ProjectChoiceTab.buildLinkSettingsPanel(ProjectChoiceTab.java:3813) ~[filemanager.jar:?]
	at com.st.microxplorer.plugins.projectmanager.gui.ProjectChoiceTab.defineWindowsFields(ProjectChoiceTab.java:1987) ~[filemanager.jar:?]
	at com.st.microxplorer.plugins.projectmanager.gui.ProjectChoiceTab.updateSettings(ProjectChoiceTab.java:558) ~[filemanager.jar:?]
	at com.st.microxplorer.plugins.projectmanager.gui.ProjectSettingsPanel.UpdateDialog(ProjectSettingsPanel.java:247) ~[filemanager.jar:?]
	at com.st.microxplorer.plugins.projectmanager.ProjectManagerView.propertyChange(ProjectManagerView.java:392) ~[filemanager.jar:?]
	at java.beans.PropertyChangeSupport.fire(PropertyChangeSupport.java:343) ~[?:?]
	at java.beans.PropertyChangeSupport.firePropertyChange(PropertyChangeSupport.java:335) ~[?:?]
	at java.beans.PropertyChangeSupport.firePropertyChange(PropertyChangeSupport.java:268) ~[?:?]
	at com.st.microxplorer.util.MXPropertyChangeSupport.firePropertyChange(MXPropertyChangeSupport.java:54) ~[STM32CubeMX.jar:?]
	at com.st.microxplorer.mxsystem.MxSystem.closeConfig(MxSystem.java:899) ~[STM32CubeMX.jar:?]
	at com.st.microxplorer.maingui.MainPanel.closeConfig(MainPanel.java:792) ~[STM32CubeMX.jar:?]
	at com.st.microxplorer.plugins.filemanager.engine.OpenFileManager.loadConfigurationFile(OpenFileManager.java:288) ~[filemanager.jar:?]
	at com.st.microxplorer.plugins.filemanager.engine.MainFileManager.userLoadConfig(MainFileManager.java:364) ~[filemanager.jar:?]
	at com.st.microxplorer.plugins.filemanager.engine.MainFileManager.userLoadConfig(MainFileManager.java:342) ~[filemanager.jar:?]
	at com.st.microxplorer.plugins.filemanager.FileManagerView.getSpecificTask(FileManagerView.java:264) ~[filemanager.jar:?]
	at com.st.stm32cube.common.mx.editor.CubeMxEditor.getMxTabbedPaneInstance(CubeMxEditor.java:1198) ~[com.st.stm32cube.common.mx_6.15.0.202507011659/:?]
	at com.st.stm32cube.common.mx.editor.CubeMxEditor$12$1.createSwingComponent(CubeMxEditor.java:1068) ~[com.st.stm32cube.common.mx_6.15.0.202507011659/:?]
	at com.st.stm32cube.common.mx.oss.core.awtswtbridge.EmbeddedSwingComposite.doComponentCreation(EmbeddedSwingComposite.java:492) ~[com.st.stm32cube.common.mx.oss_6.15.0.202507011659/:?]
	at com.st.stm32cube.common.mx.oss.core.awtswtbridge.EmbeddedSwingComposite$4.run(EmbeddedSwingComposite.java:291) ~[com.st.stm32cube.common.mx.oss_6.15.0.202507011659/:?]
	at com.st.stm32cube.common.mx.oss.core.awtswtbridge.AwtEnvironment$2.run(AwtEnvironment.java:166) ~[com.st.stm32cube.common.mx.oss_6.15.0.202507011659/:?]
	at java.awt.event.InvocationEvent.dispatch(InvocationEvent.java:318) ~[?:?]
	at java.awt.EventQueue.dispatchEventImpl(EventQueue.java:773) ~[?:?]
	at java.awt.EventQueue$4.run(EventQueue.java:720) ~[?:?]
	at java.awt.EventQueue$4.run(EventQueue.java:714) ~[?:?]
	at java.security.AccessController.doPrivileged(AccessController.java:400) ~[?:?]
	at java.security.ProtectionDomain$JavaSecurityAccessImpl.doIntersectionPrivilege(ProtectionDomain.java:87) ~[?:?]
	at java.awt.EventQueue.dispatchEvent(EventQueue.java:742) ~[?:?]
	at java.awt.EventDispatchThread.pumpOneEventForFilters(EventDispatchThread.java:203) ~[?:?]
	at java.awt.EventDispatchThread.pumpEventsForFilter(EventDispatchThread.java:124) ~[?:?]
	at java.awt.EventDispatchThread.pumpEventsForHierarchy(EventDispatchThread.java:113) ~[?:?]
	at java.awt.EventDispatchThread.pumpEvents(EventDispatchThread.java:109) ~[?:?]
	at java.awt.EventDispatchThread.pumpEvents(EventDispatchThread.java:101) ~[?:?]
	at java.awt.EventDispatchThread.run(EventDispatchThread.java:90) ~[?:?]
2026-09-14 16:42:24,209 [WARN] ThirdParty:871 - waiting for thirdparty lock release [close project]
2026-09-14 16:42:24,209 [INFO] ThirdParty:873 - entering critical section [close project]
2026-09-14 16:42:24,209 [INFO] ThirdParty:883 - exiting critical section [close project]
2026-09-14 16:42:24,213 [INFO] PinOutPanel:1589 - setPackage(No Configuration,No Configuration)
2026-09-14 16:42:24,221 [INFO] UtilMem:75 - Begin LoadConfig() Used Memory: 961914264 Bytes (1073741824)
2026-09-14 16:42:24,223 [INFO] MicroXplorer:468 - Change Database Path : 
2026-09-14 16:42:24,223 [INFO] MicroXplorer:498 - Change Database Version : DB.6.0.150
2026-09-14 16:42:24,223 [INFO] OpenFileManager:355 - Change cursor
2026-09-14 16:42:24,275 [INFO] Mcu:2029 - Initializing MCU STM32F411V(C-E)Tx STM32F411VETx STM32F411VET6
2026-09-14 16:42:26,694 [INFO] Context:786 - Trying to add GPIOservice into a context  which must be forbidden
2026-09-14 16:42:27,459 [INFO] ImportTextPane:234 - (OptionalMessage_ERROR) Pin52 (VP_RIF_VS_RIF1) cannot be retrieved for this MCU
2026-09-14 16:42:27,579 [INFO] RtosManager:558 - Registered RTOS mode: class=CMSIS, group=RTOS, mode=CMSIS_V1, owner=FREERTOS
2026-09-14 16:42:27,579 [INFO] RtosManager:558 - Registered RTOS mode: class=CMSIS, group=RTOS2, mode=CMSIS_V2, owner=FREERTOS
2026-09-14 16:42:27,579 [INFO] RtosManager:558 - Registered RTOS mode: class=RTOS, group=Core, mode=CMSIS_V1, owner=FREERTOS
2026-09-14 16:42:27,579 [INFO] RtosManager:558 - Registered RTOS mode: class=RTOS, group=Core, mode=CMSIS_V2, owner=FREERTOS
2026-09-14 16:42:27,580 [WARN] ModelIntegratedComponent:184 - Missing modes for component STMicroelectronics:FreeRTOS:0.0.1:STMicroelectronics:RTOS:FreeRTOS:Core:::10.2.0:
2026-09-14 16:42:27,622 [WARN] ModelIntegratedComponent:63 - No mode defined for component null
2026-09-14 16:42:27,622 [WARN] ModelIntegratedComponent:63 - No mode defined for component null
2026-09-14 16:42:27,622 [WARN] ModelIntegratedComponent:63 - No mode defined for component null
2026-09-14 16:42:27,622 [WARN] ModelIntegratedComponent:63 - No mode defined for component null
2026-09-14 16:42:27,622 [WARN] ModelIntegratedComponent:63 - No mode defined for component null
2026-09-14 16:42:27,622 [WARN] ModelIntegratedComponent:63 - No mode defined for component null
2026-09-14 16:42:27,622 [WARN] ModelIntegratedComponent:63 - No mode defined for component null
2026-09-14 16:42:27,622 [WARN] ModelIntegratedComponent:63 - No mode defined for component null
2026-09-14 16:42:27,622 [WARN] ModelIntegratedComponent:63 - No mode defined for component null
2026-09-14 16:42:27,622 [WARN] ModelIntegratedComponent:63 - No mode defined for component null
2026-09-14 16:42:27,622 [WARN] ModelIntegratedComponent:63 - No mode defined for component null
2026-09-14 16:42:27,622 [WARN] ModelIntegratedComponent:63 - No mode defined for component null
2026-09-14 16:42:27,622 [WARN] ModelIntegratedComponent:63 - No mode defined for component null
2026-09-14 16:42:27,622 [WARN] ModelIntegratedComponent:63 - No mode defined for component null
2026-09-14 16:42:27,622 [WARN] ModelIntegratedComponent:63 - No mode defined for component null
2026-09-14 16:42:27,622 [WARN] ModelIntegratedComponent:63 - No mode defined for component null
2026-09-14 16:42:27,622 [WARN] ModelIntegratedComponent:63 - No mode defined for component null
2026-09-14 16:42:27,622 [WARN] ModelIntegratedComponent:63 - No mode defined for component null
2026-09-14 16:42:27,622 [WARN] ModelIntegratedComponent:63 - No mode defined for component null
2026-09-14 16:42:27,622 [WARN] ModelIntegratedComponent:63 - No mode defined for component null
2026-09-14 16:42:27,622 [WARN] ModelIntegratedComponent:63 - No mode defined for component null
2026-09-14 16:42:27,622 [WARN] ModelIntegratedComponent:63 - No mode defined for component null
2026-09-14 16:42:27,622 [WARN] ModelIntegratedComponent:63 - No mode defined for component null
2026-09-14 16:42:27,622 [WARN] ModelIntegratedComponent:63 - No mode defined for component null
2026-09-14 16:42:27,622 [WARN] ModelIntegratedComponent:63 - No mode defined for component null
2026-09-14 16:42:27,622 [WARN] ModelIntegratedComponent:63 - No mode defined for component null
2026-09-14 16:42:27,623 [WARN] ModelIntegratedComponent:63 - No mode defined for component null
2026-09-14 16:42:27,623 [WARN] ModelIntegratedComponent:63 - No mode defined for component null
2026-09-14 16:42:27,623 [WARN] ModelIntegratedComponent:63 - No mode defined for component null
2026-09-14 16:42:27,623 [WARN] ModelIntegratedComponent:63 - No mode defined for component null
2026-09-14 16:42:27,623 [WARN] ModelIntegratedComponent:63 - No mode defined for component null
2026-09-14 16:42:27,623 [WARN] ModelIntegratedComponent:63 - No mode defined for component null
2026-09-14 16:42:27,623 [WARN] ModelIntegratedComponent:63 - No mode defined for component null
2026-09-14 16:42:27,623 [WARN] ModelIntegratedComponent:63 - No mode defined for component null
2026-09-14 16:42:27,623 [WARN] ModelIntegratedComponent:63 - No mode defined for component null
2026-09-14 16:42:27,623 [WARN] ModelPack:524 - Component already loaded: STMicroelectronics:HAL Drivers:0.0.0:STMicroelectronics:Device:STMicro_Driver:XSPI:HAL::0.0.1:HAL_XSPI
2026-09-14 16:42:27,624 [WARN] ModelIntegratedComponent:182 - Modes not found for component STMicroelectronics:USB_DEVICE:1.0.0:STMicroelectronics:USB::USB Device:Audio HS::1.0:USB_DEVICE_1_0_RESTRICTED_HS
2026-09-14 16:42:27,624 [WARN] ModelIntegratedComponent:188 - Modes not found for component STMicroelectronics:USB_DEVICE:1.0.0:STMicroelectronics:USB::USB Device:Audio HS::1.0:USB_DEVICE_1_0_RESTRICTED_HS
2026-09-14 16:42:27,624 [WARN] ModelIntegratedComponent:182 - Modes not found for component STMicroelectronics:USB_DEVICE:1.0.0:STMicroelectronics:USB::USB Device:CDC HS::1.0:USB_DEVICE_1_0_RESTRICTED_HS
2026-09-14 16:42:27,624 [WARN] ModelIntegratedComponent:188 - Modes not found for component STMicroelectronics:USB_DEVICE:1.0.0:STMicroelectronics:USB::USB Device:CDC HS::1.0:USB_DEVICE_1_0_RESTRICTED_HS
2026-09-14 16:42:27,624 [WARN] ModelIntegratedComponent:182 - Modes not found for component STMicroelectronics:USB_DEVICE:1.0.0:STMicroelectronics:USB::USB Device:DFU HS::1.0:USB_DEVICE_1_0_RESTRICTED_HS
2026-09-14 16:42:27,624 [WARN] ModelIntegratedComponent:188 - Modes not found for component STMicroelectronics:USB_DEVICE:1.0.0:STMicroelectronics:USB::USB Device:DFU HS::1.0:USB_DEVICE_1_0_RESTRICTED_HS
2026-09-14 16:42:27,624 [WARN] ModelIntegratedComponent:182 - Modes not found for component STMicroelectronics:USB_DEVICE:1.0.0:STMicroelectronics:USB::USB Device:HID HS::1.0:USB_DEVICE_1_0_RESTRICTED_HS
2026-09-14 16:42:27,624 [WARN] ModelIntegratedComponent:188 - Modes not found for component STMicroelectronics:USB_DEVICE:1.0.0:STMicroelectronics:USB::USB Device:HID HS::1.0:USB_DEVICE_1_0_RESTRICTED_HS
2026-09-14 16:42:27,624 [WARN] ModelIntegratedComponent:182 - Modes not found for component STMicroelectronics:USB_DEVICE:1.0.0:STMicroelectronics:USB::USB Device:Custom HID HS::1.0:USB_DEVICE_1_0_RESTRICTED_HS
2026-09-14 16:42:27,624 [WARN] ModelIntegratedComponent:188 - Modes not found for component STMicroelectronics:USB_DEVICE:1.0.0:STMicroelectronics:USB::USB Device:Custom HID HS::1.0:USB_DEVICE_1_0_RESTRICTED_HS
2026-09-14 16:42:27,624 [WARN] ModelIntegratedComponent:182 - Modes not found for component STMicroelectronics:USB_DEVICE:1.0.0:STMicroelectronics:USB::USB Device:MSC HS::1.0:USB_DEVICE_1_0_RESTRICTED_HS
2026-09-14 16:42:27,625 [WARN] ModelIntegratedComponent:188 - Modes not found for component STMicroelectronics:USB_DEVICE:1.0.0:STMicroelectronics:USB::USB Device:MSC HS::1.0:USB_DEVICE_1_0_RESTRICTED_HS
2026-09-14 16:42:27,631 [WARN] ModelIntegratedComponent:182 - Modes not found for component STMicroelectronics:USB_HOST:1.0.0:STMicroelectronics:USB::USB Host:Audio HS::1.0:USB_HOST_1_0_RESTRICTED_HS
2026-09-14 16:42:27,631 [WARN] ModelIntegratedComponent:188 - Modes not found for component STMicroelectronics:USB_HOST:1.0.0:STMicroelectronics:USB::USB Host:Audio HS::1.0:USB_HOST_1_0_RESTRICTED_HS
2026-09-14 16:42:27,631 [WARN] ModelIntegratedComponent:182 - Modes not found for component STMicroelectronics:USB_HOST:1.0.0:STMicroelectronics:USB::USB Host:CDC HS::1.0:USB_HOST_1_0_RESTRICTED_HS
2026-09-14 16:42:27,631 [WARN] ModelIntegratedComponent:188 - Modes not found for component STMicroelectronics:USB_HOST:1.0.0:STMicroelectronics:USB::USB Host:CDC HS::1.0:USB_HOST_1_0_RESTRICTED_HS
2026-09-14 16:42:27,631 [WARN] ModelIntegratedComponent:182 - Modes not found for component STMicroelectronics:USB_HOST:1.0.0:STMicroelectronics:USB::USB Host:MSC HS::1.0:USB_HOST_1_0_RESTRICTED_HS
2026-09-14 16:42:27,631 [WARN] ModelIntegratedComponent:188 - Modes not found for component STMicroelectronics:USB_HOST:1.0.0:STMicroelectronics:USB::USB Host:MSC HS::1.0:USB_HOST_1_0_RESTRICTED_HS
2026-09-14 16:42:27,631 [WARN] ModelIntegratedComponent:182 - Modes not found for component STMicroelectronics:USB_HOST:1.0.0:STMicroelectronics:USB::USB Host:HID HS::1.0:USB_HOST_1_0_RESTRICTED_HS
2026-09-14 16:42:27,631 [WARN] ModelIntegratedComponent:188 - Modes not found for component STMicroelectronics:USB_HOST:1.0.0:STMicroelectronics:USB::USB Host:HID HS::1.0:USB_HOST_1_0_RESTRICTED_HS
2026-09-14 16:42:27,631 [WARN] ModelIntegratedComponent:182 - Modes not found for component STMicroelectronics:USB_HOST:1.0.0:STMicroelectronics:USB::USB Host:MTP HS::1.0:USB_HOST_1_0_RESTRICTED_HS
2026-09-14 16:42:27,631 [WARN] ModelIntegratedComponent:188 - Modes not found for component STMicroelectronics:USB_HOST:1.0.0:STMicroelectronics:USB::USB Host:MTP HS::1.0:USB_HOST_1_0_RESTRICTED_HS
2026-09-14 16:42:27,749 [INFO] ThirdPartyModel:298 - Start build external matchings
2026-09-14 16:42:28,680 [INFO] ThirdPartyModel:316 - End build external matchings
2026-09-14 16:42:28,737 [INFO] ImportTextPane:234 - (OptionalMessage_ERROR) IP (RCC) : Parameter (I2SClocksFreq_Value) has invalid value (320000000)
2026-09-14 16:42:28,738 [INFO] ImportTextPane:234 - (OptionalMessage_ERROR) IP (RCC) : Parameter (RTCHSEDivFreq_Value) has invalid value (4000000)
2026-09-14 16:42:28,982 [INFO] UtilMem:75 - End LoadConfig() Used Memory: 949250512 Bytes (1073741824)
2026-09-14 16:42:29,306 [WARN] ThirdParty:833 - waiting for thirdparty lock release [change project]
2026-09-14 16:42:29,307 [INFO] ThirdParty:835 - entering critical section [change project]
2026-09-14 16:42:29,308 [INFO] ThirdParty:1030 - CMSIS Pack Vendor :STMicroelectronics X-CUBE-AZRTOS-H7 3.5.0
2026-09-14 16:42:29,308 [INFO] ThirdParty:1030 - CMSIS Pack Vendor :STMicroelectronics X-CUBE-PM33A1 1.0.0
2026-09-14 16:42:29,308 [INFO] ThirdParty:1030 - CMSIS Pack Vendor :STMicroelectronics USBPD 4.1
2026-09-14 16:42:29,308 [INFO] ThirdParty:1030 - CMSIS Pack Vendor :STMicroelectronics USB_HOST 2.0.0
2026-09-14 16:42:29,308 [INFO] ThirdParty:1030 - CMSIS Pack Vendor :STMicroelectronics FP-SNS-MOTENVWB1 1.4.0
2026-09-14 16:42:29,308 [INFO] ThirdParty:1030 - CMSIS Pack Vendor :STMicroelectronics FP-ATR-ASTRA1 2.0.3
2026-09-14 16:42:29,308 [INFO] ThirdParty:1030 - CMSIS Pack Vendor :STMicroelectronics X-CUBE-AZRTOS-F4 1.1.0
2026-09-14 16:42:29,308 [INFO] ThirdParty:1030 - CMSIS Pack Vendor :STMicroelectronics LIBJPEG 8.0.0
2026-09-14 16:42:29,308 [INFO] ThirdParty:1030 - CMSIS Pack Vendor :STMicroelectronics FP-ATR-ASTRA1 2.0.2
2026-09-14 16:42:29,308 [INFO] ThirdParty:1030 - CMSIS Pack Vendor :Avnet-IotConnect X-CUBE-IoTC-DA16k-PMOD 1.0.0
2026-09-14 16:42:29,308 [INFO] ThirdParty:1030 - CMSIS Pack Vendor :STMicroelectronics X-CUBE-SMBUS 2.1.0
2026-09-14 16:42:29,308 [INFO] ThirdParty:1030 - CMSIS Pack Vendor :STMicroelectronics X-CUBE-ISPU 2.1.0
2026-09-14 16:42:29,308 [INFO] ThirdParty:1030 - CMSIS Pack Vendor :STMicroelectronics X-CUBE-IPS 3.2.0
2026-09-14 16:42:29,308 [INFO] ThirdParty:1030 - CMSIS Pack Vendor :STMicroelectronics eDS-WB_DPC_TT-BIDIR 2.1.1
2026-09-14 16:42:29,308 [INFO] ThirdParty:1030 - CMSIS Pack Vendor :STMicroelectronics X-CUBE-ST60 1.0.0
2026-09-14 16:42:29,308 [INFO] ThirdParty:1030 - CMSIS Pack Vendor :STMicroelectronics X-CUBE-NFC12 1.0.0
2026-09-14 16:42:29,308 [INFO] ThirdParty:1030 - CMSIS Pack Vendor :STMicroelectronics X-CUBE-AZRTOS-F7 1.1.0
2026-09-14 16:42:29,308 [INFO] ThirdParty:1030 - CMSIS Pack Vendor :STMicroelectronics X-CUBE-AZRTOS-L5 2.0.0
2026-09-14 16:42:29,308 [INFO] ThirdParty:1030 - CMSIS Pack Vendor :STMicroelectronics USB_DEVICE 2.0.0
2026-09-14 16:42:29,308 [INFO] ThirdParty:1030 - CMSIS Pack Vendor :STMicroelectronics X-CUBE-FREERTOS 1.6.0
2026-09-14 16:42:29,308 [INFO] ThirdParty:1030 - CMSIS Pack Vendor :STMicroelectronics X-CUBE-NFC6 3.1.0
2026-09-14 16:42:29,308 [INFO] ThirdParty:1030 - CMSIS Pack Vendor :STMicroelectronics X-CUBE-ALGOBUILD 1.5.0
2026-09-14 16:42:29,308 [INFO] ThirdParty:1030 - CMSIS Pack Vendor :STMicroelectronics FP-SNS-MOTENV1 5.1.0
2026-09-14 16:42:29,308 [INFO] ThirdParty:1030 - CMSIS Pack Vendor :STMicroelectronics FreeRTOS 0.0.1
2026-09-14 16:42:29,308 [INFO] ThirdParty:1030 - CMSIS Pack Vendor :STMicroelectronics X-CUBE-AZRTOS-H7RS 1.3.0
2026-09-14 16:42:29,309 [INFO] ThirdParty:1030 - CMSIS Pack Vendor :STMicroelectronics eDS-WB_DPC_VIENNA 1.2.0
2026-09-14 16:42:29,309 [INFO] ThirdParty:1030 - CMSIS Pack Vendor :WES I-CUBE-Cesium 1.4.0
2026-09-14 16:42:29,309 [INFO] ThirdParty:1030 - CMSIS Pack Vendor :STMicroelectronics X-CUBE-MEMS1 13.0.0
2026-09-14 16:42:29,309 [INFO] ThirdParty:1030 - CMSIS Pack Vendor :STMicroelectronics eDS-WB_DPC_3PH2L-BIDIR 1.1.1
2026-09-14 16:42:29,309 [INFO] ThirdParty:1030 - CMSIS Pack Vendor :Infineon AIROC-Wi-Fi-Bluetooth-STM32 1.7.1
2026-09-14 16:42:29,309 [INFO] ThirdParty:1030 - CMSIS Pack Vendor :STMicroelectronics PDM2PCM 3.3.0
2026-09-14 16:42:29,309 [INFO] ThirdParty:1030 - CMSIS Pack Vendor :STMicroelectronics X-CUBE-AZRTOS-H7 3.4.0
2026-09-14 16:42:29,309 [INFO] ThirdParty:1030 - CMSIS Pack Vendor :STMicroelectronics X-CUBE-DISPLAY 3.0.0
2026-09-14 16:42:29,309 [INFO] ThirdParty:1030 - CMSIS Pack Vendor :STMicroelectronics X-CUBE-GNSS1 7.1.1
2026-09-14 16:42:29,309 [INFO] ThirdParty:1030 - CMSIS Pack Vendor :STMicroelectronics FP-SNS-MOTENVWB1 1.5.0
2026-09-14 16:42:29,309 [INFO] ThirdParty:1030 - CMSIS Pack Vendor :STMicroelectronics X-CUBE-NFC10 1.0.0
2026-09-14 16:42:29,309 [INFO] ThirdParty:1030 - CMSIS Pack Vendor :STMicroelectronics X-CUBE-FREERTOS 1.3.1
2026-09-14 16:42:29,309 [INFO] ThirdParty:1030 - CMSIS Pack Vendor :STMicroelectronics HAL Drivers 0.0.0
2026-09-14 16:42:29,309 [INFO] ThirdParty:1030 - CMSIS Pack Vendor :STMicroelectronics X-CUBE-ST60 1.1.0
2026-09-14 16:42:29,309 [INFO] ThirdParty:1030 - CMSIS Pack Vendor :emotas I-CUBE-CANOPEN 1.3.0
2026-09-14 16:42:29,309 [INFO] ThirdParty:1030 - CMSIS Pack Vendor :STMicroelectronics MBEDTLS 2.14.1
2026-09-14 16:42:29,309 [INFO] ThirdParty:1030 - CMSIS Pack Vendor :STMicroelectronics X-CUBE-TOUCHGFX 4.26.1
2026-09-14 16:42:29,309 [INFO] ThirdParty:1030 - CMSIS Pack Vendor :STMicroelectronics FP-SNS-STBOX1 2.1.0
2026-09-14 16:42:29,309 [INFO] ThirdParty:1030 - CMSIS Pack Vendor :STMicroelectronics FP-SNS-STAIOTCFT 1.0.0
2026-09-14 16:42:29,309 [INFO] ThirdParty:1030 - CMSIS Pack Vendor :STMicroelectronics FP-SNS-SMARTAG2 1.2.0
2026-09-14 16:42:29,309 [INFO] ThirdParty:1030 - CMSIS Pack Vendor :STMicroelectronics FP-SNS-FLIGHT1 5.1.0
2026-09-14 16:42:29,309 [INFO] ThirdParty:1030 - CMSIS Pack Vendor :STMicroelectronics X-CUBE-AZRTOS-WL 2.0.0
2026-09-14 16:42:29,309 [INFO] ThirdParty:1030 - CMSIS Pack Vendor :STMicroelectronics X-CUBE-DPower 1.3.0
2026-09-14 16:42:29,309 [INFO] ThirdParty:1030 - CMSIS Pack Vendor :STMicroelectronics FP-SNS-MOTENV1 5.0.0
2026-09-14 16:42:29,309 [INFO] ThirdParty:1030 - CMSIS Pack Vendor :STMicroelectronics USB_DEVICE 1.0.0
2026-09-14 16:42:29,309 [INFO] ThirdParty:1030 - CMSIS Pack Vendor :STMicroelectronics X-CUBE-AZRTOS-H7RS 1.2.0
2026-09-14 16:42:29,309 [INFO] ThirdParty:1030 - CMSIS Pack Vendor :STMicroelectronics X-CUBE-AZRTOS-L4 2.0.0
2026-09-14 16:42:29,309 [INFO] ThirdParty:1030 - CMSIS Pack Vendor :STMicroelectronics ThreadX 0.0.2
2026-09-14 16:42:29,309 [INFO] ThirdParty:1030 - CMSIS Pack Vendor :WES I-CUBE-Cesium 1.3.0
2026-09-14 16:42:29,309 [INFO] ThirdParty:1030 - CMSIS Pack Vendor :STMicroelectronics lwIP 2.1.2
2026-09-14 16:42:29,309 [INFO] ThirdParty:1030 - CMSIS Pack Vendor :STMicroelectronics X-CUBE-SFXS2LP1 4.0.0
2026-09-14 16:42:29,309 [INFO] ThirdParty:1030 - CMSIS Pack Vendor :STMicroelectronics X-CUBE-BLE2 3.3.0
2026-09-14 16:42:29,309 [INFO] ThirdParty:1030 - CMSIS Pack Vendor :Avnet-IOTCONNECT X-CUBE-iotc-st67-sdk 1.0.0
2026-09-14 16:42:29,309 [INFO] ThirdParty:1030 - CMSIS Pack Vendor :STMicroelectronics PDM2PCM 3.2.0
2026-09-14 16:42:29,310 [INFO] ThirdParty:1030 - CMSIS Pack Vendor :STMicroelectronics X-CUBE-WB05N 2.1.0
2026-09-14 16:42:29,310 [INFO] ThirdParty:1030 - CMSIS Pack Vendor :STMicroelectronics X-CUBE-NFC9 1.0.0
2026-09-14 16:42:29,316 [INFO] ThirdParty:1030 - CMSIS Pack Vendor :wolfSSL I-CUBE-wolfSSL 5.8.2
2026-09-14 16:42:29,323 [INFO] ThirdParty:1030 - CMSIS Pack Vendor :STMicroelectronics X-CUBE-BLE1 7.1.0
2026-09-14 16:42:29,331 [INFO] ThirdParty:1030 - CMSIS Pack Vendor :wolfSSL I-CUBE-wolfMQTT 1.19.2
2026-09-14 16:42:29,333 [INFO] ThirdParty:1030 - CMSIS Pack Vendor :STMicroelectronics USB_DEVICE 3.0.0
2026-09-14 16:42:29,334 [INFO] ThirdParty:1030 - CMSIS Pack Vendor :STMicroelectronics X-CUBE-EEPRMA1 5.2.0
2026-09-14 16:42:29,334 [INFO] ThirdParty:1030 - CMSIS Pack Vendor :STMicroelectronics X-CUBE-BLEMGR 4.1.0
2026-09-14 16:42:29,335 [INFO] ThirdParty:1030 - CMSIS Pack Vendor :STMicroelectronics X-CUBE-AZRTOS-WB 2.0.0
2026-09-14 16:42:29,335 [INFO] ThirdParty:1030 - CMSIS Pack Vendor :STMicroelectronics X-CUBE-GNSS1 7.0.1
2026-09-14 16:42:29,335 [INFO] ThirdParty:1030 - CMSIS Pack Vendor :STMicroelectronics X-CUBE-TOUCHGFX 4.25.0
2026-09-14 16:42:29,335 [INFO] ThirdParty:1030 - CMSIS Pack Vendor :STMicroelectronics FP-SNS-STAIOTCFT 1.1.0
2026-09-14 16:42:29,335 [INFO] ThirdParty:1030 - CMSIS Pack Vendor :quantropi X-CUBE-qispace-sdk-base 2.1.0
2026-09-14 16:42:29,335 [INFO] ThirdParty:1030 - CMSIS Pack Vendor :STMicroelectronics X-CUBE-STSE01 2.0.0
2026-09-14 16:42:29,335 [INFO] ThirdParty:1030 - CMSIS Pack Vendor :STMicroelectronics X-CUBE-AZRTOS-G0 1.1.0
2026-09-14 16:42:29,335 [INFO] ThirdParty:1030 - CMSIS Pack Vendor :STMicroelectronics X-CUBE-SAFEA1 1.2.2
2026-09-14 16:42:29,335 [INFO] ThirdParty:1030 - CMSIS Pack Vendor :STMicroelectronics X-CUBE-NFC4 3.0.0
2026-09-14 16:42:29,336 [INFO] ThirdParty:1030 - CMSIS Pack Vendor :STMicroelectronics X-CUBE-SUBG2 5.0.0
2026-09-14 16:42:29,336 [INFO] ThirdParty:1030 - CMSIS Pack Vendor :STMicroelectronics X-CUBE-AZRTOS-H7RS 1.1.0
2026-09-14 16:42:29,336 [INFO] ThirdParty:1030 - CMSIS Pack Vendor :STMicroelectronics STM32_WPAN 1.0.0
2026-09-14 16:42:29,336 [INFO] ThirdParty:1030 - CMSIS Pack Vendor :EmbeddedOffice I-CUBE-FS-RTOS 1.0.1
2026-09-14 16:42:29,336 [INFO] ThirdParty:1030 - CMSIS Pack Vendor :STMicroelectronics lwIP 2.0.3
2026-09-14 16:42:29,338 [INFO] ThirdParty:1030 - CMSIS Pack Vendor :Cesanta I-CUBE-Mongoose 7.13.0
2026-09-14 16:42:29,347 [INFO] ThirdParty:1030 - CMSIS Pack Vendor :STMicroelectronics USB_HOST 1.0.0
2026-09-14 16:42:29,350 [INFO] ThirdParty:1030 - CMSIS Pack Vendor :STMicroelectronics X-CUBE-AZRTOS-G4 2.0.0
2026-09-14 16:42:29,350 [INFO] ThirdParty:1030 - CMSIS Pack Vendor :STMicroelectronics X-CUBE-WB05N 2.0.0
2026-09-14 16:42:29,350 [INFO] ThirdParty:1030 - CMSIS Pack Vendor :STMicroelectronics PDM2PCM 3.1.0
2026-09-14 16:42:29,350 [INFO] ThirdParty:1030 - CMSIS Pack Vendor :wolfSSL I-CUBE-wolfTPM 3.8.0
2026-09-14 16:42:29,351 [INFO] ThirdParty:1030 - CMSIS Pack Vendor :wolfSSL I-CUBE-wolfSSH 1.4.20
2026-09-14 16:42:29,351 [INFO] ThirdParty:1030 - CMSIS Pack Vendor :STMicroelectronics X-CUBE-NFC7 2.0.0
2026-09-14 16:42:29,351 [INFO] ThirdParty:1030 - CMSIS Pack Vendor :STMicroelectronics X-CUBE-TCPP 4.2.0
2026-09-14 16:42:29,351 [INFO] ThirdParty:1030 - CMSIS Pack Vendor :RealThread X-CUBE-RT-Thread_Nano 4.1.1
2026-09-14 16:42:29,351 [INFO] ThirdParty:1030 - CMSIS Pack Vendor :STMicroelectronics FP-ATR-SIGFOX1 3.2.0
2026-09-14 16:42:29,351 [INFO] ThirdParty:1030 - CMSIS Pack Vendor :STMicroelectronics X-CUBE-FREERTOS 1.5.0
2026-09-14 16:42:29,351 [INFO] ThirdParty:1030 - CMSIS Pack Vendor :STMicroelectronics MBEDTLS 2.16.2
2026-09-14 16:42:29,351 [INFO] ThirdParty:1030 - CMSIS Pack Vendor :STMicroelectronics X-CUBE-IPS 3.1.0
2026-09-14 16:42:29,351 [INFO] ThirdParty:1030 - CMSIS Pack Vendor :STMicroelectronics X-CUBE-ALS 1.0.2
2026-09-14 16:42:29,351 [INFO] ThirdParty:1030 - CMSIS Pack Vendor :ITTIA_DB I-CUBE-ITTIADB 8.9.0
2026-09-14 16:42:29,351 [INFO] ThirdParty:1030 - CMSIS Pack Vendor :portGmbH I-Cube-SoM-uGOAL 1.1.0
2026-09-14 16:42:29,351 [INFO] ThirdParty:1030 - CMSIS Pack Vendor :STMicroelectronics X-CUBE-NFC6 3.2.0
2026-09-14 16:42:29,351 [INFO] ThirdParty:1030 - CMSIS Pack Vendor :STMicroelectronics X-CUBE-ST67W61 1.0.0
2026-09-14 16:42:29,351 [INFO] ThirdParty:1030 - CMSIS Pack Vendor :STMicroelectronics X-CUBE-AI 10.2.1
2026-09-14 16:42:29,351 [INFO] ThirdParty:1030 - CMSIS Pack Vendor :STMicroelectronics X-CUBE-AI 10.2.0
2026-09-14 16:42:29,351 [INFO] ThirdParty:1030 - CMSIS Pack Vendor :STMicroelectronics ThreadX 1.0.0
2026-09-14 16:42:29,351 [INFO] ThirdParty:1030 - CMSIS Pack Vendor :STMicroelectronics X-CUBE-MEMS1 12.1.0
2026-09-14 16:42:29,351 [INFO] ThirdParty:1030 - CMSIS Pack Vendor :SEGGER I-CUBE-embOS 1.3.1
2026-09-14 16:42:29,351 [INFO] ThirdParty:1030 - CMSIS Pack Vendor :STMicroelectronics X-CUBE-ALGOBUILD 1.4.0
2026-09-14 16:42:29,351 [INFO] ThirdParty:1030 - CMSIS Pack Vendor :STMicroelectronics X-CUBE-MEMS1 11.3.0
2026-09-14 16:42:29,351 [INFO] ThirdParty:1030 - CMSIS Pack Vendor :STMicroelectronics X-CUBE-TOF1 3.4.3
2026-09-14 16:42:29,351 [INFO] ThirdParty:1030 - CMSIS Pack Vendor :STMicroelectronics X-CUBE-NFC13 1.0.0
2026-09-14 16:42:29,355 [INFO] ThirdParty:841 - exiting critical section [change project]
2026-09-14 16:42:30,251 [INFO] PinOutPanel:1589 - setPackage(No Configuration,No Configuration)
2026-09-14 16:42:30,255 [INFO] PinOutPanel:1589 - setPackage(STM32F411VETx,LQFP100)
2026-09-14 16:42:34,574 [INFO] UtilMem:75 - Before build in PCC Used Memory: 787852696 Bytes (1073741824)
2026-09-14 16:42:37,459 [INFO] UtilMem:75 - After build in PCC Used Memory: 827698584 Bytes (1073741824)
2026-09-14 16:42:37,924 [INFO] IPUIPlugin:80 - create IPUIPlugin
2026-09-14 16:42:37,932 [INFO] IPUIPlugin:80 - create IPUIPlugin
2026-09-14 16:42:37,935 [INFO] IPUIPlugin:80 - create IPUIPlugin
2026-09-14 16:42:37,935 [INFO] IPUIPlugin:80 - create IPUIPlugin
2026-09-14 16:42:37,936 [INFO] IPUIPlugin:80 - create IPUIPlugin
2026-09-14 16:42:37,941 [INFO] IPUIPlugin:80 - create IPUIPlugin
2026-09-14 16:42:37,942 [INFO] IPUIPlugin:80 - create IPUIPlugin
2026-09-14 16:42:37,942 [INFO] IPUIPlugin:80 - create IPUIPlugin
2026-09-14 16:42:37,943 [INFO] IPUIPlugin:80 - create IPUIPlugin
2026-09-14 16:42:38,145 [INFO] IPUIPlugin:80 - create IPUIPlugin
2026-09-14 16:42:38,187 [INFO] IPUIPlugin:80 - create IPUIPlugin
2026-09-14 16:42:38,213 [INFO] IPUIPlugin:80 - create IPUIPlugin
2026-09-14 16:42:38,215 [INFO] IPUIPlugin:80 - create IPUIPlugin
2026-09-14 16:42:38,216 [INFO] IPUIPlugin:80 - create IPUIPlugin
2026-09-14 16:42:38,217 [INFO] IPUIPlugin:80 - create IPUIPlugin
2026-09-14 16:42:38,218 [INFO] IPUIPlugin:80 - create IPUIPlugin
2026-09-14 16:42:38,219 [INFO] IPUIPlugin:80 - create IPUIPlugin
2026-09-14 16:42:38,220 [INFO] IPUIPlugin:80 - create IPUIPlugin
2026-09-14 16:42:38,240 [INFO] IPUIPlugin:80 - create IPUIPlugin
2026-09-14 16:42:38,241 [INFO] IPUIPlugin:80 - create IPUIPlugin
2026-09-14 16:42:38,243 [INFO] IPUIPlugin:80 - create IPUIPlugin
2026-09-14 16:42:38,244 [INFO] IPUIPlugin:80 - create IPUIPlugin
2026-09-14 16:42:38,244 [INFO] IPUIPlugin:80 - create IPUIPlugin
2026-09-14 16:42:38,245 [INFO] IPUIPlugin:80 - create IPUIPlugin
2026-09-14 16:42:38,247 [INFO] IPUIPlugin:80 - create IPUIPlugin
2026-09-14 16:42:38,247 [INFO] IPUIPlugin:80 - create IPUIPlugin
2026-09-14 16:42:38,248 [INFO] IPUIPlugin:80 - create IPUIPlugin
2026-09-14 16:42:38,249 [INFO] IPUIPlugin:80 - create IPUIPlugin
2026-09-14 16:42:38,249 [INFO] IPUIPlugin:80 - create IPUIPlugin
2026-09-14 16:42:38,250 [INFO] IPUIPlugin:80 - create IPUIPlugin
2026-09-14 16:42:38,250 [INFO] IPUIPlugin:80 - create IPUIPlugin
2026-09-14 16:42:38,251 [INFO] IPUIPlugin:80 - create IPUIPlugin
2026-09-14 16:42:38,251 [INFO] IPUIPlugin:80 - create IPUIPlugin
2026-09-14 16:42:38,251 [INFO] IPUIPlugin:80 - create IPUIPlugin
2026-09-14 16:42:38,252 [INFO] IPUIPlugin:80 - create IPUIPlugin
2026-09-14 16:42:38,253 [INFO] IPUIPlugin:80 - create IPUIPlugin
2026-09-14 16:42:38,254 [INFO] IPUIPlugin:80 - create IPUIPlugin
2026-09-14 16:42:38,255 [INFO] IPUIPlugin:80 - create IPUIPlugin
2026-09-14 16:42:38,264 [INFO] IPUIPlugin:80 - create IPUIPlugin
2026-09-14 16:42:38,265 [INFO] IPUIPlugin:80 - create IPUIPlugin
2026-09-14 16:42:38,267 [INFO] IPUIPlugin:80 - create IPUIPlugin
2026-09-14 16:42:38,271 [INFO] IPUIPlugin:80 - create IPUIPlugin
2026-09-14 16:42:38,272 [INFO] IPUIPlugin:80 - create IPUIPlugin
2026-09-14 16:42:38,427 [INFO] ApiDbMcu:532 - Load IP Config File for PDM2PCM
2026-09-14 16:42:39,625 [INFO] CADModel:165 - CPN selected for project levelSTM32F411VET6
2026-09-14 16:42:39,627 [INFO] CADModel:114 - Register for checkConnection events
2026-09-14 16:42:39,719 [INFO] OpenFileManager:386 - Restore cursor
