2026-09-17 00:28:52,597 [INFO] MainUpdater:2872 - connection check result : 10
2026-09-17 00:28:52,625 [INFO] MainUpdater:2872 - connection check result : 10
2026-09-17 00:28:54,222 [INFO] MicroXplorer:468 - Change Database Path : 
2026-09-17 00:28:54,224 [INFO] MicroXplorer:498 - Change Database Version : DB.6.0.150
2026-09-17 00:28:54,355 [ERROR] ProjectManagerView:395 - 
java.lang.NullPointerException: Cannot invoke "javax.swing.JTextField.getText()" because the return value of "java.util.List.get(int)" is null
	at com.st.microxplorer.plugins.projectmanager.gui.ProjectChoiceTab$9.caretUpdate(ProjectChoiceTab.java:2706) ~[filemanager.jar:?]
	at javax.swing.text.JTextComponent.fireCaretUpdate(JTextComponent.java:408) ~[?:?]
	at javax.swing.text.JTextComponent$MutableCaretEvent.fire(JTextComponent.java:4484) ~[?:?]
	at javax.swing.text.JTextComponent$MutableCaretEvent.stateChanged(JTextComponent.java:4506) ~[?:?]
	at javax.swing.text.DefaultCaret.fireStateChanged(DefaultCaret.java:857) ~[?:?]
	at javax.swing.text.DefaultCaret.changeCaretPosition(DefaultCaret.java:1343) ~[?:?]
	at javax.swing.text.DefaultCaret.handleSetDot(DefaultCaret.java:1242) ~[?:?]
	at javax.swing.text.DefaultCaret.setDot(DefaultCaret.java:1223) ~[?:?]
	at javax.swing.text.DefaultCaret$Handler.insertUpdate(DefaultCaret.java:1819) ~[?:?]
	at javax.swing.text.AbstractDocument.fireInsertUpdate(AbstractDocument.java:227) ~[?:?]
	at javax.swing.text.AbstractDocument.handleInsertString(AbstractDocument.java:781) ~[?:?]
	at javax.swing.text.AbstractDocument.insertString(AbstractDocument.java:740) ~[?:?]
	at javax.swing.text.PlainDocument.insertString(PlainDocument.java:131) ~[?:?]
	at javax.swing.text.AbstractDocument.replace(AbstractDocument.java:699) ~[?:?]
	at javax.swing.text.JTextComponent.setText(JTextComponent.java:1725) ~[?:?]
	at com.st.microxplorer.plugins.projectmanager.gui.ProjectChoiceTab.createHeapStackFields(ProjectChoiceTab.java:993) ~[filemanager.jar:?]
	at com.st.microxplorer.plugins.projectmanager.gui.ProjectChoiceTab.buildLinkSettingsPanel(ProjectChoiceTab.java:3813) ~[filemanager.jar:?]
	at com.st.microxplorer.plugins.projectmanager.gui.ProjectChoiceTab.defineWindowsFields(ProjectChoiceTab.java:1987) ~[filemanager.jar:?]
	at com.st.microxplorer.plugins.projectmanager.gui.ProjectChoiceTab.updateSettings(ProjectChoiceTab.java:558) ~[filemanager.jar:?]
	at com.st.microxplorer.plugins.projectmanager.gui.ProjectSettingsPanel.UpdateDialog(ProjectSettingsPanel.java:247) ~[filemanager.jar:?]
	at com.st.microxplorer.plugins.projectmanager.ProjectManagerView.propertyChange(ProjectManagerView.java:392) ~[filemanager.jar:?]
	at java.beans.PropertyChangeSupport.fire(PropertyChangeSupport.java:343) ~[?:?]
	at java.beans.PropertyChangeSupport.firePropertyChange(PropertyChangeSupport.java:335) ~[?:?]
	at java.beans.PropertyChangeSupport.firePropertyChange(PropertyChangeSupport.java:268) ~[?:?]
	at com.st.microxplorer.util.MXPropertyChangeSupport.firePropertyChange(MXPropertyChangeSupport.java:54) ~[STM32CubeMX.jar:?]
	at com.st.microxplorer.mxsystem.MxSystem.closeConfig(MxSystem.java:899) ~[STM32CubeMX.jar:?]
	at com.st.microxplorer.maingui.MainPanel.closeConfig(MainPanel.java:792) ~[STM32CubeMX.jar:?]
	at com.st.microxplorer.plugins.filemanager.engine.OpenFileManager.loadConfigurationFile(OpenFileManager.java:288) ~[filemanager.jar:?]
	at com.st.microxplorer.plugins.filemanager.engine.MainFileManager.userLoadConfig(MainFileManager.java:364) ~[filemanager.jar:?]
	at com.st.microxplorer.plugins.filemanager.engine.MainFileManager.userLoadConfig(MainFileManager.java:342) ~[filemanager.jar:?]
	at com.st.microxplorer.plugins.filemanager.FileManagerView.getSpecificTask(FileManagerView.java:264) ~[filemanager.jar:?]
	at com.st.stm32cube.common.mx.editor.CubeMxEditor.getMxTabbedPaneInstance(CubeMxEditor.java:1198) ~[com.st.stm32cube.common.mx_6.15.0.202507011659/:?]
	at com.st.stm32cube.common.mx.editor.CubeMxEditor$12$1.createSwingComponent(CubeMxEditor.java:1068) ~[com.st.stm32cube.common.mx_6.15.0.202507011659/:?]
	at com.st.stm32cube.common.mx.oss.core.awtswtbridge.EmbeddedSwingComposite.doComponentCreation(EmbeddedSwingComposite.java:492) ~[com.st.stm32cube.common.mx.oss_6.15.0.202507011659/:?]
	at com.st.stm32cube.common.mx.oss.core.awtswtbridge.EmbeddedSwingComposite$4.run(EmbeddedSwingComposite.java:291) ~[com.st.stm32cube.common.mx.oss_6.15.0.202507011659/:?]
	at com.st.stm32cube.common.mx.oss.core.awtswtbridge.AwtEnvironment$2.run(AwtEnvironment.java:166) ~[com.st.stm32cube.common.mx.oss_6.15.0.202507011659/:?]
	at java.awt.event.InvocationEvent.dispatch(InvocationEvent.java:318) ~[?:?]
	at java.awt.EventQueue.dispatchEventImpl(EventQueue.java:773) ~[?:?]
	at java.awt.EventQueue$4.run(EventQueue.java:720) ~[?:?]
	at java.awt.EventQueue$4.run(EventQueue.java:714) ~[?:?]
	at java.security.AccessController.doPrivileged(AccessController.java:400) ~[?:?]
	at java.security.ProtectionDomain$JavaSecurityAccessImpl.doIntersectionPrivilege(ProtectionDomain.java:87) ~[?:?]
	at java.awt.EventQueue.dispatchEvent(EventQueue.java:742) ~[?:?]
	at java.awt.EventDispatchThread.pumpOneEventForFilters(EventDispatchThread.java:203) ~[?:?]
	at java.awt.EventDispatchThread.pumpEventsForFilter(EventDispatchThread.java:124) ~[?:?]
	at java.awt.EventDispatchThread.pumpEventsForHierarchy(EventDispatchThread.java:113) ~[?:?]
	at java.awt.EventDispatchThread.pumpEvents(EventDispatchThread.java:109) ~[?:?]
	at java.awt.EventDispatchThread.pumpEvents(EventDispatchThread.java:101) ~[?:?]
	at java.awt.EventDispatchThread.run(EventDispatchThread.java:90) ~[?:?]
2026-09-17 00:28:54,374 [WARN] ThirdParty:871 - waiting for thirdparty lock release [close project]
2026-09-17 00:28:54,374 [INFO] ThirdParty:873 - entering critical section [close project]
2026-09-17 00:28:54,374 [INFO] ThirdParty:883 - exiting critical section [close project]
2026-09-17 00:28:54,380 [INFO] PinOutPanel:1589 - setPackage(No Configuration,No Configuration)
2026-09-17 00:28:54,435 [WARN] IpParametersView:155 - Warning: This peripheral hasn't parameters
2026-09-17 00:28:54,490 [WARN] MainPanel:289 - <html><b><center>Warning: This peripheral has no parameters to be configured<br></b></html>
2026-09-17 00:28:54,504 [INFO] UtilMem:75 - Begin LoadConfig() Used Memory: 826728792 Bytes (1073741824)
2026-09-17 00:28:54,507 [INFO] MicroXplorer:468 - Change Database Path : 
2026-09-17 00:28:54,507 [INFO] MicroXplorer:498 - Change Database Version : DB.6.0.150
2026-09-17 00:28:54,508 [INFO] OpenFileManager:355 - Change cursor
2026-09-17 00:28:54,579 [INFO] Mcu:2029 - Initializing MCU STM32F103C(8-B)Tx STM32F103C8Tx STM32F103C8T6
2026-09-17 00:28:55,458 [INFO] Context:786 - Trying to add GPIOservice into a context  which must be forbidden
2026-09-17 00:28:55,844 [INFO] ImportTextPane:234 - (OptionalMessage_ERROR) Pin9 (VP_RIF_VS_RIF1) cannot be retrieved for this MCU
2026-09-17 00:28:55,938 [INFO] RtosManager:558 - Registered RTOS mode: class=CMSIS, group=RTOS, mode=CMSIS_V1, owner=FREERTOS
2026-09-17 00:28:55,939 [INFO] RtosManager:558 - Registered RTOS mode: class=CMSIS, group=RTOS2, mode=CMSIS_V2, owner=FREERTOS
2026-09-17 00:28:55,939 [INFO] RtosManager:558 - Registered RTOS mode: class=RTOS, group=Core, mode=CMSIS_V1, owner=FREERTOS
2026-09-17 00:28:55,940 [INFO] RtosManager:558 - Registered RTOS mode: class=RTOS, group=Core, mode=CMSIS_V2, owner=FREERTOS
2026-09-17 00:28:55,940 [WARN] ModelIntegratedComponent:184 - Missing modes for component STMicroelectronics:FreeRTOS:0.0.1:STMicroelectronics:RTOS:FreeRTOS:Core:::10.2.0:
2026-09-17 00:28:55,999 [WARN] ModelIntegratedComponent:63 - No mode defined for component null
2026-09-17 00:28:56,000 [WARN] ModelIntegratedComponent:63 - No mode defined for component null
2026-09-17 00:28:56,000 [WARN] ModelIntegratedComponent:63 - No mode defined for component null
2026-09-17 00:28:56,000 [WARN] ModelIntegratedComponent:63 - No mode defined for component null
2026-09-17 00:28:56,000 [WARN] ModelIntegratedComponent:63 - No mode defined for component null
2026-09-17 00:28:56,000 [WARN] ModelIntegratedComponent:63 - No mode defined for component null
2026-09-17 00:28:56,000 [WARN] ModelIntegratedComponent:63 - No mode defined for component null
2026-09-17 00:28:56,001 [WARN] ModelIntegratedComponent:63 - No mode defined for component null
2026-09-17 00:28:56,002 [WARN] ModelIntegratedComponent:63 - No mode defined for component null
2026-09-17 00:28:56,002 [WARN] ModelIntegratedComponent:63 - No mode defined for component null
2026-09-17 00:28:56,002 [WARN] ModelIntegratedComponent:63 - No mode defined for component null
2026-09-17 00:28:56,002 [WARN] ModelIntegratedComponent:63 - No mode defined for component null
2026-09-17 00:28:56,002 [WARN] ModelIntegratedComponent:63 - No mode defined for component null
2026-09-17 00:28:56,003 [WARN] ModelIntegratedComponent:63 - No mode defined for component null
2026-09-17 00:28:56,003 [WARN] ModelIntegratedComponent:63 - No mode defined for component null
2026-09-17 00:28:56,003 [WARN] ModelIntegratedComponent:63 - No mode defined for component null
2026-09-17 00:28:56,003 [WARN] ModelIntegratedComponent:63 - No mode defined for component null
2026-09-17 00:28:56,003 [WARN] ModelIntegratedComponent:63 - No mode defined for component null
2026-09-17 00:28:56,003 [WARN] ModelIntegratedComponent:63 - No mode defined for component null
2026-09-17 00:28:56,003 [WARN] ModelIntegratedComponent:63 - No mode defined for component null
2026-09-17 00:28:56,003 [WARN] ModelIntegratedComponent:63 - No mode defined for component null
2026-09-17 00:28:56,003 [WARN] ModelIntegratedComponent:63 - No mode defined for component null
2026-09-17 00:28:56,003 [WARN] ModelIntegratedComponent:63 - No mode defined for component null
2026-09-17 00:28:56,003 [WARN] ModelIntegratedComponent:63 - No mode defined for component null
2026-09-17 00:28:56,004 [WARN] ModelIntegratedComponent:63 - No mode defined for component null
2026-09-17 00:28:56,005 [WARN] ModelIntegratedComponent:63 - No mode defined for component null
2026-09-17 00:28:56,005 [WARN] ModelIntegratedComponent:63 - No mode defined for component null
2026-09-17 00:28:56,005 [WARN] ModelIntegratedComponent:63 - No mode defined for component null
2026-09-17 00:28:56,005 [WARN] ModelIntegratedComponent:63 - No mode defined for component null
2026-09-17 00:28:56,005 [WARN] ModelIntegratedComponent:63 - No mode defined for component null
2026-09-17 00:28:56,005 [WARN] ModelIntegratedComponent:63 - No mode defined for component null
2026-09-17 00:28:56,005 [WARN] ModelIntegratedComponent:63 - No mode defined for component null
2026-09-17 00:28:56,005 [WARN] ModelIntegratedComponent:63 - No mode defined for component null
2026-09-17 00:28:56,005 [WARN] ModelIntegratedComponent:63 - No mode defined for component null
2026-09-17 00:28:56,006 [WARN] ModelIntegratedComponent:63 - No mode defined for component null
2026-09-17 00:28:56,008 [WARN] ModelPack:524 - Component already loaded: STMicroelectronics:HAL Drivers:0.0.0:STMicroelectronics:Device:STMicro_Driver:XSPI:HAL::0.0.1:HAL_XSPI
2026-09-17 00:28:56,148 [INFO] ThirdPartyModel:298 - Start build external matchings
2026-09-17 00:28:56,693 [INFO] ThirdPartyModel:316 - End build external matchings
2026-09-17 00:28:56,738 [INFO] ImportTextPane:234 - (OptionalMessage_ERROR) IP (RCC) : Parameter (ADCFreqValue) has invalid value (32000000)
2026-09-17 00:28:56,743 [INFO] ImportTextPane:234 - (OptionalMessage_ERROR) IP (RCC) : Invalid parameter (FamilyName)
2026-09-17 00:28:56,743 [INFO] ImportTextPane:234 - (OptionalMessage_ERROR) IP (RCC) : Parameter (MCOFreq_Value) has invalid value (64000000)
2026-09-17 00:28:56,745 [INFO] ImportTextPane:234 - (OptionalMessage_ERROR) IP (RCC) : Parameter (USBFreq_Value) has invalid value (64000000)
2026-09-17 00:28:56,956 [INFO] UtilMem:75 - End LoadConfig() Used Memory: 731922664 Bytes (1073741824)
2026-09-17 00:28:57,095 [WARN] ThirdParty:833 - waiting for thirdparty lock release [change project]
2026-09-17 00:28:57,096 [INFO] ThirdParty:835 - entering critical section [change project]
2026-09-17 00:28:57,097 [INFO] ThirdParty:1030 - CMSIS Pack Vendor :STMicroelectronics X-CUBE-AZRTOS-H7 3.5.0
2026-09-17 00:28:57,097 [INFO] ThirdParty:1030 - CMSIS Pack Vendor :STMicroelectronics X-CUBE-PM33A1 1.0.0
2026-09-17 00:28:57,097 [INFO] ThirdParty:1030 - CMSIS Pack Vendor :STMicroelectronics USBPD 4.1
2026-09-17 00:28:57,097 [INFO] ThirdParty:1030 - CMSIS Pack Vendor :STMicroelectronics USB_HOST 2.0.0
2026-09-17 00:28:57,097 [INFO] ThirdParty:1030 - CMSIS Pack Vendor :STMicroelectronics FP-SNS-MOTENVWB1 1.4.0
2026-09-17 00:28:57,097 [INFO] ThirdParty:1030 - CMSIS Pack Vendor :STMicroelectronics FP-ATR-ASTRA1 2.0.3
2026-09-17 00:28:57,097 [INFO] ThirdParty:1030 - CMSIS Pack Vendor :STMicroelectronics X-CUBE-AZRTOS-F4 1.1.0
2026-09-17 00:28:57,097 [INFO] ThirdParty:1030 - CMSIS Pack Vendor :STMicroelectronics LIBJPEG 8.0.0
2026-09-17 00:28:57,097 [INFO] ThirdParty:1030 - CMSIS Pack Vendor :STMicroelectronics FP-ATR-ASTRA1 2.0.2
2026-09-17 00:28:57,097 [INFO] ThirdParty:1030 - CMSIS Pack Vendor :Avnet-IotConnect X-CUBE-IoTC-DA16k-PMOD 1.0.0
2026-09-17 00:28:57,097 [INFO] ThirdParty:1030 - CMSIS Pack Vendor :STMicroelectronics X-CUBE-SMBUS 2.1.0
2026-09-17 00:28:57,097 [INFO] ThirdParty:1030 - CMSIS Pack Vendor :STMicroelectronics X-CUBE-ISPU 2.1.0
2026-09-17 00:28:57,097 [INFO] ThirdParty:1030 - CMSIS Pack Vendor :STMicroelectronics X-CUBE-IPS 3.2.0
2026-09-17 00:28:57,097 [INFO] ThirdParty:1030 - CMSIS Pack Vendor :STMicroelectronics eDS-WB_DPC_TT-BIDIR 2.1.1
2026-09-17 00:28:57,097 [INFO] ThirdParty:1030 - CMSIS Pack Vendor :STMicroelectronics X-CUBE-ST60 1.0.0
2026-09-17 00:28:57,097 [INFO] ThirdParty:1030 - CMSIS Pack Vendor :STMicroelectronics X-CUBE-NFC12 1.0.0
2026-09-17 00:28:57,097 [INFO] ThirdParty:1030 - CMSIS Pack Vendor :STMicroelectronics X-CUBE-AZRTOS-F7 1.1.0
2026-09-17 00:28:57,097 [INFO] ThirdParty:1030 - CMSIS Pack Vendor :STMicroelectronics X-CUBE-AZRTOS-L5 2.0.0
2026-09-17 00:28:57,097 [INFO] ThirdParty:1030 - CMSIS Pack Vendor :STMicroelectronics USB_DEVICE 2.0.0
2026-09-17 00:28:57,097 [INFO] ThirdParty:1030 - CMSIS Pack Vendor :STMicroelectronics X-CUBE-FREERTOS 1.6.0
2026-09-17 00:28:57,097 [INFO] ThirdParty:1030 - CMSIS Pack Vendor :STMicroelectronics X-CUBE-NFC6 3.1.0
2026-09-17 00:28:57,097 [INFO] ThirdParty:1030 - CMSIS Pack Vendor :STMicroelectronics X-CUBE-ALGOBUILD 1.5.0
2026-09-17 00:28:57,097 [INFO] ThirdParty:1030 - CMSIS Pack Vendor :STMicroelectronics FP-SNS-MOTENV1 5.1.0
2026-09-17 00:28:57,098 [INFO] ThirdParty:1030 - CMSIS Pack Vendor :STMicroelectronics FreeRTOS 0.0.1
2026-09-17 00:28:57,098 [INFO] ThirdParty:1030 - CMSIS Pack Vendor :STMicroelectronics X-CUBE-AZRTOS-H7RS 1.3.0
2026-09-17 00:28:57,098 [INFO] ThirdParty:1030 - CMSIS Pack Vendor :STMicroelectronics eDS-WB_DPC_VIENNA 1.2.0
2026-09-17 00:28:57,098 [INFO] ThirdParty:1030 - CMSIS Pack Vendor :WES I-CUBE-Cesium 1.4.0
2026-09-17 00:28:57,098 [INFO] ThirdParty:1030 - CMSIS Pack Vendor :STMicroelectronics X-CUBE-MEMS1 13.0.0
2026-09-17 00:28:57,098 [INFO] ThirdParty:1030 - CMSIS Pack Vendor :STMicroelectronics eDS-WB_DPC_3PH2L-BIDIR 1.1.1
2026-09-17 00:28:57,098 [INFO] ThirdParty:1030 - CMSIS Pack Vendor :Infineon AIROC-Wi-Fi-Bluetooth-STM32 1.7.1
2026-09-17 00:28:57,098 [INFO] ThirdParty:1030 - CMSIS Pack Vendor :STMicroelectronics PDM2PCM 3.3.0
2026-09-17 00:28:57,098 [INFO] ThirdParty:1030 - CMSIS Pack Vendor :STMicroelectronics X-CUBE-AZRTOS-H7 3.4.0
2026-09-17 00:28:57,098 [INFO] ThirdParty:1030 - CMSIS Pack Vendor :STMicroelectronics X-CUBE-DISPLAY 3.0.0
2026-09-17 00:28:57,098 [INFO] ThirdParty:1030 - CMSIS Pack Vendor :STMicroelectronics X-CUBE-GNSS1 7.1.1
2026-09-17 00:28:57,098 [INFO] ThirdParty:1030 - CMSIS Pack Vendor :STMicroelectronics FP-SNS-MOTENVWB1 1.5.0
2026-09-17 00:28:57,098 [INFO] ThirdParty:1030 - CMSIS Pack Vendor :STMicroelectronics X-CUBE-NFC10 1.0.0
2026-09-17 00:28:57,098 [INFO] ThirdParty:1030 - CMSIS Pack Vendor :STMicroelectronics X-CUBE-FREERTOS 1.3.1
2026-09-17 00:28:57,098 [INFO] ThirdParty:1030 - CMSIS Pack Vendor :STMicroelectronics HAL Drivers 0.0.0
2026-09-17 00:28:57,098 [INFO] ThirdParty:1030 - CMSIS Pack Vendor :STMicroelectronics X-CUBE-ST60 1.1.0
2026-09-17 00:28:57,098 [INFO] ThirdParty:1030 - CMSIS Pack Vendor :emotas I-CUBE-CANOPEN 1.3.0
2026-09-17 00:28:57,098 [INFO] ThirdParty:1030 - CMSIS Pack Vendor :STMicroelectronics MBEDTLS 2.14.1
2026-09-17 00:28:57,098 [INFO] ThirdParty:1030 - CMSIS Pack Vendor :STMicroelectronics X-CUBE-TOUCHGFX 4.26.1
2026-09-17 00:28:57,098 [INFO] ThirdParty:1030 - CMSIS Pack Vendor :STMicroelectronics FP-SNS-STBOX1 2.1.0
2026-09-17 00:28:57,098 [INFO] ThirdParty:1030 - CMSIS Pack Vendor :STMicroelectronics FP-SNS-STAIOTCFT 1.0.0
2026-09-17 00:28:57,098 [INFO] ThirdParty:1030 - CMSIS Pack Vendor :STMicroelectronics FP-SNS-SMARTAG2 1.2.0
2026-09-17 00:28:57,098 [INFO] ThirdParty:1030 - CMSIS Pack Vendor :STMicroelectronics FP-SNS-FLIGHT1 5.1.0
2026-09-17 00:28:57,098 [INFO] ThirdParty:1030 - CMSIS Pack Vendor :STMicroelectronics X-CUBE-AZRTOS-WL 2.0.0
2026-09-17 00:28:57,098 [INFO] ThirdParty:1030 - CMSIS Pack Vendor :STMicroelectronics X-CUBE-DPower 1.3.0
2026-09-17 00:28:57,098 [INFO] ThirdParty:1030 - CMSIS Pack Vendor :STMicroelectronics FP-SNS-MOTENV1 5.0.0
2026-09-17 00:28:57,098 [INFO] ThirdParty:1030 - CMSIS Pack Vendor :STMicroelectronics USB_DEVICE 1.0.0
2026-09-17 00:28:57,098 [INFO] ThirdParty:1030 - CMSIS Pack Vendor :STMicroelectronics X-CUBE-AZRTOS-H7RS 1.2.0
2026-09-17 00:28:57,098 [INFO] ThirdParty:1030 - CMSIS Pack Vendor :STMicroelectronics X-CUBE-AZRTOS-L4 2.0.0
2026-09-17 00:28:57,098 [INFO] ThirdParty:1030 - CMSIS Pack Vendor :STMicroelectronics ThreadX 0.0.2
2026-09-17 00:28:57,098 [INFO] ThirdParty:1030 - CMSIS Pack Vendor :WES I-CUBE-Cesium 1.3.0
2026-09-17 00:28:57,098 [INFO] ThirdParty:1030 - CMSIS Pack Vendor :STMicroelectronics lwIP 2.1.2
2026-09-17 00:28:57,098 [INFO] ThirdParty:1030 - CMSIS Pack Vendor :STMicroelectronics X-CUBE-SFXS2LP1 4.0.0
2026-09-17 00:28:57,098 [INFO] ThirdParty:1030 - CMSIS Pack Vendor :STMicroelectronics X-CUBE-BLE2 3.3.0
2026-09-17 00:28:57,099 [INFO] ThirdParty:1030 - CMSIS Pack Vendor :Avnet-IOTCONNECT X-CUBE-iotc-st67-sdk 1.0.0
2026-09-17 00:28:57,099 [INFO] ThirdParty:1030 - CMSIS Pack Vendor :STMicroelectronics PDM2PCM 3.2.0
2026-09-17 00:28:57,099 [INFO] ThirdParty:1030 - CMSIS Pack Vendor :STMicroelectronics X-CUBE-WB05N 2.1.0
2026-09-17 00:28:57,100 [INFO] ThirdParty:1030 - CMSIS Pack Vendor :STMicroelectronics X-CUBE-NFC9 1.0.0
2026-09-17 00:28:57,100 [INFO] ThirdParty:1030 - CMSIS Pack Vendor :wolfSSL I-CUBE-wolfSSL 5.8.2
2026-09-17 00:28:57,102 [INFO] ThirdParty:1030 - CMSIS Pack Vendor :STMicroelectronics X-CUBE-BLE1 7.1.0
2026-09-17 00:28:57,103 [INFO] ThirdParty:1030 - CMSIS Pack Vendor :wolfSSL I-CUBE-wolfMQTT 1.19.2
2026-09-17 00:28:57,104 [INFO] ThirdParty:1030 - CMSIS Pack Vendor :STMicroelectronics USB_DEVICE 3.0.0
2026-09-17 00:28:57,106 [INFO] ThirdParty:1030 - CMSIS Pack Vendor :STMicroelectronics X-CUBE-EEPRMA1 5.2.0
2026-09-17 00:28:57,106 [INFO] ThirdParty:1030 - CMSIS Pack Vendor :STMicroelectronics X-CUBE-BLEMGR 4.1.0
2026-09-17 00:28:57,106 [INFO] ThirdParty:1030 - CMSIS Pack Vendor :STMicroelectronics X-CUBE-AZRTOS-WB 2.0.0
2026-09-17 00:28:57,106 [INFO] ThirdParty:1030 - CMSIS Pack Vendor :STMicroelectronics X-CUBE-GNSS1 7.0.1
2026-09-17 00:28:57,106 [INFO] ThirdParty:1030 - CMSIS Pack Vendor :STMicroelectronics X-CUBE-TOUCHGFX 4.25.0
2026-09-17 00:28:57,106 [INFO] ThirdParty:1030 - CMSIS Pack Vendor :STMicroelectronics FP-SNS-STAIOTCFT 1.1.0
2026-09-17 00:28:57,106 [INFO] ThirdParty:1030 - CMSIS Pack Vendor :quantropi X-CUBE-qispace-sdk-base 2.1.0
2026-09-17 00:28:57,106 [INFO] ThirdParty:1030 - CMSIS Pack Vendor :STMicroelectronics X-CUBE-STSE01 2.0.0
2026-09-17 00:28:57,106 [INFO] ThirdParty:1030 - CMSIS Pack Vendor :STMicroelectronics X-CUBE-AZRTOS-G0 1.1.0
2026-09-17 00:28:57,106 [INFO] ThirdParty:1030 - CMSIS Pack Vendor :STMicroelectronics X-CUBE-SAFEA1 1.2.2
2026-09-17 00:28:57,106 [INFO] ThirdParty:1030 - CMSIS Pack Vendor :STMicroelectronics X-CUBE-NFC4 3.0.0
2026-09-17 00:28:57,106 [INFO] ThirdParty:1030 - CMSIS Pack Vendor :STMicroelectronics X-CUBE-SUBG2 5.0.0
2026-09-17 00:28:57,106 [INFO] ThirdParty:1030 - CMSIS Pack Vendor :STMicroelectronics X-CUBE-AZRTOS-H7RS 1.1.0
2026-09-17 00:28:57,106 [INFO] ThirdParty:1030 - CMSIS Pack Vendor :STMicroelectronics STM32_WPAN 1.0.0
2026-09-17 00:28:57,106 [INFO] ThirdParty:1030 - CMSIS Pack Vendor :EmbeddedOffice I-CUBE-FS-RTOS 1.0.1
2026-09-17 00:28:57,106 [INFO] ThirdParty:1030 - CMSIS Pack Vendor :STMicroelectronics lwIP 2.0.3
2026-09-17 00:28:57,106 [INFO] ThirdParty:1030 - CMSIS Pack Vendor :Cesanta I-CUBE-Mongoose 7.13.0
2026-09-17 00:28:57,106 [INFO] ThirdParty:1030 - CMSIS Pack Vendor :STMicroelectronics USB_HOST 1.0.0
2026-09-17 00:28:57,106 [INFO] ThirdParty:1030 - CMSIS Pack Vendor :STMicroelectronics X-CUBE-AZRTOS-G4 2.0.0
2026-09-17 00:28:57,106 [INFO] ThirdParty:1030 - CMSIS Pack Vendor :STMicroelectronics X-CUBE-WB05N 2.0.0
2026-09-17 00:28:57,106 [INFO] ThirdParty:1030 - CMSIS Pack Vendor :STMicroelectronics PDM2PCM 3.1.0
2026-09-17 00:28:57,107 [INFO] ThirdParty:1030 - CMSIS Pack Vendor :wolfSSL I-CUBE-wolfTPM 3.8.0
2026-09-17 00:28:57,107 [INFO] ThirdParty:1030 - CMSIS Pack Vendor :wolfSSL I-CUBE-wolfSSH 1.4.20
2026-09-17 00:28:57,107 [INFO] ThirdParty:1030 - CMSIS Pack Vendor :STMicroelectronics X-CUBE-NFC7 2.0.0
2026-09-17 00:28:57,107 [INFO] ThirdParty:1030 - CMSIS Pack Vendor :STMicroelectronics X-CUBE-TCPP 4.2.0
2026-09-17 00:28:57,107 [INFO] ThirdParty:1030 - CMSIS Pack Vendor :RealThread X-CUBE-RT-Thread_Nano 4.1.1
2026-09-17 00:28:57,107 [INFO] ThirdParty:1030 - CMSIS Pack Vendor :STMicroelectronics FP-ATR-SIGFOX1 3.2.0
2026-09-17 00:28:57,107 [INFO] ThirdParty:1030 - CMSIS Pack Vendor :STMicroelectronics X-CUBE-FREERTOS 1.5.0
2026-09-17 00:28:57,107 [INFO] ThirdParty:1030 - CMSIS Pack Vendor :STMicroelectronics MBEDTLS 2.16.2
2026-09-17 00:28:57,107 [INFO] ThirdParty:1030 - CMSIS Pack Vendor :STMicroelectronics X-CUBE-IPS 3.1.0
2026-09-17 00:28:57,107 [INFO] ThirdParty:1030 - CMSIS Pack Vendor :STMicroelectronics X-CUBE-ALS 1.0.2
2026-09-17 00:28:57,107 [INFO] ThirdParty:1030 - CMSIS Pack Vendor :ITTIA_DB I-CUBE-ITTIADB 8.9.0
2026-09-17 00:28:57,107 [INFO] ThirdParty:1030 - CMSIS Pack Vendor :portGmbH I-Cube-SoM-uGOAL 1.1.0
2026-09-17 00:28:57,107 [INFO] ThirdParty:1030 - CMSIS Pack Vendor :STMicroelectronics X-CUBE-NFC6 3.2.0
2026-09-17 00:28:57,107 [INFO] ThirdParty:1030 - CMSIS Pack Vendor :STMicroelectronics X-CUBE-ST67W61 1.0.0
2026-09-17 00:28:57,107 [INFO] ThirdParty:1030 - CMSIS Pack Vendor :STMicroelectronics X-CUBE-AI 10.2.1
2026-09-17 00:28:57,107 [INFO] ThirdParty:1030 - CMSIS Pack Vendor :STMicroelectronics X-CUBE-AI 10.2.0
2026-09-17 00:28:57,107 [INFO] ThirdParty:1030 - CMSIS Pack Vendor :STMicroelectronics ThreadX 1.0.0
2026-09-17 00:28:57,107 [INFO] ThirdParty:1030 - CMSIS Pack Vendor :STMicroelectronics X-CUBE-MEMS1 12.1.0
2026-09-17 00:28:57,107 [INFO] ThirdParty:1030 - CMSIS Pack Vendor :SEGGER I-CUBE-embOS 1.3.1
2026-09-17 00:28:57,107 [INFO] ThirdParty:1030 - CMSIS Pack Vendor :STMicroelectronics X-CUBE-ALGOBUILD 1.4.0
2026-09-17 00:28:57,107 [INFO] ThirdParty:1030 - CMSIS Pack Vendor :STMicroelectronics X-CUBE-MEMS1 11.3.0
2026-09-17 00:28:57,107 [INFO] ThirdParty:1030 - CMSIS Pack Vendor :STMicroelectronics X-CUBE-TOF1 3.4.3
2026-09-17 00:28:57,107 [INFO] ThirdParty:1030 - CMSIS Pack Vendor :STMicroelectronics X-CUBE-NFC13 1.0.0
2026-09-17 00:28:57,108 [INFO] ThirdParty:841 - exiting critical section [change project]
2026-09-17 00:28:57,621 [INFO] PinOutPanel:1589 - setPackage(No Configuration,No Configuration)
2026-09-17 00:28:57,640 [INFO] PinOutPanel:1589 - setPackage(STM32F103C8Tx,LQFP48)
2026-09-17 00:28:58,722 [INFO] UtilMem:75 - Before build in PCC Used Memory: 706508056 Bytes (1073741824)
2026-09-17 00:28:59,516 [INFO] UtilMem:75 - After build in PCC Used Memory: 750035048 Bytes (1073741824)
2026-09-17 00:28:59,560 [INFO] IPUIPlugin:80 - create IPUIPlugin
2026-09-17 00:28:59,561 [INFO] IPUIPlugin:80 - create IPUIPlugin
2026-09-17 00:28:59,561 [INFO] IPUIPlugin:80 - create IPUIPlugin
2026-09-17 00:28:59,563 [INFO] IPUIPlugin:80 - create IPUIPlugin
2026-09-17 00:28:59,565 [INFO] IPUIPlugin:80 - create IPUIPlugin
2026-09-17 00:28:59,565 [INFO] IPUIPlugin:80 - create IPUIPlugin
2026-09-17 00:28:59,566 [INFO] IPUIPlugin:80 - create IPUIPlugin
2026-09-17 00:28:59,566 [INFO] IPUIPlugin:80 - create IPUIPlugin
2026-09-17 00:28:59,566 [INFO] IPUIPlugin:80 - create IPUIPlugin
2026-09-17 00:28:59,566 [INFO] IPUIPlugin:80 - create IPUIPlugin
2026-09-17 00:28:59,566 [INFO] IPUIPlugin:80 - create IPUIPlugin
2026-09-17 00:28:59,566 [INFO] IPUIPlugin:80 - create IPUIPlugin
2026-09-17 00:28:59,566 [INFO] IPUIPlugin:80 - create IPUIPlugin
2026-09-17 00:28:59,566 [INFO] IPUIPlugin:80 - create IPUIPlugin
2026-09-17 00:28:59,567 [INFO] IPUIPlugin:80 - create IPUIPlugin
2026-09-17 00:28:59,567 [INFO] IPUIPlugin:80 - create IPUIPlugin
2026-09-17 00:28:59,567 [INFO] IPUIPlugin:80 - create IPUIPlugin
2026-09-17 00:28:59,567 [INFO] IPUIPlugin:80 - create IPUIPlugin
2026-09-17 00:28:59,567 [INFO] IPUIPlugin:80 - create IPUIPlugin
2026-09-17 00:28:59,567 [INFO] IPUIPlugin:80 - create IPUIPlugin
2026-09-17 00:28:59,567 [INFO] IPUIPlugin:80 - create IPUIPlugin
2026-09-17 00:28:59,567 [INFO] IPUIPlugin:80 - create IPUIPlugin
2026-09-17 00:28:59,567 [INFO] IPUIPlugin:80 - create IPUIPlugin
2026-09-17 00:28:59,567 [INFO] IPUIPlugin:80 - create IPUIPlugin
2026-09-17 00:28:59,567 [INFO] IPUIPlugin:80 - create IPUIPlugin
2026-09-17 00:28:59,568 [INFO] IPUIPlugin:80 - create IPUIPlugin
2026-09-17 00:28:59,568 [INFO] IPUIPlugin:80 - create IPUIPlugin
2026-09-17 00:28:59,594 [INFO] Can:71 - Can Add PropertyChangeListener com.st.microxplorer.plugins.ip.can.Can@11a10042
2026-09-17 00:28:59,744 [INFO] CADModel:165 - CPN selected for project levelSTM32F103C8T6
2026-09-17 00:28:59,744 [INFO] CADModel:114 - Register for checkConnection events
2026-09-17 00:28:59,796 [INFO] OpenFileManager:386 - Restore cursor
2026-09-17 00:40:17,125 [INFO] MainUpdater:2872 - connection check result : 10
2026-09-17 00:40:17,133 [INFO] MainUpdater:2872 - connection check result : 10
2026-09-17 00:40:17,809 [INFO] MicroXplorer:468 - Change Database Path : 
2026-09-17 00:40:17,811 [INFO] MicroXplorer:498 - Change Database Version : DB.6.0.150
2026-09-17 00:40:17,961 [ERROR] ProjectManagerView:395 - 
java.lang.NullPointerException: Cannot invoke "javax.swing.JTextField.getText()" because the return value of "java.util.List.get(int)" is null
	at com.st.microxplorer.plugins.projectmanager.gui.ProjectChoiceTab$9.caretUpdate(ProjectChoiceTab.java:2706) ~[filemanager.jar:?]
	at javax.swing.text.JTextComponent.fireCaretUpdate(JTextComponent.java:408) ~[?:?]
	at javax.swing.text.JTextComponent$MutableCaretEvent.fire(JTextComponent.java:4484) ~[?:?]
	at javax.swing.text.JTextComponent$MutableCaretEvent.stateChanged(JTextComponent.java:4506) ~[?:?]
	at javax.swing.text.DefaultCaret.fireStateChanged(DefaultCaret.java:857) ~[?:?]
	at javax.swing.text.DefaultCaret.changeCaretPosition(DefaultCaret.java:1343) ~[?:?]
	at javax.swing.text.DefaultCaret.handleSetDot(DefaultCaret.java:1242) ~[?:?]
	at javax.swing.text.DefaultCaret.setDot(DefaultCaret.java:1223) ~[?:?]
	at javax.swing.text.DefaultCaret$Handler.insertUpdate(DefaultCaret.java:1819) ~[?:?]
	at javax.swing.text.AbstractDocument.fireInsertUpdate(AbstractDocument.java:227) ~[?:?]
	at javax.swing.text.AbstractDocument.handleInsertString(AbstractDocument.java:781) ~[?:?]
	at javax.swing.text.AbstractDocument.insertString(AbstractDocument.java:740) ~[?:?]
	at javax.swing.text.PlainDocument.insertString(PlainDocument.java:131) ~[?:?]
	at javax.swing.text.AbstractDocument.replace(AbstractDocument.java:699) ~[?:?]
	at javax.swing.text.JTextComponent.setText(JTextComponent.java:1725) ~[?:?]
	at com.st.microxplorer.plugins.projectmanager.gui.ProjectChoiceTab.createHeapStackFields(ProjectChoiceTab.java:993) ~[filemanager.jar:?]
	at com.st.microxplorer.plugins.projectmanager.gui.ProjectChoiceTab.buildLinkSettingsPanel(ProjectChoiceTab.java:3813) ~[filemanager.jar:?]
	at com.st.microxplorer.plugins.projectmanager.gui.ProjectChoiceTab.defineWindowsFields(ProjectChoiceTab.java:1987) ~[filemanager.jar:?]
	at com.st.microxplorer.plugins.projectmanager.gui.ProjectChoiceTab.updateSettings(ProjectChoiceTab.java:558) ~[filemanager.jar:?]
	at com.st.microxplorer.plugins.projectmanager.gui.ProjectSettingsPanel.UpdateDialog(ProjectSettingsPanel.java:247) ~[filemanager.jar:?]
	at com.st.microxplorer.plugins.projectmanager.ProjectManagerView.propertyChange(ProjectManagerView.java:392) ~[filemanager.jar:?]
	at java.beans.PropertyChangeSupport.fire(PropertyChangeSupport.java:343) ~[?:?]
	at java.beans.PropertyChangeSupport.firePropertyChange(PropertyChangeSupport.java:335) ~[?:?]
	at java.beans.PropertyChangeSupport.firePropertyChange(PropertyChangeSupport.java:268) ~[?:?]
	at com.st.microxplorer.util.MXPropertyChangeSupport.firePropertyChange(MXPropertyChangeSupport.java:54) ~[STM32CubeMX.jar:?]
	at com.st.microxplorer.mxsystem.MxSystem.closeConfig(MxSystem.java:899) ~[STM32CubeMX.jar:?]
	at com.st.microxplorer.maingui.MainPanel.closeConfig(MainPanel.java:792) ~[STM32CubeMX.jar:?]
	at com.st.microxplorer.plugins.filemanager.engine.OpenFileManager.loadConfigurationFile(OpenFileManager.java:288) ~[filemanager.jar:?]
	at com.st.microxplorer.plugins.filemanager.engine.MainFileManager.userLoadConfig(MainFileManager.java:364) ~[filemanager.jar:?]
	at com.st.microxplorer.plugins.filemanager.engine.MainFileManager.userLoadConfig(MainFileManager.java:342) ~[filemanager.jar:?]
	at com.st.microxplorer.plugins.filemanager.FileManagerView.getSpecificTask(FileManagerView.java:264) ~[filemanager.jar:?]
	at com.st.stm32cube.common.mx.editor.CubeMxEditor.getMxTabbedPaneInstance(CubeMxEditor.java:1198) ~[com.st.stm32cube.common.mx_6.15.0.202507011659/:?]
	at com.st.stm32cube.common.mx.editor.CubeMxEditor$12$1.createSwingComponent(CubeMxEditor.java:1068) ~[com.st.stm32cube.common.mx_6.15.0.202507011659/:?]
	at com.st.stm32cube.common.mx.oss.core.awtswtbridge.EmbeddedSwingComposite.doComponentCreation(EmbeddedSwingComposite.java:492) ~[com.st.stm32cube.common.mx.oss_6.15.0.202507011659/:?]
	at com.st.stm32cube.common.mx.oss.core.awtswtbridge.EmbeddedSwingComposite$4.run(EmbeddedSwingComposite.java:291) ~[com.st.stm32cube.common.mx.oss_6.15.0.202507011659/:?]
	at com.st.stm32cube.common.mx.oss.core.awtswtbridge.AwtEnvironment$2.run(AwtEnvironment.java:166) ~[com.st.stm32cube.common.mx.oss_6.15.0.202507011659/:?]
	at java.awt.event.InvocationEvent.dispatch(InvocationEvent.java:318) ~[?:?]
	at java.awt.EventQueue.dispatchEventImpl(EventQueue.java:773) ~[?:?]
	at java.awt.EventQueue$4.run(EventQueue.java:720) ~[?:?]
	at java.awt.EventQueue$4.run(EventQueue.java:714) ~[?:?]
	at java.security.AccessController.doPrivileged(AccessController.java:400) ~[?:?]
	at java.security.ProtectionDomain$JavaSecurityAccessImpl.doIntersectionPrivilege(ProtectionDomain.java:87) ~[?:?]
	at java.awt.EventQueue.dispatchEvent(EventQueue.java:742) ~[?:?]
	at java.awt.EventDispatchThread.pumpOneEventForFilters(EventDispatchThread.java:203) ~[?:?]
	at java.awt.EventDispatchThread.pumpEventsForFilter(EventDispatchThread.java:124) ~[?:?]
	at java.awt.EventDispatchThread.pumpEventsForHierarchy(EventDispatchThread.java:113) ~[?:?]
	at java.awt.EventDispatchThread.pumpEvents(EventDispatchThread.java:109) ~[?:?]
	at java.awt.EventDispatchThread.pumpEvents(EventDispatchThread.java:101) ~[?:?]
	at java.awt.EventDispatchThread.run(EventDispatchThread.java:90) ~[?:?]
2026-09-17 00:40:17,967 [WARN] ThirdParty:871 - waiting for thirdparty lock release [close project]
2026-09-17 00:40:17,967 [INFO] ThirdParty:873 - entering critical section [close project]
2026-09-17 00:40:17,968 [INFO] ThirdParty:883 - exiting critical section [close project]
2026-09-17 00:40:17,972 [INFO] PinOutPanel:1589 - setPackage(No Configuration,No Configuration)
2026-09-17 00:40:17,979 [INFO] UtilMem:75 - Begin LoadConfig() Used Memory: 954092968 Bytes (1073741824)
2026-09-17 00:40:17,982 [INFO] MicroXplorer:468 - Change Database Path : 
2026-09-17 00:40:17,983 [INFO] MicroXplorer:498 - Change Database Version : DB.6.0.150
2026-09-17 00:40:17,983 [INFO] OpenFileManager:355 - Change cursor
2026-09-17 00:40:18,020 [INFO] Mcu:2029 - Initializing MCU STM32F103C(8-B)Tx STM32F103C8Tx STM32F103C8T6
2026-09-17 00:40:18,601 [INFO] Context:786 - Trying to add GPIOservice into a context  which must be forbidden
2026-09-17 00:40:18,880 [INFO] ImportTextPane:234 - (OptionalMessage_ERROR) Pin6 (VP_RIF_VS_RIF1) cannot be retrieved for this MCU
2026-09-17 00:40:18,941 [INFO] RtosManager:558 - Registered RTOS mode: class=CMSIS, group=RTOS, mode=CMSIS_V1, owner=FREERTOS
2026-09-17 00:40:18,941 [INFO] RtosManager:558 - Registered RTOS mode: class=CMSIS, group=RTOS2, mode=CMSIS_V2, owner=FREERTOS
2026-09-17 00:40:18,942 [INFO] RtosManager:558 - Registered RTOS mode: class=RTOS, group=Core, mode=CMSIS_V1, owner=FREERTOS
2026-09-17 00:40:18,942 [INFO] RtosManager:558 - Registered RTOS mode: class=RTOS, group=Core, mode=CMSIS_V2, owner=FREERTOS
2026-09-17 00:40:18,942 [WARN] ModelIntegratedComponent:184 - Missing modes for component STMicroelectronics:FreeRTOS:0.0.1:STMicroelectronics:RTOS:FreeRTOS:Core:::10.2.0:
2026-09-17 00:40:18,974 [WARN] ModelIntegratedComponent:63 - No mode defined for component null
2026-09-17 00:40:18,974 [WARN] ModelIntegratedComponent:63 - No mode defined for component null
2026-09-17 00:40:18,974 [WARN] ModelIntegratedComponent:63 - No mode defined for component null
2026-09-17 00:40:18,974 [WARN] ModelIntegratedComponent:63 - No mode defined for component null
2026-09-17 00:40:18,974 [WARN] ModelIntegratedComponent:63 - No mode defined for component null
2026-09-17 00:40:18,974 [WARN] ModelIntegratedComponent:63 - No mode defined for component null
2026-09-17 00:40:18,974 [WARN] ModelIntegratedComponent:63 - No mode defined for component null
2026-09-17 00:40:18,974 [WARN] ModelIntegratedComponent:63 - No mode defined for component null
2026-09-17 00:40:18,974 [WARN] ModelIntegratedComponent:63 - No mode defined for component null
2026-09-17 00:40:18,974 [WARN] ModelIntegratedComponent:63 - No mode defined for component null
2026-09-17 00:40:18,974 [WARN] ModelIntegratedComponent:63 - No mode defined for component null
2026-09-17 00:40:18,974 [WARN] ModelIntegratedComponent:63 - No mode defined for component null
2026-09-17 00:40:18,974 [WARN] ModelIntegratedComponent:63 - No mode defined for component null
2026-09-17 00:40:18,974 [WARN] ModelIntegratedComponent:63 - No mode defined for component null
2026-09-17 00:40:18,974 [WARN] ModelIntegratedComponent:63 - No mode defined for component null
2026-09-17 00:40:18,974 [WARN] ModelIntegratedComponent:63 - No mode defined for component null
2026-09-17 00:40:18,974 [WARN] ModelIntegratedComponent:63 - No mode defined for component null
2026-09-17 00:40:18,975 [WARN] ModelIntegratedComponent:63 - No mode defined for component null
2026-09-17 00:40:18,975 [WARN] ModelIntegratedComponent:63 - No mode defined for component null
2026-09-17 00:40:18,975 [WARN] ModelIntegratedComponent:63 - No mode defined for component null
2026-09-17 00:40:18,975 [WARN] ModelIntegratedComponent:63 - No mode defined for component null
2026-09-17 00:40:18,975 [WARN] ModelIntegratedComponent:63 - No mode defined for component null
2026-09-17 00:40:18,975 [WARN] ModelIntegratedComponent:63 - No mode defined for component null
2026-09-17 00:40:18,975 [WARN] ModelIntegratedComponent:63 - No mode defined for component null
2026-09-17 00:40:18,975 [WARN] ModelIntegratedComponent:63 - No mode defined for component null
2026-09-17 00:40:18,975 [WARN] ModelIntegratedComponent:63 - No mode defined for component null
2026-09-17 00:40:18,975 [WARN] ModelIntegratedComponent:63 - No mode defined for component null
2026-09-17 00:40:18,975 [WARN] ModelIntegratedComponent:63 - No mode defined for component null
2026-09-17 00:40:18,975 [WARN] ModelIntegratedComponent:63 - No mode defined for component null
2026-09-17 00:40:18,975 [WARN] ModelIntegratedComponent:63 - No mode defined for component null
2026-09-17 00:40:18,975 [WARN] ModelIntegratedComponent:63 - No mode defined for component null
2026-09-17 00:40:18,975 [WARN] ModelIntegratedComponent:63 - No mode defined for component null
2026-09-17 00:40:18,975 [WARN] ModelIntegratedComponent:63 - No mode defined for component null
2026-09-17 00:40:18,975 [WARN] ModelIntegratedComponent:63 - No mode defined for component null
2026-09-17 00:40:18,975 [WARN] ModelIntegratedComponent:63 - No mode defined for component null
2026-09-17 00:40:18,975 [WARN] ModelPack:524 - Component already loaded: STMicroelectronics:HAL Drivers:0.0.0:STMicroelectronics:Device:STMicro_Driver:XSPI:HAL::0.0.1:HAL_XSPI
2026-09-17 00:40:19,073 [INFO] ThirdPartyModel:298 - Start build external matchings
2026-09-17 00:40:19,605 [INFO] ThirdPartyModel:316 - End build external matchings
2026-09-17 00:40:19,769 [INFO] UtilMem:75 - End LoadConfig() Used Memory: 844085520 Bytes (1073741824)
2026-09-17 00:40:19,838 [WARN] ThirdParty:833 - waiting for thirdparty lock release [change project]
2026-09-17 00:40:19,840 [INFO] ThirdParty:835 - entering critical section [change project]
2026-09-17 00:40:19,840 [INFO] ThirdParty:1030 - CMSIS Pack Vendor :STMicroelectronics X-CUBE-AZRTOS-H7 3.5.0
2026-09-17 00:40:19,841 [INFO] ThirdParty:1030 - CMSIS Pack Vendor :STMicroelectronics X-CUBE-PM33A1 1.0.0
2026-09-17 00:40:19,841 [INFO] ThirdParty:1030 - CMSIS Pack Vendor :STMicroelectronics USBPD 4.1
2026-09-17 00:40:19,841 [INFO] ThirdParty:1030 - CMSIS Pack Vendor :STMicroelectronics USB_HOST 2.0.0
2026-09-17 00:40:19,841 [INFO] ThirdParty:1030 - CMSIS Pack Vendor :STMicroelectronics FP-SNS-MOTENVWB1 1.4.0
2026-09-17 00:40:19,841 [INFO] ThirdParty:1030 - CMSIS Pack Vendor :STMicroelectronics FP-ATR-ASTRA1 2.0.3
2026-09-17 00:40:19,841 [INFO] ThirdParty:1030 - CMSIS Pack Vendor :STMicroelectronics X-CUBE-AZRTOS-F4 1.1.0
2026-09-17 00:40:19,841 [INFO] ThirdParty:1030 - CMSIS Pack Vendor :STMicroelectronics LIBJPEG 8.0.0
2026-09-17 00:40:19,841 [INFO] ThirdParty:1030 - CMSIS Pack Vendor :STMicroelectronics FP-ATR-ASTRA1 2.0.2
2026-09-17 00:40:19,841 [INFO] ThirdParty:1030 - CMSIS Pack Vendor :Avnet-IotConnect X-CUBE-IoTC-DA16k-PMOD 1.0.0
2026-09-17 00:40:19,841 [INFO] ThirdParty:1030 - CMSIS Pack Vendor :STMicroelectronics X-CUBE-SMBUS 2.1.0
2026-09-17 00:40:19,841 [INFO] ThirdParty:1030 - CMSIS Pack Vendor :STMicroelectronics X-CUBE-ISPU 2.1.0
2026-09-17 00:40:19,841 [INFO] ThirdParty:1030 - CMSIS Pack Vendor :STMicroelectronics X-CUBE-IPS 3.2.0
2026-09-17 00:40:19,841 [INFO] ThirdParty:1030 - CMSIS Pack Vendor :STMicroelectronics eDS-WB_DPC_TT-BIDIR 2.1.1
2026-09-17 00:40:19,841 [INFO] ThirdParty:1030 - CMSIS Pack Vendor :STMicroelectronics X-CUBE-ST60 1.0.0
2026-09-17 00:40:19,841 [INFO] ThirdParty:1030 - CMSIS Pack Vendor :STMicroelectronics X-CUBE-NFC12 1.0.0
2026-09-17 00:40:19,841 [INFO] ThirdParty:1030 - CMSIS Pack Vendor :STMicroelectronics X-CUBE-AZRTOS-F7 1.1.0
2026-09-17 00:40:19,841 [INFO] ThirdParty:1030 - CMSIS Pack Vendor :STMicroelectronics X-CUBE-AZRTOS-L5 2.0.0
2026-09-17 00:40:19,841 [INFO] ThirdParty:1030 - CMSIS Pack Vendor :STMicroelectronics USB_DEVICE 2.0.0
2026-09-17 00:40:19,841 [INFO] ThirdParty:1030 - CMSIS Pack Vendor :STMicroelectronics X-CUBE-FREERTOS 1.6.0
2026-09-17 00:40:19,841 [INFO] ThirdParty:1030 - CMSIS Pack Vendor :STMicroelectronics X-CUBE-NFC6 3.1.0
2026-09-17 00:40:19,841 [INFO] ThirdParty:1030 - CMSIS Pack Vendor :STMicroelectronics X-CUBE-ALGOBUILD 1.5.0
2026-09-17 00:40:19,841 [INFO] ThirdParty:1030 - CMSIS Pack Vendor :STMicroelectronics FP-SNS-MOTENV1 5.1.0
2026-09-17 00:40:19,841 [INFO] ThirdParty:1030 - CMSIS Pack Vendor :STMicroelectronics FreeRTOS 0.0.1
2026-09-17 00:40:19,841 [INFO] ThirdParty:1030 - CMSIS Pack Vendor :STMicroelectronics X-CUBE-AZRTOS-H7RS 1.3.0
2026-09-17 00:40:19,841 [INFO] ThirdParty:1030 - CMSIS Pack Vendor :STMicroelectronics eDS-WB_DPC_VIENNA 1.2.0
2026-09-17 00:40:19,841 [INFO] ThirdParty:1030 - CMSIS Pack Vendor :WES I-CUBE-Cesium 1.4.0
2026-09-17 00:40:19,841 [INFO] ThirdParty:1030 - CMSIS Pack Vendor :STMicroelectronics X-CUBE-MEMS1 13.0.0
2026-09-17 00:40:19,841 [INFO] ThirdParty:1030 - CMSIS Pack Vendor :STMicroelectronics eDS-WB_DPC_3PH2L-BIDIR 1.1.1
2026-09-17 00:40:19,841 [INFO] ThirdParty:1030 - CMSIS Pack Vendor :Infineon AIROC-Wi-Fi-Bluetooth-STM32 1.7.1
2026-09-17 00:40:19,841 [INFO] ThirdParty:1030 - CMSIS Pack Vendor :STMicroelectronics PDM2PCM 3.3.0
2026-09-17 00:40:19,841 [INFO] ThirdParty:1030 - CMSIS Pack Vendor :STMicroelectronics X-CUBE-AZRTOS-H7 3.4.0
2026-09-17 00:40:19,841 [INFO] ThirdParty:1030 - CMSIS Pack Vendor :STMicroelectronics X-CUBE-DISPLAY 3.0.0
2026-09-17 00:40:19,842 [INFO] ThirdParty:1030 - CMSIS Pack Vendor :STMicroelectronics X-CUBE-GNSS1 7.1.1
2026-09-17 00:40:19,842 [INFO] ThirdParty:1030 - CMSIS Pack Vendor :STMicroelectronics FP-SNS-MOTENVWB1 1.5.0
2026-09-17 00:40:19,842 [INFO] ThirdParty:1030 - CMSIS Pack Vendor :STMicroelectronics X-CUBE-NFC10 1.0.0
2026-09-17 00:40:19,842 [INFO] ThirdParty:1030 - CMSIS Pack Vendor :STMicroelectronics X-CUBE-FREERTOS 1.3.1
2026-09-17 00:40:19,842 [INFO] ThirdParty:1030 - CMSIS Pack Vendor :STMicroelectronics HAL Drivers 0.0.0
2026-09-17 00:40:19,842 [INFO] ThirdParty:1030 - CMSIS Pack Vendor :STMicroelectronics X-CUBE-ST60 1.1.0
2026-09-17 00:40:19,842 [INFO] ThirdParty:1030 - CMSIS Pack Vendor :emotas I-CUBE-CANOPEN 1.3.0
2026-09-17 00:40:19,842 [INFO] ThirdParty:1030 - CMSIS Pack Vendor :STMicroelectronics MBEDTLS 2.14.1
2026-09-17 00:40:19,842 [INFO] ThirdParty:1030 - CMSIS Pack Vendor :STMicroelectronics X-CUBE-TOUCHGFX 4.26.1
2026-09-17 00:40:19,842 [INFO] ThirdParty:1030 - CMSIS Pack Vendor :STMicroelectronics FP-SNS-STBOX1 2.1.0
2026-09-17 00:40:19,842 [INFO] ThirdParty:1030 - CMSIS Pack Vendor :STMicroelectronics FP-SNS-STAIOTCFT 1.0.0
2026-09-17 00:40:19,842 [INFO] ThirdParty:1030 - CMSIS Pack Vendor :STMicroelectronics FP-SNS-SMARTAG2 1.2.0
2026-09-17 00:40:19,842 [INFO] ThirdParty:1030 - CMSIS Pack Vendor :STMicroelectronics FP-SNS-FLIGHT1 5.1.0
2026-09-17 00:40:19,842 [INFO] ThirdParty:1030 - CMSIS Pack Vendor :STMicroelectronics X-CUBE-AZRTOS-WL 2.0.0
2026-09-17 00:40:19,842 [INFO] ThirdParty:1030 - CMSIS Pack Vendor :STMicroelectronics X-CUBE-DPower 1.3.0
2026-09-17 00:40:19,842 [INFO] ThirdParty:1030 - CMSIS Pack Vendor :STMicroelectronics FP-SNS-MOTENV1 5.0.0
2026-09-17 00:40:19,842 [INFO] ThirdParty:1030 - CMSIS Pack Vendor :STMicroelectronics USB_DEVICE 1.0.0
2026-09-17 00:40:19,842 [INFO] ThirdParty:1030 - CMSIS Pack Vendor :STMicroelectronics X-CUBE-AZRTOS-H7RS 1.2.0
2026-09-17 00:40:19,842 [INFO] ThirdParty:1030 - CMSIS Pack Vendor :STMicroelectronics X-CUBE-AZRTOS-L4 2.0.0
2026-09-17 00:40:19,842 [INFO] ThirdParty:1030 - CMSIS Pack Vendor :STMicroelectronics ThreadX 0.0.2
2026-09-17 00:40:19,842 [INFO] ThirdParty:1030 - CMSIS Pack Vendor :WES I-CUBE-Cesium 1.3.0
2026-09-17 00:40:19,842 [INFO] ThirdParty:1030 - CMSIS Pack Vendor :STMicroelectronics lwIP 2.1.2
2026-09-17 00:40:19,842 [INFO] ThirdParty:1030 - CMSIS Pack Vendor :STMicroelectronics X-CUBE-SFXS2LP1 4.0.0
2026-09-17 00:40:19,842 [INFO] ThirdParty:1030 - CMSIS Pack Vendor :STMicroelectronics X-CUBE-BLE2 3.3.0
2026-09-17 00:40:19,842 [INFO] ThirdParty:1030 - CMSIS Pack Vendor :Avnet-IOTCONNECT X-CUBE-iotc-st67-sdk 1.0.0
2026-09-17 00:40:19,842 [INFO] ThirdParty:1030 - CMSIS Pack Vendor :STMicroelectronics PDM2PCM 3.2.0
2026-09-17 00:40:19,842 [INFO] ThirdParty:1030 - CMSIS Pack Vendor :STMicroelectronics X-CUBE-WB05N 2.1.0
2026-09-17 00:40:19,842 [INFO] ThirdParty:1030 - CMSIS Pack Vendor :STMicroelectronics X-CUBE-NFC9 1.0.0
2026-09-17 00:40:19,842 [INFO] ThirdParty:1030 - CMSIS Pack Vendor :wolfSSL I-CUBE-wolfSSL 5.8.2
2026-09-17 00:40:19,842 [INFO] ThirdParty:1030 - CMSIS Pack Vendor :STMicroelectronics X-CUBE-BLE1 7.1.0
2026-09-17 00:40:19,842 [INFO] ThirdParty:1030 - CMSIS Pack Vendor :wolfSSL I-CUBE-wolfMQTT 1.19.2
2026-09-17 00:40:19,842 [INFO] ThirdParty:1030 - CMSIS Pack Vendor :STMicroelectronics USB_DEVICE 3.0.0
2026-09-17 00:40:19,842 [INFO] ThirdParty:1030 - CMSIS Pack Vendor :STMicroelectronics X-CUBE-EEPRMA1 5.2.0
2026-09-17 00:40:19,842 [INFO] ThirdParty:1030 - CMSIS Pack Vendor :STMicroelectronics X-CUBE-BLEMGR 4.1.0
2026-09-17 00:40:19,842 [INFO] ThirdParty:1030 - CMSIS Pack Vendor :STMicroelectronics X-CUBE-AZRTOS-WB 2.0.0
2026-09-17 00:40:19,842 [INFO] ThirdParty:1030 - CMSIS Pack Vendor :STMicroelectronics X-CUBE-GNSS1 7.0.1
2026-09-17 00:40:19,842 [INFO] ThirdParty:1030 - CMSIS Pack Vendor :STMicroelectronics X-CUBE-TOUCHGFX 4.25.0
2026-09-17 00:40:19,842 [INFO] ThirdParty:1030 - CMSIS Pack Vendor :STMicroelectronics FP-SNS-STAIOTCFT 1.1.0
2026-09-17 00:40:19,842 [INFO] ThirdParty:1030 - CMSIS Pack Vendor :quantropi X-CUBE-qispace-sdk-base 2.1.0
2026-09-17 00:40:19,842 [INFO] ThirdParty:1030 - CMSIS Pack Vendor :STMicroelectronics X-CUBE-STSE01 2.0.0
2026-09-17 00:40:19,842 [INFO] ThirdParty:1030 - CMSIS Pack Vendor :STMicroelectronics X-CUBE-AZRTOS-G0 1.1.0
2026-09-17 00:40:19,842 [INFO] ThirdParty:1030 - CMSIS Pack Vendor :STMicroelectronics X-CUBE-SAFEA1 1.2.2
2026-09-17 00:40:19,842 [INFO] ThirdParty:1030 - CMSIS Pack Vendor :STMicroelectronics X-CUBE-NFC4 3.0.0
2026-09-17 00:40:19,842 [INFO] ThirdParty:1030 - CMSIS Pack Vendor :STMicroelectronics X-CUBE-SUBG2 5.0.0
2026-09-17 00:40:19,842 [INFO] ThirdParty:1030 - CMSIS Pack Vendor :STMicroelectronics X-CUBE-AZRTOS-H7RS 1.1.0
2026-09-17 00:40:19,842 [INFO] ThirdParty:1030 - CMSIS Pack Vendor :STMicroelectronics STM32_WPAN 1.0.0
2026-09-17 00:40:19,842 [INFO] ThirdParty:1030 - CMSIS Pack Vendor :EmbeddedOffice I-CUBE-FS-RTOS 1.0.1
2026-09-17 00:40:19,842 [INFO] ThirdParty:1030 - CMSIS Pack Vendor :STMicroelectronics lwIP 2.0.3
2026-09-17 00:40:19,842 [INFO] ThirdParty:1030 - CMSIS Pack Vendor :Cesanta I-CUBE-Mongoose 7.13.0
2026-09-17 00:40:19,842 [INFO] ThirdParty:1030 - CMSIS Pack Vendor :STMicroelectronics USB_HOST 1.0.0
2026-09-17 00:40:19,842 [INFO] ThirdParty:1030 - CMSIS Pack Vendor :STMicroelectronics X-CUBE-AZRTOS-G4 2.0.0
2026-09-17 00:40:19,843 [INFO] ThirdParty:1030 - CMSIS Pack Vendor :STMicroelectronics X-CUBE-WB05N 2.0.0
2026-09-17 00:40:19,843 [INFO] ThirdParty:1030 - CMSIS Pack Vendor :STMicroelectronics PDM2PCM 3.1.0
2026-09-17 00:40:19,843 [INFO] ThirdParty:1030 - CMSIS Pack Vendor :wolfSSL I-CUBE-wolfTPM 3.8.0
2026-09-17 00:40:19,843 [INFO] ThirdParty:1030 - CMSIS Pack Vendor :wolfSSL I-CUBE-wolfSSH 1.4.20
2026-09-17 00:40:19,843 [INFO] ThirdParty:1030 - CMSIS Pack Vendor :STMicroelectronics X-CUBE-NFC7 2.0.0
2026-09-17 00:40:19,843 [INFO] ThirdParty:1030 - CMSIS Pack Vendor :STMicroelectronics X-CUBE-TCPP 4.2.0
2026-09-17 00:40:19,843 [INFO] ThirdParty:1030 - CMSIS Pack Vendor :RealThread X-CUBE-RT-Thread_Nano 4.1.1
2026-09-17 00:40:19,843 [INFO] ThirdParty:1030 - CMSIS Pack Vendor :STMicroelectronics FP-ATR-SIGFOX1 3.2.0
2026-09-17 00:40:19,843 [INFO] ThirdParty:1030 - CMSIS Pack Vendor :STMicroelectronics X-CUBE-FREERTOS 1.5.0
2026-09-17 00:40:19,843 [INFO] ThirdParty:1030 - CMSIS Pack Vendor :STMicroelectronics MBEDTLS 2.16.2
2026-09-17 00:40:19,843 [INFO] ThirdParty:1030 - CMSIS Pack Vendor :STMicroelectronics X-CUBE-IPS 3.1.0
2026-09-17 00:40:19,843 [INFO] ThirdParty:1030 - CMSIS Pack Vendor :STMicroelectronics X-CUBE-ALS 1.0.2
2026-09-17 00:40:19,843 [INFO] ThirdParty:1030 - CMSIS Pack Vendor :ITTIA_DB I-CUBE-ITTIADB 8.9.0
2026-09-17 00:40:19,843 [INFO] ThirdParty:1030 - CMSIS Pack Vendor :portGmbH I-Cube-SoM-uGOAL 1.1.0
2026-09-17 00:40:19,843 [INFO] ThirdParty:1030 - CMSIS Pack Vendor :STMicroelectronics X-CUBE-NFC6 3.2.0
2026-09-17 00:40:19,843 [INFO] ThirdParty:1030 - CMSIS Pack Vendor :STMicroelectronics X-CUBE-ST67W61 1.0.0
2026-09-17 00:40:19,843 [INFO] ThirdParty:1030 - CMSIS Pack Vendor :STMicroelectronics X-CUBE-AI 10.2.1
2026-09-17 00:40:19,843 [INFO] ThirdParty:1030 - CMSIS Pack Vendor :STMicroelectronics X-CUBE-AI 10.2.0
2026-09-17 00:40:19,843 [INFO] ThirdParty:1030 - CMSIS Pack Vendor :STMicroelectronics ThreadX 1.0.0
2026-09-17 00:40:19,843 [INFO] ThirdParty:1030 - CMSIS Pack Vendor :STMicroelectronics X-CUBE-MEMS1 12.1.0
2026-09-17 00:40:19,843 [INFO] ThirdParty:1030 - CMSIS Pack Vendor :SEGGER I-CUBE-embOS 1.3.1
2026-09-17 00:40:19,843 [INFO] ThirdParty:1030 - CMSIS Pack Vendor :STMicroelectronics X-CUBE-ALGOBUILD 1.4.0
2026-09-17 00:40:19,843 [INFO] ThirdParty:1030 - CMSIS Pack Vendor :STMicroelectronics X-CUBE-MEMS1 11.3.0
2026-09-17 00:40:19,843 [INFO] ThirdParty:1030 - CMSIS Pack Vendor :STMicroelectronics X-CUBE-TOF1 3.4.3
2026-09-17 00:40:19,843 [INFO] ThirdParty:1030 - CMSIS Pack Vendor :STMicroelectronics X-CUBE-NFC13 1.0.0
2026-09-17 00:40:19,843 [INFO] ThirdParty:841 - exiting critical section [change project]
2026-09-17 00:40:20,125 [INFO] PinOutPanel:1589 - setPackage(No Configuration,No Configuration)
2026-09-17 00:40:20,129 [INFO] PinOutPanel:1589 - setPackage(STM32F103C8Tx,LQFP48)
2026-09-17 00:40:20,561 [INFO] UtilMem:75 - Before build in PCC Used Memory: 674522352 Bytes (1073741824)
2026-09-17 00:40:21,560 [INFO] UtilMem:75 - After build in PCC Used Memory: 716471552 Bytes (1073741824)
2026-09-17 00:40:21,641 [INFO] IPUIPlugin:80 - create IPUIPlugin
2026-09-17 00:40:21,644 [INFO] IPUIPlugin:80 - create IPUIPlugin
2026-09-17 00:40:21,645 [INFO] IPUIPlugin:80 - create IPUIPlugin
2026-09-17 00:40:21,645 [INFO] IPUIPlugin:80 - create IPUIPlugin
2026-09-17 00:40:21,645 [INFO] IPUIPlugin:80 - create IPUIPlugin
2026-09-17 00:40:21,645 [INFO] IPUIPlugin:80 - create IPUIPlugin
2026-09-17 00:40:21,646 [INFO] IPUIPlugin:80 - create IPUIPlugin
2026-09-17 00:40:21,647 [INFO] IPUIPlugin:80 - create IPUIPlugin
2026-09-17 00:40:21,647 [INFO] IPUIPlugin:80 - create IPUIPlugin
2026-09-17 00:40:21,647 [INFO] IPUIPlugin:80 - create IPUIPlugin
2026-09-17 00:40:21,647 [INFO] IPUIPlugin:80 - create IPUIPlugin
2026-09-17 00:40:21,647 [INFO] IPUIPlugin:80 - create IPUIPlugin
2026-09-17 00:40:21,648 [INFO] IPUIPlugin:80 - create IPUIPlugin
2026-09-17 00:40:21,648 [INFO] IPUIPlugin:80 - create IPUIPlugin
2026-09-17 00:40:21,648 [INFO] IPUIPlugin:80 - create IPUIPlugin
2026-09-17 00:40:21,648 [INFO] IPUIPlugin:80 - create IPUIPlugin
2026-09-17 00:40:21,648 [INFO] IPUIPlugin:80 - create IPUIPlugin
2026-09-17 00:40:21,648 [INFO] IPUIPlugin:80 - create IPUIPlugin
2026-09-17 00:40:21,648 [INFO] IPUIPlugin:80 - create IPUIPlugin
2026-09-17 00:40:21,648 [INFO] IPUIPlugin:80 - create IPUIPlugin
2026-09-17 00:40:21,648 [INFO] IPUIPlugin:80 - create IPUIPlugin
2026-09-17 00:40:21,648 [INFO] IPUIPlugin:80 - create IPUIPlugin
2026-09-17 00:40:21,648 [INFO] IPUIPlugin:80 - create IPUIPlugin
2026-09-17 00:40:21,648 [INFO] IPUIPlugin:80 - create IPUIPlugin
2026-09-17 00:40:21,649 [INFO] IPUIPlugin:80 - create IPUIPlugin
2026-09-17 00:40:21,649 [INFO] IPUIPlugin:80 - create IPUIPlugin
2026-09-17 00:40:21,650 [INFO] IPUIPlugin:80 - create IPUIPlugin
2026-09-17 00:40:21,695 [INFO] Can:71 - Can Add PropertyChangeListener com.st.microxplorer.plugins.ip.can.Can@71f0dccc
2026-09-17 00:40:21,807 [INFO] CADModel:165 - CPN selected for project levelSTM32F103C8T6
2026-09-17 00:40:21,807 [INFO] CADModel:114 - Register for checkConnection events
2026-09-17 00:40:21,855 [INFO] OpenFileManager:386 - Restore cursor
2026-09-17 00:41:24,602 [INFO] MainUpdater:2872 - connection check result : 10
2026-09-17 00:41:24,612 [INFO] MainUpdater:2872 - connection check result : 10
2026-09-17 00:41:25,251 [INFO] MicroXplorer:468 - Change Database Path : 
2026-09-17 00:41:25,251 [INFO] MicroXplorer:498 - Change Database Version : DB.6.0.150
2026-09-17 00:41:25,381 [ERROR] ProjectManagerView:395 - 
java.lang.NullPointerException: Cannot invoke "javax.swing.JTextField.getText()" because the return value of "java.util.List.get(int)" is null
	at com.st.microxplorer.plugins.projectmanager.gui.ProjectChoiceTab$9.caretUpdate(ProjectChoiceTab.java:2706) ~[filemanager.jar:?]
	at javax.swing.text.JTextComponent.fireCaretUpdate(JTextComponent.java:408) ~[?:?]
	at javax.swing.text.JTextComponent$MutableCaretEvent.fire(JTextComponent.java:4484) ~[?:?]
	at javax.swing.text.JTextComponent$MutableCaretEvent.stateChanged(JTextComponent.java:4506) ~[?:?]
	at javax.swing.text.DefaultCaret.fireStateChanged(DefaultCaret.java:857) ~[?:?]
	at javax.swing.text.DefaultCaret.changeCaretPosition(DefaultCaret.java:1343) ~[?:?]
	at javax.swing.text.DefaultCaret.handleSetDot(DefaultCaret.java:1242) ~[?:?]
	at javax.swing.text.DefaultCaret.setDot(DefaultCaret.java:1223) ~[?:?]
	at javax.swing.text.DefaultCaret$Handler.insertUpdate(DefaultCaret.java:1819) ~[?:?]
	at javax.swing.text.AbstractDocument.fireInsertUpdate(AbstractDocument.java:227) ~[?:?]
	at javax.swing.text.AbstractDocument.handleInsertString(AbstractDocument.java:781) ~[?:?]
	at javax.swing.text.AbstractDocument.insertString(AbstractDocument.java:740) ~[?:?]
	at javax.swing.text.PlainDocument.insertString(PlainDocument.java:131) ~[?:?]
	at javax.swing.text.AbstractDocument.replace(AbstractDocument.java:699) ~[?:?]
	at javax.swing.text.JTextComponent.setText(JTextComponent.java:1725) ~[?:?]
	at com.st.microxplorer.plugins.projectmanager.gui.ProjectChoiceTab.createHeapStackFields(ProjectChoiceTab.java:993) ~[filemanager.jar:?]
	at com.st.microxplorer.plugins.projectmanager.gui.ProjectChoiceTab.buildLinkSettingsPanel(ProjectChoiceTab.java:3813) ~[filemanager.jar:?]
	at com.st.microxplorer.plugins.projectmanager.gui.ProjectChoiceTab.defineWindowsFields(ProjectChoiceTab.java:1987) ~[filemanager.jar:?]
	at com.st.microxplorer.plugins.projectmanager.gui.ProjectChoiceTab.updateSettings(ProjectChoiceTab.java:558) ~[filemanager.jar:?]
	at com.st.microxplorer.plugins.projectmanager.gui.ProjectSettingsPanel.UpdateDialog(ProjectSettingsPanel.java:247) ~[filemanager.jar:?]
	at com.st.microxplorer.plugins.projectmanager.ProjectManagerView.propertyChange(ProjectManagerView.java:392) ~[filemanager.jar:?]
	at java.beans.PropertyChangeSupport.fire(PropertyChangeSupport.java:343) ~[?:?]
	at java.beans.PropertyChangeSupport.firePropertyChange(PropertyChangeSupport.java:335) ~[?:?]
	at java.beans.PropertyChangeSupport.firePropertyChange(PropertyChangeSupport.java:268) ~[?:?]
	at com.st.microxplorer.util.MXPropertyChangeSupport.firePropertyChange(MXPropertyChangeSupport.java:54) ~[STM32CubeMX.jar:?]
	at com.st.microxplorer.mxsystem.MxSystem.closeConfig(MxSystem.java:899) ~[STM32CubeMX.jar:?]
	at com.st.microxplorer.maingui.MainPanel.closeConfig(MainPanel.java:792) ~[STM32CubeMX.jar:?]
	at com.st.microxplorer.plugins.filemanager.engine.OpenFileManager.loadConfigurationFile(OpenFileManager.java:288) ~[filemanager.jar:?]
	at com.st.microxplorer.plugins.filemanager.engine.MainFileManager.userLoadConfig(MainFileManager.java:364) ~[filemanager.jar:?]
	at com.st.microxplorer.plugins.filemanager.engine.MainFileManager.userLoadConfig(MainFileManager.java:342) ~[filemanager.jar:?]
	at com.st.microxplorer.plugins.filemanager.FileManagerView.getSpecificTask(FileManagerView.java:264) ~[filemanager.jar:?]
	at com.st.stm32cube.common.mx.editor.CubeMxEditor.getMxTabbedPaneInstance(CubeMxEditor.java:1198) ~[com.st.stm32cube.common.mx_6.15.0.202507011659/:?]
	at com.st.stm32cube.common.mx.editor.CubeMxEditor$12$1.createSwingComponent(CubeMxEditor.java:1068) ~[com.st.stm32cube.common.mx_6.15.0.202507011659/:?]
	at com.st.stm32cube.common.mx.oss.core.awtswtbridge.EmbeddedSwingComposite.doComponentCreation(EmbeddedSwingComposite.java:492) ~[com.st.stm32cube.common.mx.oss_6.15.0.202507011659/:?]
	at com.st.stm32cube.common.mx.oss.core.awtswtbridge.EmbeddedSwingComposite$4.run(EmbeddedSwingComposite.java:291) ~[com.st.stm32cube.common.mx.oss_6.15.0.202507011659/:?]
	at com.st.stm32cube.common.mx.oss.core.awtswtbridge.AwtEnvironment$2.run(AwtEnvironment.java:166) ~[com.st.stm32cube.common.mx.oss_6.15.0.202507011659/:?]
	at java.awt.event.InvocationEvent.dispatch(InvocationEvent.java:318) ~[?:?]
	at java.awt.EventQueue.dispatchEventImpl(EventQueue.java:773) ~[?:?]
	at java.awt.EventQueue$4.run(EventQueue.java:720) ~[?:?]
	at java.awt.EventQueue$4.run(EventQueue.java:714) ~[?:?]
	at java.security.AccessController.doPrivileged(AccessController.java:400) ~[?:?]
	at java.security.ProtectionDomain$JavaSecurityAccessImpl.doIntersectionPrivilege(ProtectionDomain.java:87) ~[?:?]
	at java.awt.EventQueue.dispatchEvent(EventQueue.java:742) ~[?:?]
	at java.awt.EventDispatchThread.pumpOneEventForFilters(EventDispatchThread.java:203) ~[?:?]
	at java.awt.EventDispatchThread.pumpEventsForFilter(EventDispatchThread.java:124) ~[?:?]
	at java.awt.EventDispatchThread.pumpEventsForHierarchy(EventDispatchThread.java:113) ~[?:?]
	at java.awt.EventDispatchThread.pumpEvents(EventDispatchThread.java:109) ~[?:?]
	at java.awt.EventDispatchThread.pumpEvents(EventDispatchThread.java:101) ~[?:?]
	at java.awt.EventDispatchThread.run(EventDispatchThread.java:90) ~[?:?]
2026-09-17 00:41:25,388 [WARN] ThirdParty:871 - waiting for thirdparty lock release [close project]
2026-09-17 00:41:25,388 [INFO] ThirdParty:873 - entering critical section [close project]
2026-09-17 00:41:25,388 [INFO] ThirdParty:883 - exiting critical section [close project]
2026-09-17 00:41:25,391 [INFO] PinOutPanel:1589 - setPackage(No Configuration,No Configuration)
2026-09-17 00:41:25,397 [INFO] UtilMem:75 - Begin LoadConfig() Used Memory: 701079408 Bytes (1073741824)
2026-09-17 00:41:25,399 [INFO] MicroXplorer:468 - Change Database Path : 
2026-09-17 00:41:25,399 [INFO] MicroXplorer:498 - Change Database Version : DB.6.0.150
2026-09-17 00:41:25,399 [INFO] OpenFileManager:355 - Change cursor
2026-09-17 00:41:25,435 [INFO] Mcu:2029 - Initializing MCU STM32F103C(8-B)Tx STM32F103C8Tx STM32F103C8T6
2026-09-17 00:41:25,965 [INFO] Context:786 - Trying to add GPIOservice into a context  which must be forbidden
2026-09-17 00:41:26,168 [INFO] ImportTextPane:234 - (OptionalMessage_ERROR) Pin9 (VP_RIF_VS_RIF1) cannot be retrieved for this MCU
2026-09-17 00:41:26,216 [INFO] RtosManager:558 - Registered RTOS mode: class=CMSIS, group=RTOS, mode=CMSIS_V1, owner=FREERTOS
2026-09-17 00:41:26,216 [INFO] RtosManager:558 - Registered RTOS mode: class=CMSIS, group=RTOS2, mode=CMSIS_V2, owner=FREERTOS
2026-09-17 00:41:26,216 [INFO] RtosManager:558 - Registered RTOS mode: class=RTOS, group=Core, mode=CMSIS_V1, owner=FREERTOS
2026-09-17 00:41:26,216 [INFO] RtosManager:558 - Registered RTOS mode: class=RTOS, group=Core, mode=CMSIS_V2, owner=FREERTOS
2026-09-17 00:41:26,216 [WARN] ModelIntegratedComponent:184 - Missing modes for component STMicroelectronics:FreeRTOS:0.0.1:STMicroelectronics:RTOS:FreeRTOS:Core:::10.2.0:
2026-09-17 00:41:26,244 [WARN] ModelIntegratedComponent:63 - No mode defined for component null
2026-09-17 00:41:26,245 [WARN] ModelIntegratedComponent:63 - No mode defined for component null
2026-09-17 00:41:26,245 [WARN] ModelIntegratedComponent:63 - No mode defined for component null
2026-09-17 00:41:26,245 [WARN] ModelIntegratedComponent:63 - No mode defined for component null
2026-09-17 00:41:26,245 [WARN] ModelIntegratedComponent:63 - No mode defined for component null
2026-09-17 00:41:26,245 [WARN] ModelIntegratedComponent:63 - No mode defined for component null
2026-09-17 00:41:26,245 [WARN] ModelIntegratedComponent:63 - No mode defined for component null
2026-09-17 00:41:26,245 [WARN] ModelIntegratedComponent:63 - No mode defined for component null
2026-09-17 00:41:26,245 [WARN] ModelIntegratedComponent:63 - No mode defined for component null
2026-09-17 00:41:26,245 [WARN] ModelIntegratedComponent:63 - No mode defined for component null
2026-09-17 00:41:26,245 [WARN] ModelIntegratedComponent:63 - No mode defined for component null
2026-09-17 00:41:26,245 [WARN] ModelIntegratedComponent:63 - No mode defined for component null
2026-09-17 00:41:26,245 [WARN] ModelIntegratedComponent:63 - No mode defined for component null
2026-09-17 00:41:26,245 [WARN] ModelIntegratedComponent:63 - No mode defined for component null
2026-09-17 00:41:26,245 [WARN] ModelIntegratedComponent:63 - No mode defined for component null
2026-09-17 00:41:26,245 [WARN] ModelIntegratedComponent:63 - No mode defined for component null
2026-09-17 00:41:26,245 [WARN] ModelIntegratedComponent:63 - No mode defined for component null
2026-09-17 00:41:26,245 [WARN] ModelIntegratedComponent:63 - No mode defined for component null
2026-09-17 00:41:26,245 [WARN] ModelIntegratedComponent:63 - No mode defined for component null
2026-09-17 00:41:26,245 [WARN] ModelIntegratedComponent:63 - No mode defined for component null
2026-09-17 00:41:26,245 [WARN] ModelIntegratedComponent:63 - No mode defined for component null
2026-09-17 00:41:26,245 [WARN] ModelIntegratedComponent:63 - No mode defined for component null
2026-09-17 00:41:26,245 [WARN] ModelIntegratedComponent:63 - No mode defined for component null
2026-09-17 00:41:26,245 [WARN] ModelIntegratedComponent:63 - No mode defined for component null
2026-09-17 00:41:26,245 [WARN] ModelIntegratedComponent:63 - No mode defined for component null
2026-09-17 00:41:26,245 [WARN] ModelIntegratedComponent:63 - No mode defined for component null
2026-09-17 00:41:26,245 [WARN] ModelIntegratedComponent:63 - No mode defined for component null
2026-09-17 00:41:26,245 [WARN] ModelIntegratedComponent:63 - No mode defined for component null
2026-09-17 00:41:26,245 [WARN] ModelIntegratedComponent:63 - No mode defined for component null
2026-09-17 00:41:26,245 [WARN] ModelIntegratedComponent:63 - No mode defined for component null
2026-09-17 00:41:26,245 [WARN] ModelIntegratedComponent:63 - No mode defined for component null
2026-09-17 00:41:26,245 [WARN] ModelIntegratedComponent:63 - No mode defined for component null
2026-09-17 00:41:26,245 [WARN] ModelIntegratedComponent:63 - No mode defined for component null
2026-09-17 00:41:26,245 [WARN] ModelIntegratedComponent:63 - No mode defined for component null
2026-09-17 00:41:26,245 [WARN] ModelIntegratedComponent:63 - No mode defined for component null
2026-09-17 00:41:26,245 [WARN] ModelPack:524 - Component already loaded: STMicroelectronics:HAL Drivers:0.0.0:STMicroelectronics:Device:STMicro_Driver:XSPI:HAL::0.0.1:HAL_XSPI
2026-09-17 00:41:26,338 [INFO] ThirdPartyModel:298 - Start build external matchings
2026-09-17 00:41:26,858 [INFO] ThirdPartyModel:316 - End build external matchings
2026-09-17 00:41:26,888 [INFO] ImportTextPane:234 - (OptionalMessage_ERROR) IP (RCC) : Parameter (ADCFreqValue) has invalid value (32000000)
2026-09-17 00:41:26,889 [INFO] ImportTextPane:234 - (OptionalMessage_ERROR) IP (RCC) : Invalid parameter (FamilyName)
2026-09-17 00:41:26,889 [INFO] ImportTextPane:234 - (OptionalMessage_ERROR) IP (RCC) : Parameter (MCOFreq_Value) has invalid value (64000000)
2026-09-17 00:41:26,890 [INFO] ImportTextPane:234 - (OptionalMessage_ERROR) IP (RCC) : Parameter (USBFreq_Value) has invalid value (64000000)
2026-09-17 00:41:27,019 [INFO] UtilMem:75 - End LoadConfig() Used Memory: 964683368 Bytes (1073741824)
2026-09-17 00:41:27,073 [WARN] ThirdParty:833 - waiting for thirdparty lock release [change project]
2026-09-17 00:41:27,074 [INFO] ThirdParty:835 - entering critical section [change project]
2026-09-17 00:41:27,074 [INFO] ThirdParty:1030 - CMSIS Pack Vendor :STMicroelectronics X-CUBE-AZRTOS-H7 3.5.0
2026-09-17 00:41:27,074 [INFO] ThirdParty:1030 - CMSIS Pack Vendor :STMicroelectronics X-CUBE-PM33A1 1.0.0
2026-09-17 00:41:27,074 [INFO] ThirdParty:1030 - CMSIS Pack Vendor :STMicroelectronics USBPD 4.1
2026-09-17 00:41:27,074 [INFO] ThirdParty:1030 - CMSIS Pack Vendor :STMicroelectronics USB_HOST 2.0.0
2026-09-17 00:41:27,074 [INFO] ThirdParty:1030 - CMSIS Pack Vendor :STMicroelectronics FP-SNS-MOTENVWB1 1.4.0
2026-09-17 00:41:27,074 [INFO] ThirdParty:1030 - CMSIS Pack Vendor :STMicroelectronics FP-ATR-ASTRA1 2.0.3
2026-09-17 00:41:27,074 [INFO] ThirdParty:1030 - CMSIS Pack Vendor :STMicroelectronics X-CUBE-AZRTOS-F4 1.1.0
2026-09-17 00:41:27,074 [INFO] ThirdParty:1030 - CMSIS Pack Vendor :STMicroelectronics LIBJPEG 8.0.0
2026-09-17 00:41:27,074 [INFO] ThirdParty:1030 - CMSIS Pack Vendor :STMicroelectronics FP-ATR-ASTRA1 2.0.2
2026-09-17 00:41:27,074 [INFO] ThirdParty:1030 - CMSIS Pack Vendor :Avnet-IotConnect X-CUBE-IoTC-DA16k-PMOD 1.0.0
2026-09-17 00:41:27,074 [INFO] ThirdParty:1030 - CMSIS Pack Vendor :STMicroelectronics X-CUBE-SMBUS 2.1.0
2026-09-17 00:41:27,074 [INFO] ThirdParty:1030 - CMSIS Pack Vendor :STMicroelectronics X-CUBE-ISPU 2.1.0
2026-09-17 00:41:27,074 [INFO] ThirdParty:1030 - CMSIS Pack Vendor :STMicroelectronics X-CUBE-IPS 3.2.0
2026-09-17 00:41:27,074 [INFO] ThirdParty:1030 - CMSIS Pack Vendor :STMicroelectronics eDS-WB_DPC_TT-BIDIR 2.1.1
2026-09-17 00:41:27,074 [INFO] ThirdParty:1030 - CMSIS Pack Vendor :STMicroelectronics X-CUBE-ST60 1.0.0
2026-09-17 00:41:27,074 [INFO] ThirdParty:1030 - CMSIS Pack Vendor :STMicroelectronics X-CUBE-NFC12 1.0.0
2026-09-17 00:41:27,074 [INFO] ThirdParty:1030 - CMSIS Pack Vendor :STMicroelectronics X-CUBE-AZRTOS-F7 1.1.0
2026-09-17 00:41:27,074 [INFO] ThirdParty:1030 - CMSIS Pack Vendor :STMicroelectronics X-CUBE-AZRTOS-L5 2.0.0
2026-09-17 00:41:27,074 [INFO] ThirdParty:1030 - CMSIS Pack Vendor :STMicroelectronics USB_DEVICE 2.0.0
2026-09-17 00:41:27,074 [INFO] ThirdParty:1030 - CMSIS Pack Vendor :STMicroelectronics X-CUBE-FREERTOS 1.6.0
2026-09-17 00:41:27,074 [INFO] ThirdParty:1030 - CMSIS Pack Vendor :STMicroelectronics X-CUBE-NFC6 3.1.0
2026-09-17 00:41:27,074 [INFO] ThirdParty:1030 - CMSIS Pack Vendor :STMicroelectronics X-CUBE-ALGOBUILD 1.5.0
2026-09-17 00:41:27,074 [INFO] ThirdParty:1030 - CMSIS Pack Vendor :STMicroelectronics FP-SNS-MOTENV1 5.1.0
2026-09-17 00:41:27,074 [INFO] ThirdParty:1030 - CMSIS Pack Vendor :STMicroelectronics FreeRTOS 0.0.1
2026-09-17 00:41:27,075 [INFO] ThirdParty:1030 - CMSIS Pack Vendor :STMicroelectronics X-CUBE-AZRTOS-H7RS 1.3.0
2026-09-17 00:41:27,075 [INFO] ThirdParty:1030 - CMSIS Pack Vendor :STMicroelectronics eDS-WB_DPC_VIENNA 1.2.0
2026-09-17 00:41:27,075 [INFO] ThirdParty:1030 - CMSIS Pack Vendor :WES I-CUBE-Cesium 1.4.0
2026-09-17 00:41:27,075 [INFO] ThirdParty:1030 - CMSIS Pack Vendor :STMicroelectronics X-CUBE-MEMS1 13.0.0
2026-09-17 00:41:27,075 [INFO] ThirdParty:1030 - CMSIS Pack Vendor :STMicroelectronics eDS-WB_DPC_3PH2L-BIDIR 1.1.1
2026-09-17 00:41:27,075 [INFO] ThirdParty:1030 - CMSIS Pack Vendor :Infineon AIROC-Wi-Fi-Bluetooth-STM32 1.7.1
2026-09-17 00:41:27,075 [INFO] ThirdParty:1030 - CMSIS Pack Vendor :STMicroelectronics PDM2PCM 3.3.0
2026-09-17 00:41:27,075 [INFO] ThirdParty:1030 - CMSIS Pack Vendor :STMicroelectronics X-CUBE-AZRTOS-H7 3.4.0
2026-09-17 00:41:27,075 [INFO] ThirdParty:1030 - CMSIS Pack Vendor :STMicroelectronics X-CUBE-DISPLAY 3.0.0
2026-09-17 00:41:27,075 [INFO] ThirdParty:1030 - CMSIS Pack Vendor :STMicroelectronics X-CUBE-GNSS1 7.1.1
2026-09-17 00:41:27,075 [INFO] ThirdParty:1030 - CMSIS Pack Vendor :STMicroelectronics FP-SNS-MOTENVWB1 1.5.0
2026-09-17 00:41:27,075 [INFO] ThirdParty:1030 - CMSIS Pack Vendor :STMicroelectronics X-CUBE-NFC10 1.0.0
2026-09-17 00:41:27,075 [INFO] ThirdParty:1030 - CMSIS Pack Vendor :STMicroelectronics X-CUBE-FREERTOS 1.3.1
2026-09-17 00:41:27,075 [INFO] ThirdParty:1030 - CMSIS Pack Vendor :STMicroelectronics HAL Drivers 0.0.0
2026-09-17 00:41:27,075 [INFO] ThirdParty:1030 - CMSIS Pack Vendor :STMicroelectronics X-CUBE-ST60 1.1.0
2026-09-17 00:41:27,075 [INFO] ThirdParty:1030 - CMSIS Pack Vendor :emotas I-CUBE-CANOPEN 1.3.0
2026-09-17 00:41:27,075 [INFO] ThirdParty:1030 - CMSIS Pack Vendor :STMicroelectronics MBEDTLS 2.14.1
2026-09-17 00:41:27,075 [INFO] ThirdParty:1030 - CMSIS Pack Vendor :STMicroelectronics X-CUBE-TOUCHGFX 4.26.1
2026-09-17 00:41:27,075 [INFO] ThirdParty:1030 - CMSIS Pack Vendor :STMicroelectronics FP-SNS-STBOX1 2.1.0
2026-09-17 00:41:27,075 [INFO] ThirdParty:1030 - CMSIS Pack Vendor :STMicroelectronics FP-SNS-STAIOTCFT 1.0.0
2026-09-17 00:41:27,075 [INFO] ThirdParty:1030 - CMSIS Pack Vendor :STMicroelectronics FP-SNS-SMARTAG2 1.2.0
2026-09-17 00:41:27,075 [INFO] ThirdParty:1030 - CMSIS Pack Vendor :STMicroelectronics FP-SNS-FLIGHT1 5.1.0
2026-09-17 00:41:27,075 [INFO] ThirdParty:1030 - CMSIS Pack Vendor :STMicroelectronics X-CUBE-AZRTOS-WL 2.0.0
2026-09-17 00:41:27,075 [INFO] ThirdParty:1030 - CMSIS Pack Vendor :STMicroelectronics X-CUBE-DPower 1.3.0
2026-09-17 00:41:27,075 [INFO] ThirdParty:1030 - CMSIS Pack Vendor :STMicroelectronics FP-SNS-MOTENV1 5.0.0
2026-09-17 00:41:27,075 [INFO] ThirdParty:1030 - CMSIS Pack Vendor :STMicroelectronics USB_DEVICE 1.0.0
2026-09-17 00:41:27,075 [INFO] ThirdParty:1030 - CMSIS Pack Vendor :STMicroelectronics X-CUBE-AZRTOS-H7RS 1.2.0
2026-09-17 00:41:27,075 [INFO] ThirdParty:1030 - CMSIS Pack Vendor :STMicroelectronics X-CUBE-AZRTOS-L4 2.0.0
2026-09-17 00:41:27,077 [INFO] ThirdParty:1030 - CMSIS Pack Vendor :STMicroelectronics ThreadX 0.0.2
2026-09-17 00:41:27,078 [INFO] ThirdParty:1030 - CMSIS Pack Vendor :WES I-CUBE-Cesium 1.3.0
2026-09-17 00:41:27,078 [INFO] ThirdParty:1030 - CMSIS Pack Vendor :STMicroelectronics lwIP 2.1.2
2026-09-17 00:41:27,079 [INFO] ThirdParty:1030 - CMSIS Pack Vendor :STMicroelectronics X-CUBE-SFXS2LP1 4.0.0
2026-09-17 00:41:27,079 [INFO] ThirdParty:1030 - CMSIS Pack Vendor :STMicroelectronics X-CUBE-BLE2 3.3.0
2026-09-17 00:41:27,079 [INFO] ThirdParty:1030 - CMSIS Pack Vendor :Avnet-IOTCONNECT X-CUBE-iotc-st67-sdk 1.0.0
2026-09-17 00:41:27,079 [INFO] ThirdParty:1030 - CMSIS Pack Vendor :STMicroelectronics PDM2PCM 3.2.0
2026-09-17 00:41:27,079 [INFO] ThirdParty:1030 - CMSIS Pack Vendor :STMicroelectronics X-CUBE-WB05N 2.1.0
2026-09-17 00:41:27,079 [INFO] ThirdParty:1030 - CMSIS Pack Vendor :STMicroelectronics X-CUBE-NFC9 1.0.0
2026-09-17 00:41:27,079 [INFO] ThirdParty:1030 - CMSIS Pack Vendor :wolfSSL I-CUBE-wolfSSL 5.8.2
2026-09-17 00:41:27,079 [INFO] ThirdParty:1030 - CMSIS Pack Vendor :STMicroelectronics X-CUBE-BLE1 7.1.0
2026-09-17 00:41:27,079 [INFO] ThirdParty:1030 - CMSIS Pack Vendor :wolfSSL I-CUBE-wolfMQTT 1.19.2
2026-09-17 00:41:27,079 [INFO] ThirdParty:1030 - CMSIS Pack Vendor :STMicroelectronics USB_DEVICE 3.0.0
2026-09-17 00:41:27,079 [INFO] ThirdParty:1030 - CMSIS Pack Vendor :STMicroelectronics X-CUBE-EEPRMA1 5.2.0
2026-09-17 00:41:27,079 [INFO] ThirdParty:1030 - CMSIS Pack Vendor :STMicroelectronics X-CUBE-BLEMGR 4.1.0
2026-09-17 00:41:27,079 [INFO] ThirdParty:1030 - CMSIS Pack Vendor :STMicroelectronics X-CUBE-AZRTOS-WB 2.0.0
2026-09-17 00:41:27,079 [INFO] ThirdParty:1030 - CMSIS Pack Vendor :STMicroelectronics X-CUBE-GNSS1 7.0.1
2026-09-17 00:41:27,079 [INFO] ThirdParty:1030 - CMSIS Pack Vendor :STMicroelectronics X-CUBE-TOUCHGFX 4.25.0
2026-09-17 00:41:27,079 [INFO] ThirdParty:1030 - CMSIS Pack Vendor :STMicroelectronics FP-SNS-STAIOTCFT 1.1.0
2026-09-17 00:41:27,079 [INFO] ThirdParty:1030 - CMSIS Pack Vendor :quantropi X-CUBE-qispace-sdk-base 2.1.0
2026-09-17 00:41:27,080 [INFO] ThirdParty:1030 - CMSIS Pack Vendor :STMicroelectronics X-CUBE-STSE01 2.0.0
2026-09-17 00:41:27,080 [INFO] ThirdParty:1030 - CMSIS Pack Vendor :STMicroelectronics X-CUBE-AZRTOS-G0 1.1.0
2026-09-17 00:41:27,080 [INFO] ThirdParty:1030 - CMSIS Pack Vendor :STMicroelectronics X-CUBE-SAFEA1 1.2.2
2026-09-17 00:41:27,080 [INFO] ThirdParty:1030 - CMSIS Pack Vendor :STMicroelectronics X-CUBE-NFC4 3.0.0
2026-09-17 00:41:27,080 [INFO] ThirdParty:1030 - CMSIS Pack Vendor :STMicroelectronics X-CUBE-SUBG2 5.0.0
2026-09-17 00:41:27,081 [INFO] ThirdParty:1030 - CMSIS Pack Vendor :STMicroelectronics X-CUBE-AZRTOS-H7RS 1.1.0
2026-09-17 00:41:27,081 [INFO] ThirdParty:1030 - CMSIS Pack Vendor :STMicroelectronics STM32_WPAN 1.0.0
2026-09-17 00:41:27,081 [INFO] ThirdParty:1030 - CMSIS Pack Vendor :EmbeddedOffice I-CUBE-FS-RTOS 1.0.1
2026-09-17 00:41:27,081 [INFO] ThirdParty:1030 - CMSIS Pack Vendor :STMicroelectronics lwIP 2.0.3
2026-09-17 00:41:27,081 [INFO] ThirdParty:1030 - CMSIS Pack Vendor :Cesanta I-CUBE-Mongoose 7.13.0
2026-09-17 00:41:27,081 [INFO] ThirdParty:1030 - CMSIS Pack Vendor :STMicroelectronics USB_HOST 1.0.0
2026-09-17 00:41:27,081 [INFO] ThirdParty:1030 - CMSIS Pack Vendor :STMicroelectronics X-CUBE-AZRTOS-G4 2.0.0
2026-09-17 00:41:27,081 [INFO] ThirdParty:1030 - CMSIS Pack Vendor :STMicroelectronics X-CUBE-WB05N 2.0.0
2026-09-17 00:41:27,081 [INFO] ThirdParty:1030 - CMSIS Pack Vendor :STMicroelectronics PDM2PCM 3.1.0
2026-09-17 00:41:27,081 [INFO] ThirdParty:1030 - CMSIS Pack Vendor :wolfSSL I-CUBE-wolfTPM 3.8.0
2026-09-17 00:41:27,081 [INFO] ThirdParty:1030 - CMSIS Pack Vendor :wolfSSL I-CUBE-wolfSSH 1.4.20
2026-09-17 00:41:27,081 [INFO] ThirdParty:1030 - CMSIS Pack Vendor :STMicroelectronics X-CUBE-NFC7 2.0.0
2026-09-17 00:41:27,081 [INFO] ThirdParty:1030 - CMSIS Pack Vendor :STMicroelectronics X-CUBE-TCPP 4.2.0
2026-09-17 00:41:27,081 [INFO] ThirdParty:1030 - CMSIS Pack Vendor :RealThread X-CUBE-RT-Thread_Nano 4.1.1
2026-09-17 00:41:27,081 [INFO] ThirdParty:1030 - CMSIS Pack Vendor :STMicroelectronics FP-ATR-SIGFOX1 3.2.0
2026-09-17 00:41:27,081 [INFO] ThirdParty:1030 - CMSIS Pack Vendor :STMicroelectronics X-CUBE-FREERTOS 1.5.0
2026-09-17 00:41:27,081 [INFO] ThirdParty:1030 - CMSIS Pack Vendor :STMicroelectronics MBEDTLS 2.16.2
2026-09-17 00:41:27,081 [INFO] ThirdParty:1030 - CMSIS Pack Vendor :STMicroelectronics X-CUBE-IPS 3.1.0
2026-09-17 00:41:27,081 [INFO] ThirdParty:1030 - CMSIS Pack Vendor :STMicroelectronics X-CUBE-ALS 1.0.2
2026-09-17 00:41:27,082 [INFO] ThirdParty:1030 - CMSIS Pack Vendor :ITTIA_DB I-CUBE-ITTIADB 8.9.0
2026-09-17 00:41:27,082 [INFO] ThirdParty:1030 - CMSIS Pack Vendor :portGmbH I-Cube-SoM-uGOAL 1.1.0
2026-09-17 00:41:27,082 [INFO] ThirdParty:1030 - CMSIS Pack Vendor :STMicroelectronics X-CUBE-NFC6 3.2.0
2026-09-17 00:41:27,083 [INFO] ThirdParty:1030 - CMSIS Pack Vendor :STMicroelectronics X-CUBE-ST67W61 1.0.0
2026-09-17 00:41:27,083 [INFO] ThirdParty:1030 - CMSIS Pack Vendor :STMicroelectronics X-CUBE-AI 10.2.1
2026-09-17 00:41:27,083 [INFO] ThirdParty:1030 - CMSIS Pack Vendor :STMicroelectronics X-CUBE-AI 10.2.0
2026-09-17 00:41:27,083 [INFO] ThirdParty:1030 - CMSIS Pack Vendor :STMicroelectronics ThreadX 1.0.0
2026-09-17 00:41:27,084 [INFO] ThirdParty:1030 - CMSIS Pack Vendor :STMicroelectronics X-CUBE-MEMS1 12.1.0
2026-09-17 00:41:27,084 [INFO] ThirdParty:1030 - CMSIS Pack Vendor :SEGGER I-CUBE-embOS 1.3.1
2026-09-17 00:41:27,084 [INFO] ThirdParty:1030 - CMSIS Pack Vendor :STMicroelectronics X-CUBE-ALGOBUILD 1.4.0
2026-09-17 00:41:27,084 [INFO] ThirdParty:1030 - CMSIS Pack Vendor :STMicroelectronics X-CUBE-MEMS1 11.3.0
2026-09-17 00:41:27,084 [INFO] ThirdParty:1030 - CMSIS Pack Vendor :STMicroelectronics X-CUBE-TOF1 3.4.3
2026-09-17 00:41:27,084 [INFO] ThirdParty:1030 - CMSIS Pack Vendor :STMicroelectronics X-CUBE-NFC13 1.0.0
2026-09-17 00:41:27,084 [INFO] ThirdParty:841 - exiting critical section [change project]
2026-09-17 00:41:27,538 [INFO] PinOutPanel:1589 - setPackage(No Configuration,No Configuration)
2026-09-17 00:41:27,568 [INFO] PinOutPanel:1589 - setPackage(STM32F103C8Tx,LQFP48)
2026-09-17 00:41:28,520 [INFO] UtilMem:75 - Before build in PCC Used Memory: 748493456 Bytes (1073741824)
2026-09-17 00:41:28,968 [INFO] UtilMem:75 - After build in PCC Used Memory: 790436496 Bytes (1073741824)
2026-09-17 00:41:29,027 [INFO] IPUIPlugin:80 - create IPUIPlugin
2026-09-17 00:41:29,027 [INFO] IPUIPlugin:80 - create IPUIPlugin
2026-09-17 00:41:29,027 [INFO] IPUIPlugin:80 - create IPUIPlugin
2026-09-17 00:41:29,027 [INFO] IPUIPlugin:80 - create IPUIPlugin
2026-09-17 00:41:29,028 [INFO] IPUIPlugin:80 - create IPUIPlugin
2026-09-17 00:41:29,028 [INFO] IPUIPlugin:80 - create IPUIPlugin
2026-09-17 00:41:29,028 [INFO] IPUIPlugin:80 - create IPUIPlugin
2026-09-17 00:41:29,028 [INFO] IPUIPlugin:80 - create IPUIPlugin
2026-09-17 00:41:29,028 [INFO] IPUIPlugin:80 - create IPUIPlugin
2026-09-17 00:41:29,028 [INFO] IPUIPlugin:80 - create IPUIPlugin
2026-09-17 00:41:29,028 [INFO] IPUIPlugin:80 - create IPUIPlugin
2026-09-17 00:41:29,028 [INFO] IPUIPlugin:80 - create IPUIPlugin
2026-09-17 00:41:29,029 [INFO] IPUIPlugin:80 - create IPUIPlugin
2026-09-17 00:41:29,029 [INFO] IPUIPlugin:80 - create IPUIPlugin
2026-09-17 00:41:29,029 [INFO] IPUIPlugin:80 - create IPUIPlugin
2026-09-17 00:41:29,029 [INFO] IPUIPlugin:80 - create IPUIPlugin
2026-09-17 00:41:29,029 [INFO] IPUIPlugin:80 - create IPUIPlugin
2026-09-17 00:41:29,029 [INFO] IPUIPlugin:80 - create IPUIPlugin
2026-09-17 00:41:29,029 [INFO] IPUIPlugin:80 - create IPUIPlugin
2026-09-17 00:41:29,029 [INFO] IPUIPlugin:80 - create IPUIPlugin
2026-09-17 00:41:29,029 [INFO] IPUIPlugin:80 - create IPUIPlugin
2026-09-17 00:41:29,029 [INFO] IPUIPlugin:80 - create IPUIPlugin
2026-09-17 00:41:29,029 [INFO] IPUIPlugin:80 - create IPUIPlugin
2026-09-17 00:41:29,030 [INFO] IPUIPlugin:80 - create IPUIPlugin
2026-09-17 00:41:29,030 [INFO] IPUIPlugin:80 - create IPUIPlugin
2026-09-17 00:41:29,031 [INFO] IPUIPlugin:80 - create IPUIPlugin
2026-09-17 00:41:29,031 [INFO] IPUIPlugin:80 - create IPUIPlugin
2026-09-17 00:41:29,043 [INFO] Can:71 - Can Add PropertyChangeListener com.st.microxplorer.plugins.ip.can.Can@28a5f415
2026-09-17 00:41:29,136 [INFO] CADModel:165 - CPN selected for project levelSTM32F103C8T6
2026-09-17 00:41:29,136 [INFO] CADModel:114 - Register for checkConnection events
2026-09-17 00:41:29,187 [INFO] OpenFileManager:386 - Restore cursor
2026-09-17 00:42:36,497 [INFO] MainUpdater:2872 - connection check result : 10
2026-09-17 00:42:36,500 [INFO] MainUpdater:2872 - connection check result : 10
2026-09-17 00:42:37,068 [INFO] MicroXplorer:468 - Change Database Path : 
2026-09-17 00:42:37,068 [INFO] MicroXplorer:498 - Change Database Version : DB.6.0.150
2026-09-17 00:42:37,099 [ERROR] ProjectManagerView:395 - 
java.lang.NullPointerException: Cannot invoke "javax.swing.JTextField.getText()" because the return value of "java.util.List.get(int)" is null
	at com.st.microxplorer.plugins.projectmanager.gui.ProjectChoiceTab$9.caretUpdate(ProjectChoiceTab.java:2706) ~[filemanager.jar:?]
	at javax.swing.text.JTextComponent.fireCaretUpdate(JTextComponent.java:408) ~[?:?]
	at javax.swing.text.JTextComponent$MutableCaretEvent.fire(JTextComponent.java:4484) ~[?:?]
	at javax.swing.text.JTextComponent$MutableCaretEvent.stateChanged(JTextComponent.java:4506) ~[?:?]
	at javax.swing.text.DefaultCaret.fireStateChanged(DefaultCaret.java:857) ~[?:?]
	at javax.swing.text.DefaultCaret.changeCaretPosition(DefaultCaret.java:1343) ~[?:?]
	at javax.swing.text.DefaultCaret.handleSetDot(DefaultCaret.java:1242) ~[?:?]
	at javax.swing.text.DefaultCaret.setDot(DefaultCaret.java:1223) ~[?:?]
	at javax.swing.text.DefaultCaret$Handler.insertUpdate(DefaultCaret.java:1819) ~[?:?]
	at javax.swing.text.AbstractDocument.fireInsertUpdate(AbstractDocument.java:227) ~[?:?]
	at javax.swing.text.AbstractDocument.handleInsertString(AbstractDocument.java:781) ~[?:?]
	at javax.swing.text.AbstractDocument.insertString(AbstractDocument.java:740) ~[?:?]
	at javax.swing.text.PlainDocument.insertString(PlainDocument.java:131) ~[?:?]
	at javax.swing.text.AbstractDocument.replace(AbstractDocument.java:699) ~[?:?]
	at javax.swing.text.JTextComponent.setText(JTextComponent.java:1725) ~[?:?]
	at com.st.microxplorer.plugins.projectmanager.gui.ProjectChoiceTab.createHeapStackFields(ProjectChoiceTab.java:993) ~[filemanager.jar:?]
	at com.st.microxplorer.plugins.projectmanager.gui.ProjectChoiceTab.buildLinkSettingsPanel(ProjectChoiceTab.java:3813) ~[filemanager.jar:?]
	at com.st.microxplorer.plugins.projectmanager.gui.ProjectChoiceTab.defineWindowsFields(ProjectChoiceTab.java:1987) ~[filemanager.jar:?]
	at com.st.microxplorer.plugins.projectmanager.gui.ProjectChoiceTab.updateSettings(ProjectChoiceTab.java:558) ~[filemanager.jar:?]
	at com.st.microxplorer.plugins.projectmanager.gui.ProjectSettingsPanel.UpdateDialog(ProjectSettingsPanel.java:247) ~[filemanager.jar:?]
	at com.st.microxplorer.plugins.projectmanager.ProjectManagerView.propertyChange(ProjectManagerView.java:392) ~[filemanager.jar:?]
	at java.beans.PropertyChangeSupport.fire(PropertyChangeSupport.java:343) ~[?:?]
	at java.beans.PropertyChangeSupport.firePropertyChange(PropertyChangeSupport.java:335) ~[?:?]
	at java.beans.PropertyChangeSupport.firePropertyChange(PropertyChangeSupport.java:268) ~[?:?]
	at com.st.microxplorer.util.MXPropertyChangeSupport.firePropertyChange(MXPropertyChangeSupport.java:54) ~[STM32CubeMX.jar:?]
	at com.st.microxplorer.mxsystem.MxSystem.closeConfig(MxSystem.java:899) ~[STM32CubeMX.jar:?]
	at com.st.microxplorer.maingui.MainPanel.closeConfig(MainPanel.java:792) ~[STM32CubeMX.jar:?]
	at com.st.microxplorer.plugins.filemanager.engine.OpenFileManager.loadConfigurationFile(OpenFileManager.java:288) ~[filemanager.jar:?]
	at com.st.microxplorer.plugins.filemanager.engine.MainFileManager.userLoadConfig(MainFileManager.java:364) ~[filemanager.jar:?]
	at com.st.microxplorer.plugins.filemanager.engine.MainFileManager.userLoadConfig(MainFileManager.java:342) ~[filemanager.jar:?]
	at com.st.microxplorer.plugins.filemanager.FileManagerView.getSpecificTask(FileManagerView.java:264) ~[filemanager.jar:?]
	at com.st.stm32cube.common.mx.editor.CubeMxEditor.getMxTabbedPaneInstance(CubeMxEditor.java:1198) ~[com.st.stm32cube.common.mx_6.15.0.202507011659/:?]
	at com.st.stm32cube.common.mx.editor.CubeMxEditor$12$1.createSwingComponent(CubeMxEditor.java:1068) ~[com.st.stm32cube.common.mx_6.15.0.202507011659/:?]
	at com.st.stm32cube.common.mx.oss.core.awtswtbridge.EmbeddedSwingComposite.doComponentCreation(EmbeddedSwingComposite.java:492) ~[com.st.stm32cube.common.mx.oss_6.15.0.202507011659/:?]
	at com.st.stm32cube.common.mx.oss.core.awtswtbridge.EmbeddedSwingComposite$4.run(EmbeddedSwingComposite.java:291) ~[com.st.stm32cube.common.mx.oss_6.15.0.202507011659/:?]
	at com.st.stm32cube.common.mx.oss.core.awtswtbridge.AwtEnvironment$2.run(AwtEnvironment.java:166) ~[com.st.stm32cube.common.mx.oss_6.15.0.202507011659/:?]
	at java.awt.event.InvocationEvent.dispatch(InvocationEvent.java:318) ~[?:?]
	at java.awt.EventQueue.dispatchEventImpl(EventQueue.java:773) ~[?:?]
	at java.awt.EventQueue$4.run(EventQueue.java:720) ~[?:?]
	at java.awt.EventQueue$4.run(EventQueue.java:714) ~[?:?]
	at java.security.AccessController.doPrivileged(AccessController.java:400) ~[?:?]
	at java.security.ProtectionDomain$JavaSecurityAccessImpl.doIntersectionPrivilege(ProtectionDomain.java:87) ~[?:?]
	at java.awt.EventQueue.dispatchEvent(EventQueue.java:742) ~[?:?]
	at java.awt.EventDispatchThread.pumpOneEventForFilters(EventDispatchThread.java:203) ~[?:?]
	at java.awt.EventDispatchThread.pumpEventsForFilter(EventDispatchThread.java:124) ~[?:?]
	at java.awt.EventDispatchThread.pumpEventsForHierarchy(EventDispatchThread.java:113) ~[?:?]
	at java.awt.EventDispatchThread.pumpEvents(EventDispatchThread.java:109) ~[?:?]
	at java.awt.EventDispatchThread.pumpEvents(EventDispatchThread.java:101) ~[?:?]
	at java.awt.EventDispatchThread.run(EventDispatchThread.java:90) ~[?:?]
2026-09-17 00:42:37,106 [WARN] ThirdParty:871 - waiting for thirdparty lock release [close project]
2026-09-17 00:42:37,106 [INFO] ThirdParty:873 - entering critical section [close project]
2026-09-17 00:42:37,106 [INFO] ThirdParty:883 - exiting critical section [close project]
2026-09-17 00:42:37,108 [INFO] PinOutPanel:1589 - setPackage(No Configuration,No Configuration)
2026-09-17 00:42:37,114 [INFO] UtilMem:75 - Begin LoadConfig() Used Memory: 945850160 Bytes (1073741824)
2026-09-17 00:42:37,120 [INFO] MicroXplorer:468 - Change Database Path : 
2026-09-17 00:42:37,121 [INFO] MicroXplorer:498 - Change Database Version : DB.6.0.150
2026-09-17 00:42:37,121 [INFO] OpenFileManager:355 - Change cursor
2026-09-17 00:42:37,146 [INFO] Mcu:2029 - Initializing MCU STM32F411V(C-E)Tx STM32F411VETx STM32F411VET6
2026-09-17 00:42:38,508 [INFO] Context:786 - Trying to add GPIOservice into a context  which must be forbidden
2026-09-17 00:42:38,900 [INFO] ImportTextPane:234 - (OptionalMessage_ERROR) Pin52 (VP_RIF_VS_RIF1) cannot be retrieved for this MCU
2026-09-17 00:42:38,980 [INFO] RtosManager:558 - Registered RTOS mode: class=CMSIS, group=RTOS, mode=CMSIS_V1, owner=FREERTOS
2026-09-17 00:42:38,981 [INFO] RtosManager:558 - Registered RTOS mode: class=CMSIS, group=RTOS2, mode=CMSIS_V2, owner=FREERTOS
2026-09-17 00:42:38,981 [INFO] RtosManager:558 - Registered RTOS mode: class=RTOS, group=Core, mode=CMSIS_V1, owner=FREERTOS
2026-09-17 00:42:38,981 [INFO] RtosManager:558 - Registered RTOS mode: class=RTOS, group=Core, mode=CMSIS_V2, owner=FREERTOS
2026-09-17 00:42:38,981 [WARN] ModelIntegratedComponent:184 - Missing modes for component STMicroelectronics:FreeRTOS:0.0.1:STMicroelectronics:RTOS:FreeRTOS:Core:::10.2.0:
2026-09-17 00:42:39,007 [WARN] ModelIntegratedComponent:63 - No mode defined for component null
2026-09-17 00:42:39,007 [WARN] ModelIntegratedComponent:63 - No mode defined for component null
2026-09-17 00:42:39,007 [WARN] ModelIntegratedComponent:63 - No mode defined for component null
2026-09-17 00:42:39,007 [WARN] ModelIntegratedComponent:63 - No mode defined for component null
2026-09-17 00:42:39,007 [WARN] ModelIntegratedComponent:63 - No mode defined for component null
2026-09-17 00:42:39,007 [WARN] ModelIntegratedComponent:63 - No mode defined for component null
2026-09-17 00:42:39,007 [WARN] ModelIntegratedComponent:63 - No mode defined for component null
2026-09-17 00:42:39,007 [WARN] ModelIntegratedComponent:63 - No mode defined for component null
2026-09-17 00:42:39,007 [WARN] ModelIntegratedComponent:63 - No mode defined for component null
2026-09-17 00:42:39,007 [WARN] ModelIntegratedComponent:63 - No mode defined for component null
2026-09-17 00:42:39,007 [WARN] ModelIntegratedComponent:63 - No mode defined for component null
2026-09-17 00:42:39,007 [WARN] ModelIntegratedComponent:63 - No mode defined for component null
2026-09-17 00:42:39,007 [WARN] ModelIntegratedComponent:63 - No mode defined for component null
2026-09-17 00:42:39,007 [WARN] ModelIntegratedComponent:63 - No mode defined for component null
2026-09-17 00:42:39,007 [WARN] ModelIntegratedComponent:63 - No mode defined for component null
2026-09-17 00:42:39,007 [WARN] ModelIntegratedComponent:63 - No mode defined for component null
2026-09-17 00:42:39,007 [WARN] ModelIntegratedComponent:63 - No mode defined for component null
2026-09-17 00:42:39,007 [WARN] ModelIntegratedComponent:63 - No mode defined for component null
2026-09-17 00:42:39,007 [WARN] ModelIntegratedComponent:63 - No mode defined for component null
2026-09-17 00:42:39,007 [WARN] ModelIntegratedComponent:63 - No mode defined for component null
2026-09-17 00:42:39,007 [WARN] ModelIntegratedComponent:63 - No mode defined for component null
2026-09-17 00:42:39,007 [WARN] ModelIntegratedComponent:63 - No mode defined for component null
2026-09-17 00:42:39,007 [WARN] ModelIntegratedComponent:63 - No mode defined for component null
2026-09-17 00:42:39,007 [WARN] ModelIntegratedComponent:63 - No mode defined for component null
2026-09-17 00:42:39,007 [WARN] ModelIntegratedComponent:63 - No mode defined for component null
2026-09-17 00:42:39,007 [WARN] ModelIntegratedComponent:63 - No mode defined for component null
2026-09-17 00:42:39,007 [WARN] ModelIntegratedComponent:63 - No mode defined for component null
2026-09-17 00:42:39,008 [WARN] ModelIntegratedComponent:63 - No mode defined for component null
2026-09-17 00:42:39,008 [WARN] ModelIntegratedComponent:63 - No mode defined for component null
2026-09-17 00:42:39,008 [WARN] ModelIntegratedComponent:63 - No mode defined for component null
2026-09-17 00:42:39,008 [WARN] ModelIntegratedComponent:63 - No mode defined for component null
2026-09-17 00:42:39,008 [WARN] ModelIntegratedComponent:63 - No mode defined for component null
2026-09-17 00:42:39,008 [WARN] ModelIntegratedComponent:63 - No mode defined for component null
2026-09-17 00:42:39,008 [WARN] ModelIntegratedComponent:63 - No mode defined for component null
2026-09-17 00:42:39,008 [WARN] ModelIntegratedComponent:63 - No mode defined for component null
2026-09-17 00:42:39,008 [WARN] ModelPack:524 - Component already loaded: STMicroelectronics:HAL Drivers:0.0.0:STMicroelectronics:Device:STMicro_Driver:XSPI:HAL::0.0.1:HAL_XSPI
2026-09-17 00:42:39,011 [WARN] ModelIntegratedComponent:182 - Modes not found for component STMicroelectronics:USB_DEVICE:1.0.0:STMicroelectronics:USB::USB Device:Audio HS::1.0:USB_DEVICE_1_0_RESTRICTED_HS
2026-09-17 00:42:39,011 [WARN] ModelIntegratedComponent:188 - Modes not found for component STMicroelectronics:USB_DEVICE:1.0.0:STMicroelectronics:USB::USB Device:Audio HS::1.0:USB_DEVICE_1_0_RESTRICTED_HS
2026-09-17 00:42:39,011 [WARN] ModelIntegratedComponent:182 - Modes not found for component STMicroelectronics:USB_DEVICE:1.0.0:STMicroelectronics:USB::USB Device:CDC HS::1.0:USB_DEVICE_1_0_RESTRICTED_HS
2026-09-17 00:42:39,011 [WARN] ModelIntegratedComponent:188 - Modes not found for component STMicroelectronics:USB_DEVICE:1.0.0:STMicroelectronics:USB::USB Device:CDC HS::1.0:USB_DEVICE_1_0_RESTRICTED_HS
2026-09-17 00:42:39,011 [WARN] ModelIntegratedComponent:182 - Modes not found for component STMicroelectronics:USB_DEVICE:1.0.0:STMicroelectronics:USB::USB Device:DFU HS::1.0:USB_DEVICE_1_0_RESTRICTED_HS
2026-09-17 00:42:39,011 [WARN] ModelIntegratedComponent:188 - Modes not found for component STMicroelectronics:USB_DEVICE:1.0.0:STMicroelectronics:USB::USB Device:DFU HS::1.0:USB_DEVICE_1_0_RESTRICTED_HS
2026-09-17 00:42:39,011 [WARN] ModelIntegratedComponent:182 - Modes not found for component STMicroelectronics:USB_DEVICE:1.0.0:STMicroelectronics:USB::USB Device:HID HS::1.0:USB_DEVICE_1_0_RESTRICTED_HS
2026-09-17 00:42:39,011 [WARN] ModelIntegratedComponent:188 - Modes not found for component STMicroelectronics:USB_DEVICE:1.0.0:STMicroelectronics:USB::USB Device:HID HS::1.0:USB_DEVICE_1_0_RESTRICTED_HS
2026-09-17 00:42:39,011 [WARN] ModelIntegratedComponent:182 - Modes not found for component STMicroelectronics:USB_DEVICE:1.0.0:STMicroelectronics:USB::USB Device:Custom HID HS::1.0:USB_DEVICE_1_0_RESTRICTED_HS
2026-09-17 00:42:39,011 [WARN] ModelIntegratedComponent:188 - Modes not found for component STMicroelectronics:USB_DEVICE:1.0.0:STMicroelectronics:USB::USB Device:Custom HID HS::1.0:USB_DEVICE_1_0_RESTRICTED_HS
2026-09-17 00:42:39,011 [WARN] ModelIntegratedComponent:182 - Modes not found for component STMicroelectronics:USB_DEVICE:1.0.0:STMicroelectronics:USB::USB Device:MSC HS::1.0:USB_DEVICE_1_0_RESTRICTED_HS
2026-09-17 00:42:39,011 [WARN] ModelIntegratedComponent:188 - Modes not found for component STMicroelectronics:USB_DEVICE:1.0.0:STMicroelectronics:USB::USB Device:MSC HS::1.0:USB_DEVICE_1_0_RESTRICTED_HS
2026-09-17 00:42:39,020 [WARN] ModelIntegratedComponent:182 - Modes not found for component STMicroelectronics:USB_HOST:1.0.0:STMicroelectronics:USB::USB Host:Audio HS::1.0:USB_HOST_1_0_RESTRICTED_HS
2026-09-17 00:42:39,020 [WARN] ModelIntegratedComponent:188 - Modes not found for component STMicroelectronics:USB_HOST:1.0.0:STMicroelectronics:USB::USB Host:Audio HS::1.0:USB_HOST_1_0_RESTRICTED_HS
2026-09-17 00:42:39,020 [WARN] ModelIntegratedComponent:182 - Modes not found for component STMicroelectronics:USB_HOST:1.0.0:STMicroelectronics:USB::USB Host:CDC HS::1.0:USB_HOST_1_0_RESTRICTED_HS
2026-09-17 00:42:39,020 [WARN] ModelIntegratedComponent:188 - Modes not found for component STMicroelectronics:USB_HOST:1.0.0:STMicroelectronics:USB::USB Host:CDC HS::1.0:USB_HOST_1_0_RESTRICTED_HS
2026-09-17 00:42:39,020 [WARN] ModelIntegratedComponent:182 - Modes not found for component STMicroelectronics:USB_HOST:1.0.0:STMicroelectronics:USB::USB Host:MSC HS::1.0:USB_HOST_1_0_RESTRICTED_HS
2026-09-17 00:42:39,020 [WARN] ModelIntegratedComponent:188 - Modes not found for component STMicroelectronics:USB_HOST:1.0.0:STMicroelectronics:USB::USB Host:MSC HS::1.0:USB_HOST_1_0_RESTRICTED_HS
2026-09-17 00:42:39,020 [WARN] ModelIntegratedComponent:182 - Modes not found for component STMicroelectronics:USB_HOST:1.0.0:STMicroelectronics:USB::USB Host:HID HS::1.0:USB_HOST_1_0_RESTRICTED_HS
2026-09-17 00:42:39,020 [WARN] ModelIntegratedComponent:188 - Modes not found for component STMicroelectronics:USB_HOST:1.0.0:STMicroelectronics:USB::USB Host:HID HS::1.0:USB_HOST_1_0_RESTRICTED_HS
2026-09-17 00:42:39,020 [WARN] ModelIntegratedComponent:182 - Modes not found for component STMicroelectronics:USB_HOST:1.0.0:STMicroelectronics:USB::USB Host:MTP HS::1.0:USB_HOST_1_0_RESTRICTED_HS
2026-09-17 00:42:39,020 [WARN] ModelIntegratedComponent:188 - Modes not found for component STMicroelectronics:USB_HOST:1.0.0:STMicroelectronics:USB::USB Host:MTP HS::1.0:USB_HOST_1_0_RESTRICTED_HS
2026-09-17 00:42:39,095 [INFO] ThirdPartyModel:298 - Start build external matchings
2026-09-17 00:42:39,624 [INFO] ThirdPartyModel:316 - End build external matchings
2026-09-17 00:42:39,657 [INFO] ImportTextPane:234 - (OptionalMessage_ERROR) IP (RCC) : Parameter (I2SClocksFreq_Value) has invalid value (320000000)
2026-09-17 00:42:39,658 [INFO] ImportTextPane:234 - (OptionalMessage_ERROR) IP (RCC) : Parameter (RTCHSEDivFreq_Value) has invalid value (4000000)
2026-09-17 00:42:39,904 [INFO] UtilMem:75 - End LoadConfig() Used Memory: 953600928 Bytes (1073741824)
2026-09-17 00:42:40,042 [WARN] ThirdParty:833 - waiting for thirdparty lock release [change project]
2026-09-17 00:42:40,051 [INFO] ThirdParty:835 - entering critical section [change project]
2026-09-17 00:42:40,052 [INFO] ThirdParty:1030 - CMSIS Pack Vendor :STMicroelectronics X-CUBE-AZRTOS-H7 3.5.0
2026-09-17 00:42:40,052 [INFO] ThirdParty:1030 - CMSIS Pack Vendor :STMicroelectronics X-CUBE-PM33A1 1.0.0
2026-09-17 00:42:40,052 [INFO] ThirdParty:1030 - CMSIS Pack Vendor :STMicroelectronics USBPD 4.1
2026-09-17 00:42:40,052 [INFO] ThirdParty:1030 - CMSIS Pack Vendor :STMicroelectronics USB_HOST 2.0.0
2026-09-17 00:42:40,052 [INFO] ThirdParty:1030 - CMSIS Pack Vendor :STMicroelectronics FP-SNS-MOTENVWB1 1.4.0
2026-09-17 00:42:40,052 [INFO] ThirdParty:1030 - CMSIS Pack Vendor :STMicroelectronics FP-ATR-ASTRA1 2.0.3
2026-09-17 00:42:40,052 [INFO] ThirdParty:1030 - CMSIS Pack Vendor :STMicroelectronics X-CUBE-AZRTOS-F4 1.1.0
2026-09-17 00:42:40,052 [INFO] ThirdParty:1030 - CMSIS Pack Vendor :STMicroelectronics LIBJPEG 8.0.0
2026-09-17 00:42:40,052 [INFO] ThirdParty:1030 - CMSIS Pack Vendor :STMicroelectronics FP-ATR-ASTRA1 2.0.2
2026-09-17 00:42:40,052 [INFO] ThirdParty:1030 - CMSIS Pack Vendor :Avnet-IotConnect X-CUBE-IoTC-DA16k-PMOD 1.0.0
2026-09-17 00:42:40,052 [INFO] ThirdParty:1030 - CMSIS Pack Vendor :STMicroelectronics X-CUBE-SMBUS 2.1.0
2026-09-17 00:42:40,052 [INFO] ThirdParty:1030 - CMSIS Pack Vendor :STMicroelectronics X-CUBE-ISPU 2.1.0
2026-09-17 00:42:40,052 [INFO] ThirdParty:1030 - CMSIS Pack Vendor :STMicroelectronics X-CUBE-IPS 3.2.0
2026-09-17 00:42:40,052 [INFO] ThirdParty:1030 - CMSIS Pack Vendor :STMicroelectronics eDS-WB_DPC_TT-BIDIR 2.1.1
2026-09-17 00:42:40,052 [INFO] ThirdParty:1030 - CMSIS Pack Vendor :STMicroelectronics X-CUBE-ST60 1.0.0
2026-09-17 00:42:40,052 [INFO] ThirdParty:1030 - CMSIS Pack Vendor :STMicroelectronics X-CUBE-NFC12 1.0.0
2026-09-17 00:42:40,052 [INFO] ThirdParty:1030 - CMSIS Pack Vendor :STMicroelectronics X-CUBE-AZRTOS-F7 1.1.0
2026-09-17 00:42:40,052 [INFO] ThirdParty:1030 - CMSIS Pack Vendor :STMicroelectronics X-CUBE-AZRTOS-L5 2.0.0
2026-09-17 00:42:40,052 [INFO] ThirdParty:1030 - CMSIS Pack Vendor :STMicroelectronics USB_DEVICE 2.0.0
2026-09-17 00:42:40,052 [INFO] ThirdParty:1030 - CMSIS Pack Vendor :STMicroelectronics X-CUBE-FREERTOS 1.6.0
2026-09-17 00:42:40,052 [INFO] ThirdParty:1030 - CMSIS Pack Vendor :STMicroelectronics X-CUBE-NFC6 3.1.0
2026-09-17 00:42:40,052 [INFO] ThirdParty:1030 - CMSIS Pack Vendor :STMicroelectronics X-CUBE-ALGOBUILD 1.5.0
2026-09-17 00:42:40,052 [INFO] ThirdParty:1030 - CMSIS Pack Vendor :STMicroelectronics FP-SNS-MOTENV1 5.1.0
2026-09-17 00:42:40,052 [INFO] ThirdParty:1030 - CMSIS Pack Vendor :STMicroelectronics FreeRTOS 0.0.1
2026-09-17 00:42:40,052 [INFO] ThirdParty:1030 - CMSIS Pack Vendor :STMicroelectronics X-CUBE-AZRTOS-H7RS 1.3.0
2026-09-17 00:42:40,052 [INFO] ThirdParty:1030 - CMSIS Pack Vendor :STMicroelectronics eDS-WB_DPC_VIENNA 1.2.0
2026-09-17 00:42:40,052 [INFO] ThirdParty:1030 - CMSIS Pack Vendor :WES I-CUBE-Cesium 1.4.0
2026-09-17 00:42:40,052 [INFO] ThirdParty:1030 - CMSIS Pack Vendor :STMicroelectronics X-CUBE-MEMS1 13.0.0
2026-09-17 00:42:40,052 [INFO] ThirdParty:1030 - CMSIS Pack Vendor :STMicroelectronics eDS-WB_DPC_3PH2L-BIDIR 1.1.1
2026-09-17 00:42:40,052 [INFO] ThirdParty:1030 - CMSIS Pack Vendor :Infineon AIROC-Wi-Fi-Bluetooth-STM32 1.7.1
2026-09-17 00:42:40,052 [INFO] ThirdParty:1030 - CMSIS Pack Vendor :STMicroelectronics PDM2PCM 3.3.0
2026-09-17 00:42:40,052 [INFO] ThirdParty:1030 - CMSIS Pack Vendor :STMicroelectronics X-CUBE-AZRTOS-H7 3.4.0
2026-09-17 00:42:40,052 [INFO] ThirdParty:1030 - CMSIS Pack Vendor :STMicroelectronics X-CUBE-DISPLAY 3.0.0
2026-09-17 00:42:40,052 [INFO] ThirdParty:1030 - CMSIS Pack Vendor :STMicroelectronics X-CUBE-GNSS1 7.1.1
2026-09-17 00:42:40,052 [INFO] ThirdParty:1030 - CMSIS Pack Vendor :STMicroelectronics FP-SNS-MOTENVWB1 1.5.0
2026-09-17 00:42:40,052 [INFO] ThirdParty:1030 - CMSIS Pack Vendor :STMicroelectronics X-CUBE-NFC10 1.0.0
2026-09-17 00:42:40,052 [INFO] ThirdParty:1030 - CMSIS Pack Vendor :STMicroelectronics X-CUBE-FREERTOS 1.3.1
2026-09-17 00:42:40,052 [INFO] ThirdParty:1030 - CMSIS Pack Vendor :STMicroelectronics HAL Drivers 0.0.0
2026-09-17 00:42:40,052 [INFO] ThirdParty:1030 - CMSIS Pack Vendor :STMicroelectronics X-CUBE-ST60 1.1.0
2026-09-17 00:42:40,052 [INFO] ThirdParty:1030 - CMSIS Pack Vendor :emotas I-CUBE-CANOPEN 1.3.0
2026-09-17 00:42:40,052 [INFO] ThirdParty:1030 - CMSIS Pack Vendor :STMicroelectronics MBEDTLS 2.14.1
2026-09-17 00:42:40,052 [INFO] ThirdParty:1030 - CMSIS Pack Vendor :STMicroelectronics X-CUBE-TOUCHGFX 4.26.1
2026-09-17 00:42:40,052 [INFO] ThirdParty:1030 - CMSIS Pack Vendor :STMicroelectronics FP-SNS-STBOX1 2.1.0
2026-09-17 00:42:40,052 [INFO] ThirdParty:1030 - CMSIS Pack Vendor :STMicroelectronics FP-SNS-STAIOTCFT 1.0.0
2026-09-17 00:42:40,052 [INFO] ThirdParty:1030 - CMSIS Pack Vendor :STMicroelectronics FP-SNS-SMARTAG2 1.2.0
2026-09-17 00:42:40,052 [INFO] ThirdParty:1030 - CMSIS Pack Vendor :STMicroelectronics FP-SNS-FLIGHT1 5.1.0
2026-09-17 00:42:40,052 [INFO] ThirdParty:1030 - CMSIS Pack Vendor :STMicroelectronics X-CUBE-AZRTOS-WL 2.0.0
2026-09-17 00:42:40,052 [INFO] ThirdParty:1030 - CMSIS Pack Vendor :STMicroelectronics X-CUBE-DPower 1.3.0
2026-09-17 00:42:40,052 [INFO] ThirdParty:1030 - CMSIS Pack Vendor :STMicroelectronics FP-SNS-MOTENV1 5.0.0
2026-09-17 00:42:40,052 [INFO] ThirdParty:1030 - CMSIS Pack Vendor :STMicroelectronics USB_DEVICE 1.0.0
2026-09-17 00:42:40,052 [INFO] ThirdParty:1030 - CMSIS Pack Vendor :STMicroelectronics X-CUBE-AZRTOS-H7RS 1.2.0
2026-09-17 00:42:40,052 [INFO] ThirdParty:1030 - CMSIS Pack Vendor :STMicroelectronics X-CUBE-AZRTOS-L4 2.0.0
2026-09-17 00:42:40,052 [INFO] ThirdParty:1030 - CMSIS Pack Vendor :STMicroelectronics ThreadX 0.0.2
2026-09-17 00:42:40,053 [INFO] ThirdParty:1030 - CMSIS Pack Vendor :WES I-CUBE-Cesium 1.3.0
2026-09-17 00:42:40,053 [INFO] ThirdParty:1030 - CMSIS Pack Vendor :STMicroelectronics lwIP 2.1.2
2026-09-17 00:42:40,053 [INFO] ThirdParty:1030 - CMSIS Pack Vendor :STMicroelectronics X-CUBE-SFXS2LP1 4.0.0
2026-09-17 00:42:40,053 [INFO] ThirdParty:1030 - CMSIS Pack Vendor :STMicroelectronics X-CUBE-BLE2 3.3.0
2026-09-17 00:42:40,053 [INFO] ThirdParty:1030 - CMSIS Pack Vendor :Avnet-IOTCONNECT X-CUBE-iotc-st67-sdk 1.0.0
2026-09-17 00:42:40,053 [INFO] ThirdParty:1030 - CMSIS Pack Vendor :STMicroelectronics PDM2PCM 3.2.0
2026-09-17 00:42:40,053 [INFO] ThirdParty:1030 - CMSIS Pack Vendor :STMicroelectronics X-CUBE-WB05N 2.1.0
2026-09-17 00:42:40,053 [INFO] ThirdParty:1030 - CMSIS Pack Vendor :STMicroelectronics X-CUBE-NFC9 1.0.0
2026-09-17 00:42:40,053 [INFO] ThirdParty:1030 - CMSIS Pack Vendor :wolfSSL I-CUBE-wolfSSL 5.8.2
2026-09-17 00:42:40,053 [INFO] ThirdParty:1030 - CMSIS Pack Vendor :STMicroelectronics X-CUBE-BLE1 7.1.0
2026-09-17 00:42:40,053 [INFO] ThirdParty:1030 - CMSIS Pack Vendor :wolfSSL I-CUBE-wolfMQTT 1.19.2
2026-09-17 00:42:40,053 [INFO] ThirdParty:1030 - CMSIS Pack Vendor :STMicroelectronics USB_DEVICE 3.0.0
2026-09-17 00:42:40,053 [INFO] ThirdParty:1030 - CMSIS Pack Vendor :STMicroelectronics X-CUBE-EEPRMA1 5.2.0
2026-09-17 00:42:40,053 [INFO] ThirdParty:1030 - CMSIS Pack Vendor :STMicroelectronics X-CUBE-BLEMGR 4.1.0
2026-09-17 00:42:40,053 [INFO] ThirdParty:1030 - CMSIS Pack Vendor :STMicroelectronics X-CUBE-AZRTOS-WB 2.0.0
2026-09-17 00:42:40,053 [INFO] ThirdParty:1030 - CMSIS Pack Vendor :STMicroelectronics X-CUBE-GNSS1 7.0.1
2026-09-17 00:42:40,053 [INFO] ThirdParty:1030 - CMSIS Pack Vendor :STMicroelectronics X-CUBE-TOUCHGFX 4.25.0
2026-09-17 00:42:40,053 [INFO] ThirdParty:1030 - CMSIS Pack Vendor :STMicroelectronics FP-SNS-STAIOTCFT 1.1.0
2026-09-17 00:42:40,053 [INFO] ThirdParty:1030 - CMSIS Pack Vendor :quantropi X-CUBE-qispace-sdk-base 2.1.0
2026-09-17 00:42:40,053 [INFO] ThirdParty:1030 - CMSIS Pack Vendor :STMicroelectronics X-CUBE-STSE01 2.0.0
2026-09-17 00:42:40,053 [INFO] ThirdParty:1030 - CMSIS Pack Vendor :STMicroelectronics X-CUBE-AZRTOS-G0 1.1.0
2026-09-17 00:42:40,053 [INFO] ThirdParty:1030 - CMSIS Pack Vendor :STMicroelectronics X-CUBE-SAFEA1 1.2.2
2026-09-17 00:42:40,053 [INFO] ThirdParty:1030 - CMSIS Pack Vendor :STMicroelectronics X-CUBE-NFC4 3.0.0
2026-09-17 00:42:40,053 [INFO] ThirdParty:1030 - CMSIS Pack Vendor :STMicroelectronics X-CUBE-SUBG2 5.0.0
2026-09-17 00:42:40,053 [INFO] ThirdParty:1030 - CMSIS Pack Vendor :STMicroelectronics X-CUBE-AZRTOS-H7RS 1.1.0
2026-09-17 00:42:40,053 [INFO] ThirdParty:1030 - CMSIS Pack Vendor :STMicroelectronics STM32_WPAN 1.0.0
2026-09-17 00:42:40,053 [INFO] ThirdParty:1030 - CMSIS Pack Vendor :EmbeddedOffice I-CUBE-FS-RTOS 1.0.1
2026-09-17 00:42:40,053 [INFO] ThirdParty:1030 - CMSIS Pack Vendor :STMicroelectronics lwIP 2.0.3
2026-09-17 00:42:40,053 [INFO] ThirdParty:1030 - CMSIS Pack Vendor :Cesanta I-CUBE-Mongoose 7.13.0
2026-09-17 00:42:40,053 [INFO] ThirdParty:1030 - CMSIS Pack Vendor :STMicroelectronics USB_HOST 1.0.0
2026-09-17 00:42:40,055 [INFO] ThirdParty:1030 - CMSIS Pack Vendor :STMicroelectronics X-CUBE-AZRTOS-G4 2.0.0
2026-09-17 00:42:40,056 [INFO] ThirdParty:1030 - CMSIS Pack Vendor :STMicroelectronics X-CUBE-WB05N 2.0.0
2026-09-17 00:42:40,056 [INFO] ThirdParty:1030 - CMSIS Pack Vendor :STMicroelectronics PDM2PCM 3.1.0
2026-09-17 00:42:40,056 [INFO] ThirdParty:1030 - CMSIS Pack Vendor :wolfSSL I-CUBE-wolfTPM 3.8.0
2026-09-17 00:42:40,056 [INFO] ThirdParty:1030 - CMSIS Pack Vendor :wolfSSL I-CUBE-wolfSSH 1.4.20
2026-09-17 00:42:40,056 [INFO] ThirdParty:1030 - CMSIS Pack Vendor :STMicroelectronics X-CUBE-NFC7 2.0.0
2026-09-17 00:42:40,056 [INFO] ThirdParty:1030 - CMSIS Pack Vendor :STMicroelectronics X-CUBE-TCPP 4.2.0
2026-09-17 00:42:40,056 [INFO] ThirdParty:1030 - CMSIS Pack Vendor :RealThread X-CUBE-RT-Thread_Nano 4.1.1
2026-09-17 00:42:40,056 [INFO] ThirdParty:1030 - CMSIS Pack Vendor :STMicroelectronics FP-ATR-SIGFOX1 3.2.0
2026-09-17 00:42:40,056 [INFO] ThirdParty:1030 - CMSIS Pack Vendor :STMicroelectronics X-CUBE-FREERTOS 1.5.0
2026-09-17 00:42:40,056 [INFO] ThirdParty:1030 - CMSIS Pack Vendor :STMicroelectronics MBEDTLS 2.16.2
2026-09-17 00:42:40,056 [INFO] ThirdParty:1030 - CMSIS Pack Vendor :STMicroelectronics X-CUBE-IPS 3.1.0
2026-09-17 00:42:40,056 [INFO] ThirdParty:1030 - CMSIS Pack Vendor :STMicroelectronics X-CUBE-ALS 1.0.2
2026-09-17 00:42:40,056 [INFO] ThirdParty:1030 - CMSIS Pack Vendor :ITTIA_DB I-CUBE-ITTIADB 8.9.0
2026-09-17 00:42:40,056 [INFO] ThirdParty:1030 - CMSIS Pack Vendor :portGmbH I-Cube-SoM-uGOAL 1.1.0
2026-09-17 00:42:40,056 [INFO] ThirdParty:1030 - CMSIS Pack Vendor :STMicroelectronics X-CUBE-NFC6 3.2.0
2026-09-17 00:42:40,056 [INFO] ThirdParty:1030 - CMSIS Pack Vendor :STMicroelectronics X-CUBE-ST67W61 1.0.0
2026-09-17 00:42:40,056 [INFO] ThirdParty:1030 - CMSIS Pack Vendor :STMicroelectronics X-CUBE-AI 10.2.1
2026-09-17 00:42:40,056 [INFO] ThirdParty:1030 - CMSIS Pack Vendor :STMicroelectronics X-CUBE-AI 10.2.0
2026-09-17 00:42:40,056 [INFO] ThirdParty:1030 - CMSIS Pack Vendor :STMicroelectronics ThreadX 1.0.0
2026-09-17 00:42:40,056 [INFO] ThirdParty:1030 - CMSIS Pack Vendor :STMicroelectronics X-CUBE-MEMS1 12.1.0
2026-09-17 00:42:40,056 [INFO] ThirdParty:1030 - CMSIS Pack Vendor :SEGGER I-CUBE-embOS 1.3.1
2026-09-17 00:42:40,056 [INFO] ThirdParty:1030 - CMSIS Pack Vendor :STMicroelectronics X-CUBE-ALGOBUILD 1.4.0
2026-09-17 00:42:40,056 [INFO] ThirdParty:1030 - CMSIS Pack Vendor :STMicroelectronics X-CUBE-MEMS1 11.3.0
2026-09-17 00:42:40,056 [INFO] ThirdParty:1030 - CMSIS Pack Vendor :STMicroelectronics X-CUBE-TOF1 3.4.3
2026-09-17 00:42:40,056 [INFO] ThirdParty:1030 - CMSIS Pack Vendor :STMicroelectronics X-CUBE-NFC13 1.0.0
2026-09-17 00:42:40,058 [INFO] ThirdParty:841 - exiting critical section [change project]
2026-09-17 00:42:40,640 [INFO] PinOutPanel:1589 - setPackage(No Configuration,No Configuration)
2026-09-17 00:42:40,643 [INFO] PinOutPanel:1589 - setPackage(STM32F411VETx,LQFP100)
2026-09-17 00:42:41,162 [INFO] UtilMem:75 - Before build in PCC Used Memory: 701025808 Bytes (1073741824)
2026-09-17 00:42:42,037 [INFO] UtilMem:75 - After build in PCC Used Memory: 730385936 Bytes (1073741824)
2026-09-17 00:42:42,160 [INFO] IPUIPlugin:80 - create IPUIPlugin
2026-09-17 00:42:42,166 [INFO] IPUIPlugin:80 - create IPUIPlugin
2026-09-17 00:42:42,166 [INFO] IPUIPlugin:80 - create IPUIPlugin
2026-09-17 00:42:42,167 [INFO] IPUIPlugin:80 - create IPUIPlugin
2026-09-17 00:42:42,167 [INFO] IPUIPlugin:80 - create IPUIPlugin
2026-09-17 00:42:42,167 [INFO] IPUIPlugin:80 - create IPUIPlugin
2026-09-17 00:42:42,167 [INFO] IPUIPlugin:80 - create IPUIPlugin
2026-09-17 00:42:42,168 [INFO] IPUIPlugin:80 - create IPUIPlugin
2026-09-17 00:42:42,168 [INFO] IPUIPlugin:80 - create IPUIPlugin
2026-09-17 00:42:42,187 [INFO] IPUIPlugin:80 - create IPUIPlugin
2026-09-17 00:42:42,187 [INFO] IPUIPlugin:80 - create IPUIPlugin
2026-09-17 00:42:42,187 [INFO] IPUIPlugin:80 - create IPUIPlugin
2026-09-17 00:42:42,188 [INFO] IPUIPlugin:80 - create IPUIPlugin
2026-09-17 00:42:42,188 [INFO] IPUIPlugin:80 - create IPUIPlugin
2026-09-17 00:42:42,188 [INFO] IPUIPlugin:80 - create IPUIPlugin
2026-09-17 00:42:42,188 [INFO] IPUIPlugin:80 - create IPUIPlugin
2026-09-17 00:42:42,189 [INFO] IPUIPlugin:80 - create IPUIPlugin
2026-09-17 00:42:42,189 [INFO] IPUIPlugin:80 - create IPUIPlugin
2026-09-17 00:42:42,191 [INFO] IPUIPlugin:80 - create IPUIPlugin
2026-09-17 00:42:42,192 [INFO] IPUIPlugin:80 - create IPUIPlugin
2026-09-17 00:42:42,192 [INFO] IPUIPlugin:80 - create IPUIPlugin
2026-09-17 00:42:42,192 [INFO] IPUIPlugin:80 - create IPUIPlugin
2026-09-17 00:42:42,192 [INFO] IPUIPlugin:80 - create IPUIPlugin
2026-09-17 00:42:42,192 [INFO] IPUIPlugin:80 - create IPUIPlugin
2026-09-17 00:42:42,192 [INFO] IPUIPlugin:80 - create IPUIPlugin
2026-09-17 00:42:42,192 [INFO] IPUIPlugin:80 - create IPUIPlugin
2026-09-17 00:42:42,192 [INFO] IPUIPlugin:80 - create IPUIPlugin
2026-09-17 00:42:42,193 [INFO] IPUIPlugin:80 - create IPUIPlugin
2026-09-17 00:42:42,193 [INFO] IPUIPlugin:80 - create IPUIPlugin
2026-09-17 00:42:42,193 [INFO] IPUIPlugin:80 - create IPUIPlugin
2026-09-17 00:42:42,193 [INFO] IPUIPlugin:80 - create IPUIPlugin
2026-09-17 00:42:42,193 [INFO] IPUIPlugin:80 - create IPUIPlugin
2026-09-17 00:42:42,193 [INFO] IPUIPlugin:80 - create IPUIPlugin
2026-09-17 00:42:42,193 [INFO] IPUIPlugin:80 - create IPUIPlugin
2026-09-17 00:42:42,193 [INFO] IPUIPlugin:80 - create IPUIPlugin
2026-09-17 00:42:42,193 [INFO] IPUIPlugin:80 - create IPUIPlugin
2026-09-17 00:42:42,193 [INFO] IPUIPlugin:80 - create IPUIPlugin
2026-09-17 00:42:42,194 [INFO] IPUIPlugin:80 - create IPUIPlugin
2026-09-17 00:42:42,194 [INFO] IPUIPlugin:80 - create IPUIPlugin
2026-09-17 00:42:42,194 [INFO] IPUIPlugin:80 - create IPUIPlugin
2026-09-17 00:42:42,194 [INFO] IPUIPlugin:80 - create IPUIPlugin
2026-09-17 00:42:42,195 [INFO] IPUIPlugin:80 - create IPUIPlugin
2026-09-17 00:42:42,195 [INFO] IPUIPlugin:80 - create IPUIPlugin
2026-09-17 00:42:42,216 [INFO] ApiDbMcu:532 - Load IP Config File for PDM2PCM
2026-09-17 00:42:42,362 [INFO] CADModel:165 - CPN selected for project levelSTM32F411VET6
2026-09-17 00:42:42,362 [INFO] CADModel:114 - Register for checkConnection events
2026-09-17 00:42:42,414 [INFO] OpenFileManager:386 - Restore cursor
